2024-09-22 06:05:14.083 [info] 正在验证在以下位置中找到的 git: git
2024-09-22 06:05:14.083 [info] 将使用位于 git 的 Git 2.34.1
2024-09-22 06:05:14.084 [info] > git rev-parse --show-toplevel [143ms]
2024-09-22 06:05:14.084 [info] > git rev-parse --git-dir --git-common-dir [15ms]
2024-09-22 06:05:14.084 [info] Log level: Info
2024-09-22 06:05:14.084 [info] Open repository: /root
2024-09-22 06:05:14.084 [info] > git remote --verbose [75ms]
2024-09-22 06:05:14.084 [info] > git for-each-ref --sort -committerdate --format %(refname) %(objectname) %(*objectname) [90ms]
2024-09-22 06:05:14.084 [info] > git config --get commit.template [27ms]
2024-09-22 06:05:14.084 [info] > git rev-parse --show-toplevel [59ms]
2024-09-22 06:05:14.084 [info] > git status -z -uall [120ms]
2024-09-22 06:05:14.084 [info] > git rev-parse --git-dir --git-common-dir [32ms]
2024-09-22 06:05:14.084 [info] Log level: Info
2024-09-22 06:05:14.084 [info] Open repository: /root/thsunest01
2024-09-22 06:05:14.084 [info] > git remote --verbose [467ms]
2024-09-22 06:05:14.084 [info] > git for-each-ref --sort -committerdate --format %(refname) %(objectname) %(*objectname) [481ms]
2024-09-22 06:05:14.084 [info] > git for-each-ref --format=%(refname)%00%(upstream:short)%00%(objectname)%00%(upstream:track)%00%(upstream:remotename)%00%(upstream:remoteref) refs/heads/master refs/remotes/master [519ms]
2024-09-22 06:05:14.084 [info] > git status -z -uall [176ms]
2024-09-22 06:05:14.084 [info] > git remote --verbose [194ms]
2024-09-22 06:05:14.084 [info] > git for-each-ref --sort -committerdate --format %(refname) %(objectname) %(*objectname) [214ms]
2024-09-22 06:05:14.084 [info] > git config --get commit.template [329ms]
2024-09-22 06:05:14.084 [info] > git rev-parse --show-toplevel [735ms]
2024-09-22 06:05:14.084 [info] > git config --get commit.template [42ms]
2024-09-22 06:05:14.084 [info] > git rev-parse --show-toplevel [88ms]
2024-09-22 06:05:14.084 [info] > git for-each-ref --format=%(refname)%00%(upstream:short)%00%(objectname)%00%(upstream:track)%00%(upstream:remotename)%00%(upstream:remoteref) refs/heads/master refs/remotes/master [87ms]
2024-09-22 06:05:14.084 [info] > git for-each-ref --format=%(refname)%00%(upstream:short)%00%(objectname)%00%(upstream:track)%00%(upstream:remotename)%00%(upstream:remoteref) refs/heads/th refs/remotes/th [155ms]
2024-09-22 06:05:14.084 [info] > git rev-parse --show-toplevel [51ms]
2024-09-22 06:05:14.084 [info] > git check-ignore -v -z --stdin [26ms]
2024-09-22 06:05:14.084 [info] > git check-ignore -v -z --stdin [28ms]
2024-09-22 06:05:14.384 [info] > git status -z -uall [1763ms]
2024-09-22 06:05:15.001 [info] > git check-ignore -v -z --stdin [226ms]
2024-09-22 06:05:15.002 [info] > git check-ignore -v -z --stdin [43ms]
2024-09-22 06:05:15.004 [info] > git remote --verbose [582ms]
2024-09-22 06:05:15.005 [info] > git for-each-ref --sort -committerdate --format %(refname) %(objectname) %(*objectname) [596ms]
2024-09-22 06:05:15.012 [info] > git config --get commit.template [25ms]
2024-09-22 06:05:15.072 [info] > git for-each-ref --format=%(refname)%00%(upstream:short)%00%(objectname)%00%(upstream:track)%00%(upstream:remotename)%00%(upstream:remoteref) refs/heads/th refs/remotes/th [38ms]
2024-09-22 06:05:15.195 [info] > git remote --verbose [38ms]
2024-09-22 06:05:15.196 [info] > git for-each-ref --sort -committerdate --format %(refname) %(objectname) %(*objectname) [57ms]
2024-09-22 06:05:15.239 [info] > git config --get commit.template [47ms]
2024-09-22 06:05:15.247 [info] > git for-each-ref --format=%(refname)%00%(upstream:short)%00%(objectname)%00%(upstream:track)%00%(upstream:remotename)%00%(upstream:remoteref) refs/heads/master refs/remotes/master [14ms]
2024-09-22 06:05:15.328 [info] > git status -z -uall [156ms]
2024-09-22 06:05:15.673 [info] > git status -z -uall [1232ms]
2024-09-22 06:05:19.453 [info] > git check-ignore -v -z --stdin [17ms]
2024-09-22 06:05:21.327 [info] > git check-ignore -v -z --stdin [36ms]
2024-09-22 06:05:22.230 [info] > git remote --verbose [60ms]
2024-09-22 06:05:22.231 [info] > git for-each-ref --sort -committerdate --format %(refname) %(objectname) %(*objectname) [90ms]
2024-09-22 06:05:22.263 [info] > git config --get commit.template [38ms]
2024-09-22 06:05:22.276 [info] > git for-each-ref --format=%(refname)%00%(upstream:short)%00%(objectname)%00%(upstream:track)%00%(upstream:remotename)%00%(upstream:remoteref) refs/heads/master refs/remotes/master [18ms]
2024-09-22 06:05:22.317 [info] > git status -z -uall [120ms]
2024-09-22 06:05:27.408 [info] > git remote --verbose [36ms]
2024-09-22 06:05:27.409 [info] > git for-each-ref --sort -committerdate --format %(refname) %(objectname) %(*objectname) [56ms]
2024-09-22 06:05:27.432 [info] > git config --get commit.template [26ms]
2024-09-22 06:05:27.446 [info] > git for-each-ref --format=%(refname)%00%(upstream:short)%00%(objectname)%00%(upstream:track)%00%(upstream:remotename)%00%(upstream:remoteref) refs/heads/master refs/remotes/master [17ms]
2024-09-22 06:05:27.468 [info] > git status -z -uall [80ms]
2024-09-22 06:05:32.574 [info] > git remote --verbose [42ms]
2024-09-22 06:05:32.576 [info] > git for-each-ref --sort -committerdate --format %(refname) %(objectname) %(*objectname) [64ms]
2024-09-22 06:05:32.602 [info] > git config --get commit.template [30ms]
2024-09-22 06:05:32.619 [info] > git for-each-ref --format=%(refname)%00%(upstream:short)%00%(objectname)%00%(upstream:track)%00%(upstream:remotename)%00%(upstream:remoteref) refs/heads/master refs/remotes/master [22ms]
2024-09-22 06:05:32.663 [info] > git status -z -uall [113ms]
2024-09-22 06:05:37.747 [info] > git remote --verbose [26ms]
2024-09-22 06:05:37.748 [info] > git for-each-ref --sort -committerdate --format %(refname) %(objectname) %(*objectname) [39ms]
2024-09-22 06:05:37.766 [info] > git config --get commit.template [19ms]
2024-09-22 06:05:37.779 [info] > git for-each-ref --format=%(refname)%00%(upstream:short)%00%(objectname)%00%(upstream:track)%00%(upstream:remotename)%00%(upstream:remoteref) refs/heads/master refs/remotes/master [16ms]
2024-09-22 06:05:37.827 [info] > git status -z -uall [95ms]
2024-09-22 06:05:39.417 [info] > git check-ignore -v -z --stdin [17ms]
2024-09-22 06:05:42.917 [info] > git remote --verbose [40ms]
2024-09-22 06:05:42.918 [info] > git for-each-ref --sort -committerdate --format %(refname) %(objectname) %(*objectname) [54ms]
2024-09-22 06:05:42.946 [info] > git config --get commit.template [31ms]
2024-09-22 06:05:42.960 [info] > git for-each-ref --format=%(refname)%00%(upstream:short)%00%(objectname)%00%(upstream:track)%00%(upstream:remotename)%00%(upstream:remoteref) refs/heads/master refs/remotes/master [16ms]
2024-09-22 06:05:43.040 [info] > git status -z -uall [144ms]
2024-09-22 06:05:44.870 [info] > git remote --verbose [17ms]
2024-09-22 06:05:44.871 [info] > git for-each-ref --sort -committerdate --format %(refname) %(objectname) %(*objectname) [34ms]
2024-09-22 06:05:45.426 [info] > git config --get commit.template [310ms]
2024-09-22 06:05:45.442 [info] > git for-each-ref --format=%(refname)%00%(upstream:short)%00%(objectname)%00%(upstream:track)%00%(upstream:remotename)%00%(upstream:remoteref) refs/heads/th refs/remotes/th [19ms]
2024-09-22 06:05:46.051 [info] > git status -z -uall [1185ms]
2024-09-22 06:05:48.115 [info] > git remote --verbose [29ms]
2024-09-22 06:05:48.115 [info] > git for-each-ref --sort -committerdate --format %(refname) %(objectname) %(*objectname) [44ms]
2024-09-22 06:05:48.134 [info] > git config --get commit.template [22ms]
2024-09-22 06:05:48.142 [info] > git for-each-ref --format=%(refname)%00%(upstream:short)%00%(objectname)%00%(upstream:track)%00%(upstream:remotename)%00%(upstream:remoteref) refs/heads/master refs/remotes/master [10ms]
2024-09-22 06:05:48.165 [info] > git status -z -uall [68ms]
2024-09-22 06:05:51.716 [info] > git remote --verbose [592ms]
2024-09-22 06:05:51.717 [info] > git for-each-ref --sort -committerdate --format %(refname) %(objectname) %(*objectname) [618ms]
2024-09-22 06:05:51.732 [info] > git config --get commit.template [509ms]
2024-09-22 06:05:51.772 [info] > git for-each-ref --format=%(refname)%00%(upstream:short)%00%(objectname)%00%(upstream:track)%00%(upstream:remotename)%00%(upstream:remoteref) refs/heads/th refs/remotes/th [17ms]
2024-09-22 06:05:52.224 [info] > git status -z -uall [1081ms]
2024-09-22 06:05:53.224 [info] > git remote --verbose [20ms]
2024-09-22 06:05:53.224 [info] > git for-each-ref --sort -committerdate --format %(refname) %(objectname) %(*objectname) [34ms]
2024-09-22 06:05:53.256 [info] > git config --get commit.template [19ms]
2024-09-22 06:05:53.267 [info] > git for-each-ref --format=%(refname)%00%(upstream:short)%00%(objectname)%00%(upstream:track)%00%(upstream:remotename)%00%(upstream:remoteref) refs/heads/master refs/remotes/master [13ms]
2024-09-22 06:05:53.298 [info] > git status -z -uall [82ms]
2024-09-22 06:05:57.373 [info] > git remote --verbose [83ms]
2024-09-22 06:05:57.378 [info] > git for-each-ref --sort -committerdate --format %(refname) %(objectname) %(*objectname) [114ms]
2024-09-22 06:05:57.689 [info] > git for-each-ref --format=%(refname)%00%(upstream:short)%00%(objectname)%00%(upstream:track)%00%(upstream:remotename)%00%(upstream:remoteref) refs/heads/th refs/remotes/th [54ms]
2024-09-22 06:05:57.692 [info] > git config --get commit.template [321ms]
2024-09-22 06:05:58.380 [info] > git remote --verbose [45ms]
2024-09-22 06:05:58.380 [info] > git for-each-ref --sort -committerdate --format %(refname) %(objectname) %(*objectname) [59ms]
2024-09-22 06:05:58.384 [info] > git config --get commit.template [10ms]
2024-09-22 06:05:58.409 [info] > git for-each-ref --format=%(refname)%00%(upstream:short)%00%(objectname)%00%(upstream:track)%00%(upstream:remotename)%00%(upstream:remoteref) refs/heads/master refs/remotes/master [9ms]
2024-09-22 06:05:58.425 [info] > git status -z -uall [76ms]
2024-09-22 06:05:58.810 [info] > git status -z -uall [1486ms]
2024-09-22 06:06:03.540 [info] > git remote --verbose [51ms]
2024-09-22 06:06:03.541 [info] > git for-each-ref --sort -committerdate --format %(refname) %(objectname) %(*objectname) [75ms]
2024-09-22 06:06:03.576 [info] > git config --get commit.template [37ms]
2024-09-22 06:06:03.585 [info] > git for-each-ref --format=%(refname)%00%(upstream:short)%00%(objectname)%00%(upstream:track)%00%(upstream:remotename)%00%(upstream:remoteref) refs/heads/master refs/remotes/master [11ms]
2024-09-22 06:06:03.594 [info] > git status -z -uall [82ms]
2024-09-22 06:06:04.006 [info] > git remote --verbose [32ms]
2024-09-22 06:06:04.007 [info] > git for-each-ref --sort -committerdate --format %(refname) %(objectname) %(*objectname) [55ms]
2024-09-22 06:06:04.308 [info] > git config --get commit.template [152ms]
2024-09-22 06:06:04.341 [info] > git for-each-ref --format=%(refname)%00%(upstream:short)%00%(objectname)%00%(upstream:track)%00%(upstream:remotename)%00%(upstream:remoteref) refs/heads/th refs/remotes/th [11ms]
2024-09-22 06:06:05.830 [info] > git status -z -uall [1837ms]
2024-09-22 06:06:07.586 [info] > git check-ignore -v -z --stdin [14ms]
2024-09-22 06:06:08.396 [info] > git show --textconv :.bash_history [21ms]
2024-09-22 06:06:08.406 [info] > git ls-files --stage -- /root/thsunest01/.bash_history [11ms]
2024-09-22 06:06:08.438 [info] > git cat-file -s e160b515a5683b4e65d389599c4690dae741c67e [11ms]
2024-09-22 06:06:08.763 [info] > git remote --verbose [107ms]
2024-09-22 06:06:08.764 [info] > git for-each-ref --sort -committerdate --format %(refname) %(objectname) %(*objectname) [130ms]
2024-09-22 06:06:08.805 [info] > git config --get commit.template [47ms]
2024-09-22 06:06:08.818 [info] > git for-each-ref --format=%(refname)%00%(upstream:short)%00%(objectname)%00%(upstream:track)%00%(upstream:remotename)%00%(upstream:remoteref) refs/heads/master refs/remotes/master [14ms]
2024-09-22 06:06:08.842 [info] > git status -z -uall [158ms]
2024-09-22 06:06:11.330 [info] > git remote --verbose [344ms]
2024-09-22 06:06:11.330 [info] > git for-each-ref --sort -committerdate --format %(refname) %(objectname) %(*objectname) [377ms]
2024-09-22 06:06:11.340 [info] > git config --get commit.template [231ms]
2024-09-22 06:06:11.381 [info] > git for-each-ref --format=%(refname)%00%(upstream:short)%00%(objectname)%00%(upstream:track)%00%(upstream:remotename)%00%(upstream:remoteref) refs/heads/th refs/remotes/th [16ms]
2024-09-22 06:06:12.640 [info] > git status -z -uall [1627ms]
2024-09-22 06:06:13.941 [info] > git for-each-ref --sort -committerdate --format %(refname) %(objectname) %(*objectname) [68ms]
2024-09-22 06:06:13.943 [info] > git remote --verbose [53ms]
2024-09-22 06:06:13.978 [info] > git config --get commit.template [39ms]
2024-09-22 06:06:13.993 [info] > git for-each-ref --format=%(refname)%00%(upstream:short)%00%(objectname)%00%(upstream:track)%00%(upstream:remotename)%00%(upstream:remoteref) refs/heads/master refs/remotes/master [23ms]
2024-09-22 06:06:14.026 [info] > git status -z -uall [115ms]
2024-09-22 06:06:14.191 [info] > git show --textconv :c/双链表.cpp [74ms]
2024-09-22 06:06:14.191 [info] > git ls-files --stage -- /root/thsunest01/c/双链表.cpp [56ms]
2024-09-22 06:06:14.231 [info] > git cat-file -s 6b1cc44cff24b709bdcc5942dfee35f3fa4ae1d0 [23ms]
2024-09-22 06:06:15.649 [info] > git show --textconv :.bashrc [20ms]
2024-09-22 06:06:15.662 [info] > git ls-files --stage -- /root/thsunest01/.bashrc [13ms]
2024-09-22 06:06:15.690 [info] > git cat-file -s ccb90fac1328f2861fcf698a9eba54cacadf0461 [10ms]
2024-09-22 06:06:16.833 [info] > git show --textconv :.lesshst [22ms]
2024-09-22 06:06:16.844 [info] > git ls-files --stage -- /root/thsunest01/.lesshst [12ms]
2024-09-22 06:06:16.877 [info] > git cat-file -s 4d1c30b7a5849ed583fdcd6367ab3e2377e84cb0 [12ms]
2024-09-22 06:06:17.531 [info] > git show --textconv :.profile [17ms]
2024-09-22 06:06:17.545 [info] > git ls-files --stage -- /root/thsunest01/.profile [15ms]
2024-09-22 06:06:17.575 [info] > git cat-file -s c4c7402daf7ae66c19afdd13030901209f3d77fa [13ms]
2024-09-22 06:06:18.111 [info] > git remote --verbose [318ms]
2024-09-22 06:06:18.111 [info] > git for-each-ref --sort -committerdate --format %(refname) %(objectname) %(*objectname) [338ms]
2024-09-22 06:06:18.116 [info] > git config --get commit.template [157ms]
2024-09-22 06:06:18.208 [info] > git for-each-ref --format=%(refname)%00%(upstream:short)%00%(objectname)%00%(upstream:track)%00%(upstream:remotename)%00%(upstream:remoteref) refs/heads/th refs/remotes/th [38ms]
2024-09-22 06:06:18.472 [info] > git show --textconv :5231100hydH [29ms]
2024-09-22 06:06:18.491 [info] > git ls-files --stage -- /root/thsunest01/5231100hydH [21ms]
2024-09-22 06:06:18.519 [info] > git cat-file -s 7cb9489bbcc2cec1994d51f1ee72853912a0068f [12ms]
2024-09-22 06:06:19.278 [info] > git show --textconv :5231100hydH.pub [19ms]
2024-09-22 06:06:19.289 [info] > git ls-files --stage -- /root/thsunest01/5231100hydH.pub [12ms]
2024-09-22 06:06:19.317 [info] > git cat-file -s 236ad9c34eb77d1cd16a66f4bffd4b1931921dbd [9ms]
2024-09-22 06:06:19.447 [info] > git remote --verbose [52ms]
2024-09-22 06:06:19.448 [info] > git for-each-ref --sort -committerdate --format %(refname) %(objectname) %(*objectname) [89ms]
2024-09-22 06:06:19.457 [info] > git config --get commit.template [20ms]
2024-09-22 06:06:19.491 [info] > git for-each-ref --format=%(refname)%00%(upstream:short)%00%(objectname)%00%(upstream:track)%00%(upstream:remotename)%00%(upstream:remoteref) refs/heads/master refs/remotes/master [10ms]
2024-09-22 06:06:19.494 [info] > git status -z -uall [84ms]
2024-09-22 06:06:19.694 [info] > git status -z -uall [1883ms]
2024-09-22 06:06:21.417 [info] > git show --textconv :.bashrc [21ms]
2024-09-22 06:06:21.428 [info] > git ls-files --stage -- /root/thsunest01/.bashrc [11ms]
2024-09-22 06:06:21.463 [info] > git cat-file -s ccb90fac1328f2861fcf698a9eba54cacadf0461 [15ms]
2024-09-22 06:06:23.614 [info] > git show --textconv :5231100hydH.pub [23ms]
2024-09-22 06:06:23.626 [info] > git ls-files --stage -- /root/thsunest01/5231100hydH.pub [13ms]
2024-09-22 06:06:23.665 [info] > git cat-file -s 236ad9c34eb77d1cd16a66f4bffd4b1931921dbd [13ms]
2024-09-22 06:06:24.210 [info] > git show --textconv :.bashrc [40ms]
2024-09-22 06:06:24.224 [info] > git ls-files --stage -- /root/.bashrc [25ms]
2024-09-22 06:06:24.589 [info] > git remote --verbose [37ms]
2024-09-22 06:06:24.590 [info] > git for-each-ref --sort -committerdate --format %(refname) %(objectname) %(*objectname) [54ms]
2024-09-22 06:06:24.622 [info] > git config --get commit.template [35ms]
2024-09-22 06:06:24.630 [info] > git for-each-ref --format=%(refname)%00%(upstream:short)%00%(objectname)%00%(upstream:track)%00%(upstream:remotename)%00%(upstream:remoteref) refs/heads/master refs/remotes/master [10ms]
2024-09-22 06:06:24.632 [info] > git status -z -uall [64ms]
2024-09-22 06:06:24.678 [info] > git show --textconv :.profile [19ms]
2024-09-22 06:06:24.692 [info] > git ls-files --stage -- /root/.profile [15ms]
2024-09-22 06:06:25.629 [info] > git show --textconv :.bashrc [25ms]
2024-09-22 06:06:25.639 [info] > git ls-files --stage -- /root/.bashrc [11ms]
2024-09-22 06:06:26.490 [info] > git show --textconv :5231100hydH [24ms]
2024-09-22 06:06:26.500 [info] > git ls-files --stage -- /root/thsunest01/5231100hydH [12ms]
2024-09-22 06:06:26.534 [info] > git cat-file -s 7cb9489bbcc2cec1994d51f1ee72853912a0068f [14ms]
2024-09-22 06:06:28.846 [info] > git show --textconv :.python_history [27ms]
2024-09-22 06:06:28.860 [info] > git ls-files --stage -- /root/thsunest01/.python_history [15ms]
2024-09-22 06:06:28.904 [info] > git cat-file -s ff604669be5caa27f3a0073fdc8fb1e8f21bfd5f [15ms]
2024-09-22 06:06:29.746 [info] > git remote --verbose [53ms]
2024-09-22 06:06:29.747 [info] > git for-each-ref --sort -committerdate --format %(refname) %(objectname) %(*objectname) [79ms]
2024-09-22 06:06:29.766 [info] > git config --get commit.template [21ms]
2024-09-22 06:06:29.803 [info] > git for-each-ref --format=%(refname)%00%(upstream:short)%00%(objectname)%00%(upstream:track)%00%(upstream:remotename)%00%(upstream:remoteref) refs/heads/master refs/remotes/master [13ms]
2024-09-22 06:06:29.815 [info] > git status -z -uall [94ms]
2024-09-22 06:06:34.816 [info] > git show --textconv :c/双链表.cpp [29ms]
2024-09-22 06:06:34.890 [info] > git remote --verbose [21ms]
2024-09-22 06:06:34.891 [info] > git for-each-ref --sort -committerdate --format %(refname) %(objectname) %(*objectname) [41ms]
2024-09-22 06:06:34.892 [info] > git ls-files --stage -- /root/thsunest01/c/双链表.cpp [77ms]
2024-09-22 06:06:34.933 [info] > git cat-file -s 6b1cc44cff24b709bdcc5942dfee35f3fa4ae1d0 [22ms]
2024-09-22 06:06:34.956 [info] > git status -z -uall [69ms]
2024-09-22 06:06:34.959 [info] > git config --get commit.template [29ms]
2024-09-22 06:06:34.960 [info] > git for-each-ref --format=%(refname)%00%(upstream:short)%00%(objectname)%00%(upstream:track)%00%(upstream:remotename)%00%(upstream:remoteref) refs/heads/master refs/remotes/master [6ms]
2024-09-22 06:06:36.085 [info] > git remote --verbose [337ms]
2024-09-22 06:06:36.086 [info] > git for-each-ref --sort -committerdate --format %(refname) %(objectname) %(*objectname) [364ms]
2024-09-22 06:06:36.090 [info] > git config --get commit.template [21ms]
2024-09-22 06:06:36.133 [info] > git for-each-ref --format=%(refname)%00%(upstream:short)%00%(objectname)%00%(upstream:track)%00%(upstream:remotename)%00%(upstream:remoteref) refs/heads/th refs/remotes/th [12ms]
2024-09-22 06:06:37.466 [info] > git status -z -uall [1693ms]
2024-09-22 06:06:40.052 [info] > git remote --verbose [29ms]
2024-09-22 06:06:40.053 [info] > git for-each-ref --sort -committerdate --format %(refname) %(objectname) %(*objectname) [56ms]
2024-09-22 06:06:40.111 [info] > git config --get commit.template [31ms]
2024-09-22 06:06:40.120 [info] > git for-each-ref --format=%(refname)%00%(upstream:short)%00%(objectname)%00%(upstream:track)%00%(upstream:remotename)%00%(upstream:remoteref) refs/heads/master refs/remotes/master [11ms]
2024-09-22 06:06:40.134 [info] > git status -z -uall [90ms]
2024-09-22 06:06:44.205 [info] > git check-ignore -v -z --stdin [18ms]
2024-09-22 06:06:45.269 [info] > git remote --verbose [58ms]
2024-09-22 06:06:45.270 [info] > git for-each-ref --sort -committerdate --format %(refname) %(objectname) %(*objectname) [87ms]
2024-09-22 06:06:45.311 [info] > git config --get commit.template [48ms]
2024-09-22 06:06:45.323 [info] > git for-each-ref --format=%(refname)%00%(upstream:short)%00%(objectname)%00%(upstream:track)%00%(upstream:remotename)%00%(upstream:remoteref) refs/heads/master refs/remotes/master [14ms]
2024-09-22 06:06:45.361 [info] > git status -z -uall [127ms]
2024-09-22 06:06:48.139 [info] > git check-ignore -v -z --stdin [15ms]
2024-09-22 06:06:50.528 [info] > git remote --verbose [82ms]
2024-09-22 06:06:50.529 [info] > git for-each-ref --sort -committerdate --format %(refname) %(objectname) %(*objectname) [119ms]
2024-09-22 06:06:50.567 [info] > git config --get commit.template [41ms]
2024-09-22 06:06:50.575 [info] > git for-each-ref --format=%(refname)%00%(upstream:short)%00%(objectname)%00%(upstream:track)%00%(upstream:remotename)%00%(upstream:remoteref) refs/heads/master refs/remotes/master [10ms]
2024-09-22 06:06:50.595 [info] > git status -z -uall [110ms]
2024-09-22 06:06:52.171 [info] > git check-ignore -v -z --stdin [16ms]
2024-09-22 06:06:55.219 [info] > git check-ignore -v -z --stdin [21ms]
2024-09-22 06:06:55.722 [info] > git remote --verbose [42ms]
2024-09-22 06:06:55.723 [info] > git for-each-ref --sort -committerdate --format %(refname) %(objectname) %(*objectname) [82ms]
2024-09-22 06:06:55.792 [info] > git config --get commit.template [35ms]
2024-09-22 06:06:55.802 [info] > git for-each-ref --format=%(refname)%00%(upstream:short)%00%(objectname)%00%(upstream:track)%00%(upstream:remotename)%00%(upstream:remoteref) refs/heads/master refs/remotes/master [13ms]
2024-09-22 06:06:55.832 [info] > git status -z -uall [114ms]
2024-09-22 06:06:59.517 [info] > git show --textconv :.lesshst [44ms]
2024-09-22 06:06:59.534 [info] > git ls-files --stage -- /root/thsunest01/.lesshst [18ms]
2024-09-22 06:06:59.584 [info] > git cat-file -s 4d1c30b7a5849ed583fdcd6367ab3e2377e84cb0 [17ms]
2024-09-22 06:07:00.966 [info] > git remote --verbose [52ms]
2024-09-22 06:07:00.967 [info] > git for-each-ref --sort -committerdate --format %(refname) %(objectname) %(*objectname) [83ms]
2024-09-22 06:07:01.000 [info] > git config --get commit.template [35ms]
2024-09-22 06:07:01.005 [info] > git status -z -uall [69ms]
2024-09-22 06:07:01.007 [info] > git for-each-ref --format=%(refname)%00%(upstream:short)%00%(objectname)%00%(upstream:track)%00%(upstream:remotename)%00%(upstream:remoteref) refs/heads/master refs/remotes/master [10ms]
2024-09-22 06:07:03.519 [info] > git show --textconv :c/双链表.cpp [29ms]
2024-09-22 06:07:03.531 [info] > git ls-files --stage -- /root/thsunest01/c/双链表.cpp [13ms]
2024-09-22 06:07:03.570 [info] > git cat-file -s 6b1cc44cff24b709bdcc5942dfee35f3fa4ae1d0 [12ms]
2024-09-22 06:07:04.764 [info] > git remote --verbose [305ms]
2024-09-22 06:07:04.764 [info] > git for-each-ref --sort -committerdate --format %(refname) %(objectname) %(*objectname) [332ms]
2024-09-22 06:07:04.771 [info] > git config --get commit.template [18ms]
2024-09-22 06:07:04.825 [info] > git for-each-ref --format=%(refname)%00%(upstream:short)%00%(objectname)%00%(upstream:track)%00%(upstream:remotename)%00%(upstream:remoteref) refs/heads/th refs/remotes/th [11ms]
2024-09-22 06:07:05.477 [info] > git check-ignore -v -z --stdin [12ms]
2024-09-22 06:07:05.759 [info] > git status -z -uall [1278ms]
2024-09-22 06:07:07.030 [info] > git remote --verbose [57ms]
2024-09-22 06:07:07.030 [info] > git for-each-ref --sort -committerdate --format %(refname) %(objectname) %(*objectname) [80ms]
2024-09-22 06:07:07.044 [info] > git config --get commit.template [21ms]
2024-09-22 06:07:07.098 [info] > git status -z -uall [106ms]
2024-09-22 06:07:07.099 [info] > git for-each-ref --format=%(refname)%00%(upstream:short)%00%(objectname)%00%(upstream:track)%00%(upstream:remotename)%00%(upstream:remoteref) refs/heads/master refs/remotes/master [21ms]
2024-09-22 06:07:12.219 [info] > git remote --verbose [49ms]
2024-09-22 06:07:12.219 [info] > git for-each-ref --sort -committerdate --format %(refname) %(objectname) %(*objectname) [74ms]
2024-09-22 06:07:12.249 [info] > git config --get commit.template [32ms]
2024-09-22 06:07:12.256 [info] > git for-each-ref --format=%(refname)%00%(upstream:short)%00%(objectname)%00%(upstream:track)%00%(upstream:remotename)%00%(upstream:remoteref) refs/heads/master refs/remotes/master [8ms]
2024-09-22 06:07:12.258 [info] > git status -z -uall [69ms]
2024-09-22 06:07:12.645 [info] > git remote --verbose [305ms]
2024-09-22 06:07:12.646 [info] > git for-each-ref --sort -committerdate --format %(refname) %(objectname) %(*objectname) [334ms]
2024-09-22 06:07:12.713 [info] > git config --get commit.template [82ms]
2024-09-22 06:07:12.757 [info] > git for-each-ref --format=%(refname)%00%(upstream:short)%00%(objectname)%00%(upstream:track)%00%(upstream:remotename)%00%(upstream:remoteref) refs/heads/th refs/remotes/th [24ms]
2024-09-22 06:07:13.648 [info] > git status -z -uall [1288ms]
2024-09-22 06:07:17.353 [info] > git remote --verbose [30ms]
2024-09-22 06:07:17.354 [info] > git for-each-ref --sort -committerdate --format %(refname) %(objectname) %(*objectname) [57ms]
2024-09-22 06:07:17.411 [info] > git config --get commit.template [31ms]
2024-09-22 06:07:17.419 [info] > git for-each-ref --format=%(refname)%00%(upstream:short)%00%(objectname)%00%(upstream:track)%00%(upstream:remotename)%00%(upstream:remoteref) refs/heads/master refs/remotes/master [10ms]
2024-09-22 06:07:17.426 [info] > git status -z -uall [77ms]
2024-09-22 06:07:22.543 [info] > git remote --verbose [49ms]
2024-09-22 06:07:22.544 [info] > git for-each-ref --sort -committerdate --format %(refname) %(objectname) %(*objectname) [86ms]
2024-09-22 06:07:22.572 [info] > git config --get commit.template [31ms]
2024-09-22 06:07:22.589 [info] > git for-each-ref --format=%(refname)%00%(upstream:short)%00%(objectname)%00%(upstream:track)%00%(upstream:remotename)%00%(upstream:remoteref) refs/heads/master refs/remotes/master [18ms]
2024-09-22 06:07:22.619 [info] > git status -z -uall [103ms]
2024-09-22 06:07:27.744 [info] > git remote --verbose [33ms]
2024-09-22 06:07:27.745 [info] > git for-each-ref --sort -committerdate --format %(refname) %(objectname) %(*objectname) [65ms]
2024-09-22 06:07:27.808 [info] > git config --get commit.template [34ms]
2024-09-22 06:07:27.817 [info] > git status -z -uall [77ms]
2024-09-22 06:07:27.821 [info] > git for-each-ref --format=%(refname)%00%(upstream:short)%00%(objectname)%00%(upstream:track)%00%(upstream:remotename)%00%(upstream:remoteref) refs/heads/master refs/remotes/master [16ms]
2024-09-22 06:07:32.982 [info] > git remote --verbose [62ms]
2024-09-22 06:07:32.983 [info] > git for-each-ref --sort -committerdate --format %(refname) %(objectname) %(*objectname) [98ms]
2024-09-22 06:07:33.038 [info] > git config --get commit.template [58ms]
2024-09-22 06:07:33.055 [info] > git for-each-ref --format=%(refname)%00%(upstream:short)%00%(objectname)%00%(upstream:track)%00%(upstream:remotename)%00%(upstream:remoteref) refs/heads/master refs/remotes/master [22ms]
2024-09-22 06:07:33.066 [info] > git status -z -uall [118ms]
2024-09-22 06:07:38.217 [info] > git remote --verbose [55ms]
2024-09-22 06:07:38.218 [info] > git for-each-ref --sort -committerdate --format %(refname) %(objectname) %(*objectname) [89ms]
2024-09-22 06:07:38.244 [info] > git config --get commit.template [30ms]
2024-09-22 06:07:38.253 [info] > git for-each-ref --format=%(refname)%00%(upstream:short)%00%(objectname)%00%(upstream:track)%00%(upstream:remotename)%00%(upstream:remoteref) refs/heads/master refs/remotes/master [9ms]
2024-09-22 06:07:38.256 [info] > git status -z -uall [68ms]
2024-09-22 06:07:43.414 [info] > git remote --verbose [64ms]
2024-09-22 06:07:43.414 [info] > git for-each-ref --sort -committerdate --format %(refname) %(objectname) %(*objectname) [99ms]
2024-09-22 06:07:43.452 [info] > git config --get commit.template [41ms]
2024-09-22 06:07:43.461 [info] > git status -z -uall [83ms]
2024-09-22 06:07:43.465 [info] > git for-each-ref --format=%(refname)%00%(upstream:short)%00%(objectname)%00%(upstream:track)%00%(upstream:remotename)%00%(upstream:remoteref) refs/heads/master refs/remotes/master [15ms]
2024-09-22 06:07:48.616 [info] > git remote --verbose [58ms]
2024-09-22 06:07:48.617 [info] > git for-each-ref --sort -committerdate --format %(refname) %(objectname) %(*objectname) [89ms]
2024-09-22 06:07:48.654 [info] > git status -z -uall [70ms]
2024-09-22 06:07:48.657 [info] > git config --get commit.template [42ms]
2024-09-22 06:07:48.661 [info] > git for-each-ref --format=%(refname)%00%(upstream:short)%00%(objectname)%00%(upstream:track)%00%(upstream:remotename)%00%(upstream:remoteref) refs/heads/master refs/remotes/master [8ms]
2024-09-22 06:07:52.876 [info] > git show --textconv :c/双链表.cpp [33ms]
2024-09-22 06:07:52.892 [info] > git ls-files --stage -- /root/thsunest01/c/双链表.cpp [17ms]
2024-09-22 06:07:52.932 [info] > git cat-file -s 6b1cc44cff24b709bdcc5942dfee35f3fa4ae1d0 [12ms]
2024-09-22 06:07:53.802 [info] > git remote --verbose [62ms]
2024-09-22 06:07:53.802 [info] > git for-each-ref --sort -committerdate --format %(refname) %(objectname) %(*objectname) [96ms]
2024-09-22 06:07:53.835 [info] > git config --get commit.template [36ms]
2024-09-22 06:07:53.844 [info] > git for-each-ref --format=%(refname)%00%(upstream:short)%00%(objectname)%00%(upstream:track)%00%(upstream:remotename)%00%(upstream:remoteref) refs/heads/master refs/remotes/master [11ms]
2024-09-22 06:07:53.850 [info] > git status -z -uall [81ms]
2024-09-22 06:07:58.989 [info] > git remote --verbose [71ms]
2024-09-22 06:07:58.990 [info] > git for-each-ref --sort -committerdate --format %(refname) %(objectname) %(*objectname) [100ms]
2024-09-22 06:07:59.006 [info] > git config --get commit.template [22ms]
2024-09-22 06:07:59.056 [info] > git for-each-ref --format=%(refname)%00%(upstream:short)%00%(objectname)%00%(upstream:track)%00%(upstream:remotename)%00%(upstream:remoteref) refs/heads/master refs/remotes/master [22ms]
2024-09-22 06:07:59.102 [info] > git status -z -uall [154ms]
2024-09-22 06:08:02.843 [info] > git ls-files --stage -- /root/thsunest01/c/LinkList.c++ [18ms]
2024-09-22 06:08:02.857 [info] > git show --textconv :c/LinkList.c++ [51ms]
2024-09-22 06:08:02.869 [info] > git cat-file -s bf3d8a5b9ea3a471f71e804ba3de308c72bc26c8 [14ms]
2024-09-22 06:08:04.188 [info] > git remote --verbose [43ms]
2024-09-22 06:08:04.188 [info] > git for-each-ref --sort -committerdate --format %(refname) %(objectname) %(*objectname) [55ms]
2024-09-22 06:08:04.210 [info] > git config --get commit.template [25ms]
2024-09-22 06:08:04.221 [info] > git for-each-ref --format=%(refname)%00%(upstream:short)%00%(objectname)%00%(upstream:track)%00%(upstream:remotename)%00%(upstream:remoteref) refs/heads/master refs/remotes/master [15ms]
2024-09-22 06:08:04.246 [info] > git status -z -uall [80ms]
2024-09-22 06:08:09.324 [info] > git remote --verbose [37ms]
2024-09-22 06:08:09.325 [info] > git for-each-ref --sort -committerdate --format %(refname) %(objectname) %(*objectname) [53ms]
2024-09-22 06:08:09.357 [info] > git config --get commit.template [37ms]
2024-09-22 06:08:09.369 [info] > git for-each-ref --format=%(refname)%00%(upstream:short)%00%(objectname)%00%(upstream:track)%00%(upstream:remotename)%00%(upstream:remoteref) refs/heads/master refs/remotes/master [15ms]
2024-09-22 06:08:09.403 [info] > git status -z -uall [101ms]
2024-09-22 06:08:14.494 [info] > git remote --verbose [45ms]
2024-09-22 06:08:14.494 [info] > git for-each-ref --sort -committerdate --format %(refname) %(objectname) %(*objectname) [59ms]
2024-09-22 06:08:14.512 [info] > git config --get commit.template [21ms]
2024-09-22 06:08:14.563 [info] > git for-each-ref --format=%(refname)%00%(upstream:short)%00%(objectname)%00%(upstream:track)%00%(upstream:remotename)%00%(upstream:remoteref) refs/heads/master refs/remotes/master [25ms]
2024-09-22 06:08:14.600 [info] > git status -z -uall [133ms]
2024-09-22 06:08:18.167 [info] > git remote --verbose [358ms]
2024-09-22 06:08:18.168 [info] > git for-each-ref --sort -committerdate --format %(refname) %(objectname) %(*objectname) [385ms]
2024-09-22 06:08:18.171 [info] > git config --get commit.template [80ms]
2024-09-22 06:08:18.218 [info] > git for-each-ref --format=%(refname)%00%(upstream:short)%00%(objectname)%00%(upstream:track)%00%(upstream:remotename)%00%(upstream:remoteref) refs/heads/th refs/remotes/th [25ms]
2024-09-22 06:08:19.720 [info] > git remote --verbose [63ms]
2024-09-22 06:08:19.720 [info] > git for-each-ref --sort -committerdate --format %(refname) %(objectname) %(*objectname) [87ms]
2024-09-22 06:08:19.725 [info] > git config --get commit.template [18ms]
2024-09-22 06:08:19.768 [info] > git status -z -uall [1940ms]
2024-09-22 06:08:19.893 [info] > git status -z -uall [219ms]
2024-09-22 06:08:19.896 [info] > git for-each-ref --format=%(refname)%00%(upstream:short)%00%(objectname)%00%(upstream:track)%00%(upstream:remotename)%00%(upstream:remoteref) refs/heads/master refs/remotes/master [144ms]
2024-09-22 06:08:25.001 [info] > git remote --verbose [39ms]
2024-09-22 06:08:25.002 [info] > git for-each-ref --sort -committerdate --format %(refname) %(objectname) %(*objectname) [70ms]
2024-09-22 06:08:25.359 [info] > git remote --verbose [69ms]
2024-09-22 06:08:25.359 [info] > git for-each-ref --sort -committerdate --format %(refname) %(objectname) %(*objectname) [182ms]
2024-09-22 06:08:25.398 [info] > git config --get commit.template [52ms]
2024-09-22 06:08:25.421 [info] > git config --get commit.template [33ms]
2024-09-22 06:08:25.451 [info] > git status -z -uall [133ms]
2024-09-22 06:08:25.459 [info] > git for-each-ref --format=%(refname)%00%(upstream:short)%00%(objectname)%00%(upstream:track)%00%(upstream:remotename)%00%(upstream:remoteref) refs/heads/th refs/remotes/th [40ms]
2024-09-22 06:08:25.463 [info] > git for-each-ref --format=%(refname)%00%(upstream:short)%00%(objectname)%00%(upstream:track)%00%(upstream:remotename)%00%(upstream:remoteref) refs/heads/master refs/remotes/master [13ms]
2024-09-22 06:08:27.259 [info] > git status -z -uall [2264ms]
2024-09-22 06:08:30.561 [info] > git remote --verbose [29ms]
2024-09-22 06:08:30.562 [info] > git for-each-ref --sort -committerdate --format %(refname) %(objectname) %(*objectname) [56ms]
2024-09-22 06:08:30.611 [info] > git config --get commit.template [26ms]
2024-09-22 06:08:30.625 [info] > git for-each-ref --format=%(refname)%00%(upstream:short)%00%(objectname)%00%(upstream:track)%00%(upstream:remotename)%00%(upstream:remoteref) refs/heads/master refs/remotes/master [18ms]
2024-09-22 06:08:30.656 [info] > git status -z -uall [101ms]
2024-09-22 06:08:35.070 [info] > git remote --verbose [344ms]
2024-09-22 06:08:35.071 [info] > git for-each-ref --sort -committerdate --format %(refname) %(objectname) %(*objectname) [371ms]
2024-09-22 06:08:35.075 [info] > git config --get commit.template [15ms]
2024-09-22 06:08:35.114 [info] > git for-each-ref --format=%(refname)%00%(upstream:short)%00%(objectname)%00%(upstream:track)%00%(upstream:remotename)%00%(upstream:remoteref) refs/heads/th refs/remotes/th [15ms]
2024-09-22 06:08:35.799 [info] > git remote --verbose [74ms]
2024-09-22 06:08:35.800 [info] > git for-each-ref --sort -committerdate --format %(refname) %(objectname) %(*objectname) [103ms]
2024-09-22 06:08:35.804 [info] > git config --get commit.template [16ms]
2024-09-22 06:08:35.839 [info] > git status -z -uall [85ms]
2024-09-22 06:08:35.843 [info] > git for-each-ref --format=%(refname)%00%(upstream:short)%00%(objectname)%00%(upstream:track)%00%(upstream:remotename)%00%(upstream:remoteref) refs/heads/master refs/remotes/master [11ms]
2024-09-22 06:08:36.994 [info] > git status -z -uall [2248ms]
2024-09-22 06:08:40.982 [info] > git remote --verbose [50ms]
2024-09-22 06:08:40.982 [info] > git for-each-ref --sort -committerdate --format %(refname) %(objectname) %(*objectname) [80ms]
2024-09-22 06:08:41.014 [info] > git config --get commit.template [35ms]
2024-09-22 06:08:41.028 [info] > git for-each-ref --format=%(refname)%00%(upstream:short)%00%(objectname)%00%(upstream:track)%00%(upstream:remotename)%00%(upstream:remoteref) refs/heads/master refs/remotes/master [16ms]
2024-09-22 06:08:41.056 [info] > git status -z -uall [100ms]
2024-09-22 06:08:46.197 [info] > git remote --verbose [54ms]
2024-09-22 06:08:46.198 [info] > git for-each-ref --sort -committerdate --format %(refname) %(objectname) %(*objectname) [82ms]
2024-09-22 06:08:46.236 [info] > git config --get commit.template [41ms]
2024-09-22 06:08:46.247 [info] > git for-each-ref --format=%(refname)%00%(upstream:short)%00%(objectname)%00%(upstream:track)%00%(upstream:remotename)%00%(upstream:remoteref) refs/heads/master refs/remotes/master [13ms]
2024-09-22 06:08:46.265 [info] > git status -z -uall [98ms]
2024-09-22 06:08:51.363 [info] > git remote --verbose [41ms]
2024-09-22 06:08:51.363 [info] > git for-each-ref --sort -committerdate --format %(refname) %(objectname) %(*objectname) [62ms]
2024-09-22 06:08:51.397 [info] > git config --get commit.template [36ms]
2024-09-22 06:08:51.414 [info] > git for-each-ref --format=%(refname)%00%(upstream:short)%00%(objectname)%00%(upstream:track)%00%(upstream:remotename)%00%(upstream:remoteref) refs/heads/master refs/remotes/master [21ms]
2024-09-22 06:08:51.455 [info] > git status -z -uall [116ms]
2024-09-22 06:08:52.480 [info] > git remote --verbose [301ms]
2024-09-22 06:08:52.481 [info] > git for-each-ref --sort -committerdate --format %(refname) %(objectname) %(*objectname) [329ms]
2024-09-22 06:08:52.558 [info] > git config --get commit.template [230ms]
2024-09-22 06:08:52.575 [info] > git for-each-ref --format=%(refname)%00%(upstream:short)%00%(objectname)%00%(upstream:track)%00%(upstream:remotename)%00%(upstream:remoteref) refs/heads/th refs/remotes/th [19ms]
2024-09-22 06:08:54.370 [info] > git status -z -uall [2169ms]
2024-09-22 06:08:56.611 [info] > git remote --verbose [61ms]
2024-09-22 06:08:56.612 [info] > git for-each-ref --sort -committerdate --format %(refname) %(objectname) %(*objectname) [96ms]
2024-09-22 06:08:56.648 [info] > git config --get commit.template [40ms]
2024-09-22 06:08:56.664 [info] > git for-each-ref --format=%(refname)%00%(upstream:short)%00%(objectname)%00%(upstream:track)%00%(upstream:remotename)%00%(upstream:remoteref) refs/heads/master refs/remotes/master [19ms]
2024-09-22 06:08:56.672 [info] > git status -z -uall [96ms]
2024-09-22 06:09:00.269 [info] > git remote --verbose [36ms]
2024-09-22 06:09:00.270 [info] > git for-each-ref --sort -committerdate --format %(refname) %(objectname) %(*objectname) [74ms]
2024-09-22 06:09:00.599 [info] > git for-each-ref --format=%(refname)%00%(upstream:short)%00%(objectname)%00%(upstream:track)%00%(upstream:remotename)%00%(upstream:remoteref) refs/heads/th refs/remotes/th [19ms]
2024-09-22 06:09:00.611 [info] > git config --get commit.template [132ms]
2024-09-22 06:09:01.830 [info] > git remote --verbose [82ms]
2024-09-22 06:09:01.831 [info] > git for-each-ref --sort -committerdate --format %(refname) %(objectname) %(*objectname) [119ms]
2024-09-22 06:09:01.837 [info] > git config --get commit.template [19ms]
2024-09-22 06:09:01.882 [info] > git for-each-ref --format=%(refname)%00%(upstream:short)%00%(objectname)%00%(upstream:track)%00%(upstream:remotename)%00%(upstream:remoteref) refs/heads/master refs/remotes/master [11ms]
2024-09-22 06:09:01.885 [info] > git status -z -uall [104ms]
2024-09-22 06:09:02.132 [info] > git status -z -uall [1868ms]
2024-09-22 06:09:07.020 [info] > git remote --verbose [59ms]
2024-09-22 06:09:07.021 [info] > git for-each-ref --sort -committerdate --format %(refname) %(objectname) %(*objectname) [90ms]
2024-09-22 06:09:07.065 [info] > git config --get commit.template [47ms]
2024-09-22 06:09:07.094 [info] > git for-each-ref --format=%(refname)%00%(upstream:short)%00%(objectname)%00%(upstream:track)%00%(upstream:remotename)%00%(upstream:remoteref) refs/heads/master refs/remotes/master [32ms]
2024-09-22 06:09:07.100 [info] > git status -z -uall [110ms]
2024-09-22 06:09:07.651 [info] > git remote --verbose [292ms]
2024-09-22 06:09:07.653 [info] > git for-each-ref --sort -committerdate --format %(refname) %(objectname) %(*objectname) [322ms]
2024-09-22 06:09:07.658 [info] > git config --get commit.template [131ms]
2024-09-22 06:09:07.716 [info] > git for-each-ref --format=%(refname)%00%(upstream:short)%00%(objectname)%00%(upstream:track)%00%(upstream:remotename)%00%(upstream:remoteref) refs/heads/th refs/remotes/th [17ms]
2024-09-22 06:09:09.223 [info] > git status -z -uall [1835ms]
2024-09-22 06:09:12.269 [info] > git remote --verbose [70ms]
2024-09-22 06:09:12.270 [info] > git for-each-ref --sort -committerdate --format %(refname) %(objectname) %(*objectname) [105ms]
2024-09-22 06:09:12.313 [info] > git config --get commit.template [48ms]
2024-09-22 06:09:12.322 [info] > git status -z -uall [92ms]
2024-09-22 06:09:12.323 [info] > git for-each-ref --format=%(refname)%00%(upstream:short)%00%(objectname)%00%(upstream:track)%00%(upstream:remotename)%00%(upstream:remoteref) refs/heads/master refs/remotes/master [14ms]
2024-09-22 06:09:17.494 [info] > git remote --verbose [70ms]
2024-09-22 06:09:17.495 [info] > git for-each-ref --sort -committerdate --format %(refname) %(objectname) %(*objectname) [105ms]
2024-09-22 06:09:17.541 [info] > git config --get commit.template [51ms]
2024-09-22 06:09:17.548 [info] > git for-each-ref --format=%(refname)%00%(upstream:short)%00%(objectname)%00%(upstream:track)%00%(upstream:remotename)%00%(upstream:remoteref) refs/heads/master refs/remotes/master [15ms]
2024-09-22 06:09:17.555 [info] > git status -z -uall [99ms]
2024-09-22 06:09:18.234 [info] > git remote --verbose [378ms]
2024-09-22 06:09:18.234 [info] > git for-each-ref --sort -committerdate --format %(refname) %(objectname) %(*objectname) [420ms]
2024-09-22 06:09:18.286 [info] > git config --get commit.template [152ms]
2024-09-22 06:09:18.301 [info] > git for-each-ref --format=%(refname)%00%(upstream:short)%00%(objectname)%00%(upstream:track)%00%(upstream:remotename)%00%(upstream:remoteref) refs/heads/th refs/remotes/th [20ms]
2024-09-22 06:09:19.194 [info] > git status -z -uall [1303ms]
2024-09-22 06:09:22.732 [info] > git remote --verbose [72ms]
2024-09-22 06:09:22.733 [info] > git for-each-ref --sort -committerdate --format %(refname) %(objectname) %(*objectname) [109ms]
2024-09-22 06:09:22.771 [info] > git status -z -uall [77ms]
2024-09-22 06:09:22.775 [info] > git config --get commit.template [46ms]
2024-09-22 06:09:22.777 [info] > git for-each-ref --format=%(refname)%00%(upstream:short)%00%(objectname)%00%(upstream:track)%00%(upstream:remotename)%00%(upstream:remoteref) refs/heads/master refs/remotes/master [8ms]
2024-09-22 06:09:24.725 [info] > git remote --verbose [337ms]
2024-09-22 06:09:24.725 [info] > git for-each-ref --sort -committerdate --format %(refname) %(objectname) %(*objectname) [366ms]
2024-09-22 06:09:24.727 [info] > git config --get commit.template [6ms]
2024-09-22 06:09:24.772 [info] > git for-each-ref --format=%(refname)%00%(upstream:short)%00%(objectname)%00%(upstream:track)%00%(upstream:remotename)%00%(upstream:remoteref) refs/heads/th refs/remotes/th [16ms]
2024-09-22 06:09:26.738 [info] > git status -z -uall [2330ms]
2024-09-22 06:09:27.964 [info] > git remote --verbose [60ms]
2024-09-22 06:09:27.964 [info] > git for-each-ref --sort -committerdate --format %(refname) %(objectname) %(*objectname) [79ms]
2024-09-22 06:09:27.972 [info] > git config --get commit.template [19ms]
2024-09-22 06:09:28.037 [info] > git status -z -uall [116ms]
2024-09-22 06:09:28.068 [info] > git for-each-ref --format=%(refname)%00%(upstream:short)%00%(objectname)%00%(upstream:track)%00%(upstream:remotename)%00%(upstream:remoteref) refs/heads/master refs/remotes/master [67ms]
2024-09-22 06:09:33.176 [info] > git remote --verbose [29ms]
2024-09-22 06:09:33.177 [info] > git for-each-ref --sort -committerdate --format %(refname) %(objectname) %(*objectname) [56ms]
2024-09-22 06:09:33.229 [info] > git config --get commit.template [27ms]
2024-09-22 06:09:33.240 [info] > git for-each-ref --format=%(refname)%00%(upstream:short)%00%(objectname)%00%(upstream:track)%00%(upstream:remotename)%00%(upstream:remoteref) refs/heads/master refs/remotes/master [13ms]
2024-09-22 06:09:33.257 [info] > git status -z -uall [85ms]
2024-09-22 06:09:36.995 [info] > git remote --verbose [350ms]
2024-09-22 06:09:36.996 [info] > git for-each-ref --sort -committerdate --format %(refname) %(objectname) %(*objectname) [380ms]
2024-09-22 06:09:36.999 [info] > git config --get commit.template [13ms]
2024-09-22 06:09:37.035 [info] > git for-each-ref --format=%(refname)%00%(upstream:short)%00%(objectname)%00%(upstream:track)%00%(upstream:remotename)%00%(upstream:remoteref) refs/heads/th refs/remotes/th [13ms]
2024-09-22 06:09:38.371 [info] > git remote --verbose [61ms]
2024-09-22 06:09:38.371 [info] > git for-each-ref --sort -committerdate --format %(refname) %(objectname) %(*objectname) [83ms]
2024-09-22 06:09:38.375 [info] > git config --get commit.template [13ms]
2024-09-22 06:09:38.399 [info] > git status -z -uall [68ms]
2024-09-22 06:09:38.407 [info] > git for-each-ref --format=%(refname)%00%(upstream:short)%00%(objectname)%00%(upstream:track)%00%(upstream:remotename)%00%(upstream:remoteref) refs/heads/master refs/remotes/master [9ms]
2024-09-22 06:09:38.500 [info] > git status -z -uall [1830ms]
2024-09-22 06:09:43.517 [info] > git remote --verbose [50ms]
2024-09-22 06:09:43.518 [info] > git for-each-ref --sort -committerdate --format %(refname) %(objectname) %(*objectname) [75ms]
2024-09-22 06:09:43.549 [info] > git config --get commit.template [34ms]
2024-09-22 06:09:43.561 [info] > git for-each-ref --format=%(refname)%00%(upstream:short)%00%(objectname)%00%(upstream:track)%00%(upstream:remotename)%00%(upstream:remoteref) refs/heads/master refs/remotes/master [13ms]
2024-09-22 06:09:43.587 [info] > git status -z -uall [98ms]
2024-09-22 06:09:43.948 [info] > git remote --verbose [307ms]
2024-09-22 06:09:43.949 [info] > git for-each-ref --sort -committerdate --format %(refname) %(objectname) %(*objectname) [327ms]
2024-09-22 06:09:44.028 [info] > git config --get commit.template [134ms]
2024-09-22 06:09:44.078 [info] > git for-each-ref --format=%(refname)%00%(upstream:short)%00%(objectname)%00%(upstream:track)%00%(upstream:remotename)%00%(upstream:remoteref) refs/heads/th refs/remotes/th [21ms]
2024-09-22 06:09:45.243 [info] > git status -z -uall [1579ms]
2024-09-22 06:09:48.691 [info] > git remote --verbose [35ms]
2024-09-22 06:09:48.691 [info] > git for-each-ref --sort -committerdate --format %(refname) %(objectname) %(*objectname) [66ms]
2024-09-22 06:09:48.761 [info] > git config --get commit.template [40ms]
2024-09-22 06:09:48.769 [info] > git for-each-ref --format=%(refname)%00%(upstream:short)%00%(objectname)%00%(upstream:track)%00%(upstream:remotename)%00%(upstream:remoteref) refs/heads/master refs/remotes/master [11ms]
2024-09-22 06:09:48.790 [info] > git status -z -uall [108ms]
2024-09-22 06:09:53.914 [info] > git remote --verbose [58ms]
2024-09-22 06:09:53.915 [info] > git for-each-ref --sort -committerdate --format %(refname) %(objectname) %(*objectname) [83ms]
2024-09-22 06:09:53.951 [info] > git config --get commit.template [41ms]
2024-09-22 06:09:53.963 [info] > git for-each-ref --format=%(refname)%00%(upstream:short)%00%(objectname)%00%(upstream:track)%00%(upstream:remotename)%00%(upstream:remoteref) refs/heads/master refs/remotes/master [13ms]
2024-09-22 06:09:53.968 [info] > git status -z -uall [90ms]
2024-09-22 06:09:57.718 [info] > git remote --verbose [396ms]
2024-09-22 06:09:57.719 [info] > git for-each-ref --sort -committerdate --format %(refname) %(objectname) %(*objectname) [430ms]
2024-09-22 06:09:57.723 [info] > git config --get commit.template [7ms]
2024-09-22 06:09:57.780 [info] > git for-each-ref --format=%(refname)%00%(upstream:short)%00%(objectname)%00%(upstream:track)%00%(upstream:remotename)%00%(upstream:remoteref) refs/heads/th refs/remotes/th [20ms]
2024-09-22 06:09:59.142 [info] > git remote --verbose [86ms]
2024-09-22 06:09:59.142 [info] > git for-each-ref --sort -committerdate --format %(refname) %(objectname) %(*objectname) [119ms]
2024-09-22 06:09:59.146 [info] > git config --get commit.template [15ms]
2024-09-22 06:09:59.185 [info] > git status -z -uall [96ms]
2024-09-22 06:09:59.191 [info] > git for-each-ref --format=%(refname)%00%(upstream:short)%00%(objectname)%00%(upstream:track)%00%(upstream:remotename)%00%(upstream:remoteref) refs/heads/master refs/remotes/master [9ms]
2024-09-22 06:09:59.245 [info] > git status -z -uall [1886ms]
2024-09-22 06:10:04.359 [info] > git remote --verbose [65ms]
2024-09-22 06:10:04.360 [info] > git for-each-ref --sort -committerdate --format %(refname) %(objectname) %(*objectname) [109ms]
2024-09-22 06:10:04.393 [info] > git status -z -uall [65ms]
2024-09-22 06:10:04.395 [info] > git config --get commit.template [37ms]
2024-09-22 06:10:04.396 [info] > git for-each-ref --format=%(refname)%00%(upstream:short)%00%(objectname)%00%(upstream:track)%00%(upstream:remotename)%00%(upstream:remoteref) refs/heads/master refs/remotes/master [8ms]
2024-09-22 06:10:05.978 [info] > git remote --verbose [329ms]
2024-09-22 06:10:05.979 [info] > git for-each-ref --sort -committerdate --format %(refname) %(objectname) %(*objectname) [357ms]
2024-09-22 06:10:05.983 [info] > git config --get commit.template [40ms]
2024-09-22 06:10:06.031 [info] > git for-each-ref --format=%(refname)%00%(upstream:short)%00%(objectname)%00%(upstream:track)%00%(upstream:remotename)%00%(upstream:remoteref) refs/heads/th refs/remotes/th [18ms]
2024-09-22 06:10:07.956 [info] > git status -z -uall [2276ms]
2024-09-22 06:10:09.461 [info] > git remote --verbose [23ms]
2024-09-22 06:10:09.461 [info] > git for-each-ref --sort -committerdate --format %(refname) %(objectname) %(*objectname) [42ms]
2024-09-22 06:10:09.508 [info] > git config --get commit.template [28ms]
2024-09-22 06:10:09.515 [info] > git for-each-ref --format=%(refname)%00%(upstream:short)%00%(objectname)%00%(upstream:track)%00%(upstream:remotename)%00%(upstream:remoteref) refs/heads/master refs/remotes/master [9ms]
2024-09-22 06:10:09.526 [info] > git status -z -uall [71ms]
2024-09-22 06:10:13.556 [info] > git remote --verbose [349ms]
2024-09-22 06:10:13.556 [info] > git for-each-ref --sort -committerdate --format %(refname) %(objectname) %(*objectname) [378ms]
2024-09-22 06:10:13.559 [info] > git config --get commit.template [110ms]
2024-09-22 06:10:13.603 [info] > git for-each-ref --format=%(refname)%00%(upstream:short)%00%(objectname)%00%(upstream:track)%00%(upstream:remotename)%00%(upstream:remoteref) refs/heads/th refs/remotes/th [14ms]
2024-09-22 06:10:14.658 [info] > git remote --verbose [68ms]
2024-09-22 06:10:14.658 [info] > git for-each-ref --sort -committerdate --format %(refname) %(objectname) %(*objectname) [97ms]
2024-09-22 06:10:14.661 [info] > git config --get commit.template [13ms]
2024-09-22 06:10:14.695 [info] > git status -z -uall [79ms]
2024-09-22 06:10:14.698 [info] > git for-each-ref --format=%(refname)%00%(upstream:short)%00%(objectname)%00%(upstream:track)%00%(upstream:remotename)%00%(upstream:remoteref) refs/heads/master refs/remotes/master [10ms]
2024-09-22 06:10:14.894 [info] > git status -z -uall [1662ms]
2024-09-22 06:10:19.827 [info] > git remote --verbose [63ms]
2024-09-22 06:10:19.827 [info] > git for-each-ref --sort -committerdate --format %(refname) %(objectname) %(*objectname) [90ms]
2024-09-22 06:10:19.866 [info] > git config --get commit.template [44ms]
2024-09-22 06:10:19.875 [info] > git for-each-ref --format=%(refname)%00%(upstream:short)%00%(objectname)%00%(upstream:track)%00%(upstream:remotename)%00%(upstream:remoteref) refs/heads/master refs/remotes/master [12ms]
2024-09-22 06:10:19.882 [info] > git status -z -uall [93ms]
2024-09-22 06:10:20.776 [info] > git remote --verbose [323ms]
2024-09-22 06:10:20.777 [info] > git for-each-ref --sort -committerdate --format %(refname) %(objectname) %(*objectname) [351ms]
2024-09-22 06:10:20.778 [info] > git config --get commit.template [5ms]
2024-09-22 06:10:20.821 [info] > git for-each-ref --format=%(refname)%00%(upstream:short)%00%(objectname)%00%(upstream:track)%00%(upstream:remotename)%00%(upstream:remoteref) refs/heads/th refs/remotes/th [12ms]
2024-09-22 06:10:22.553 [info] > git status -z -uall [2074ms]
2024-09-22 06:10:25.007 [info] > git remote --verbose [64ms]
2024-09-22 06:10:25.008 [info] > git for-each-ref --sort -committerdate --format %(refname) %(objectname) %(*objectname) [91ms]
2024-09-22 06:10:25.048 [info] > git config --get commit.template [44ms]
2024-09-22 06:10:25.050 [info] > git status -z -uall [80ms]
2024-09-22 06:10:25.054 [info] > git for-each-ref --format=%(refname)%00%(upstream:short)%00%(objectname)%00%(upstream:track)%00%(upstream:remotename)%00%(upstream:remoteref) refs/heads/master refs/remotes/master [7ms]
2024-09-22 06:10:28.080 [info] > git remote --verbose [346ms]
2024-09-22 06:10:28.081 [info] > git for-each-ref --sort -committerdate --format %(refname) %(objectname) %(*objectname) [382ms]
2024-09-22 06:10:28.084 [info] > git config --get commit.template [10ms]
2024-09-22 06:10:28.128 [info] > git for-each-ref --format=%(refname)%00%(upstream:short)%00%(objectname)%00%(upstream:track)%00%(upstream:remotename)%00%(upstream:remoteref) refs/heads/th refs/remotes/th [14ms]
2024-09-22 06:10:30.019 [info] > git status -z -uall [2258ms]
2024-09-22 06:10:30.292 [info] > git remote --verbose [84ms]
2024-09-22 06:10:30.293 [info] > git for-each-ref --sort -committerdate --format %(refname) %(objectname) %(*objectname) [117ms]
2024-09-22 06:10:31.426 [info] > git status -z -uall [1189ms]
2024-09-22 06:10:31.427 [info] > git config --get commit.template [1139ms]
2024-09-22 06:10:31.493 [info] > git for-each-ref --format=%(refname)%00%(upstream:short)%00%(objectname)%00%(upstream:track)%00%(upstream:remotename)%00%(upstream:remoteref) refs/heads/master refs/remotes/master [14ms]
2024-09-22 06:10:35.599 [info] > git remote --verbose [359ms]
2024-09-22 06:10:35.599 [info] > git for-each-ref --sort -committerdate --format %(refname) %(objectname) %(*objectname) [406ms]
2024-09-22 06:10:35.602 [info] > git config --get commit.template [5ms]
2024-09-22 06:10:35.654 [info] > git for-each-ref --format=%(refname)%00%(upstream:short)%00%(objectname)%00%(upstream:track)%00%(upstream:remotename)%00%(upstream:remoteref) refs/heads/th refs/remotes/th [12ms]
2024-09-22 06:10:36.691 [info] > git remote --verbose [109ms]
2024-09-22 06:10:36.692 [info] > git for-each-ref --sort -committerdate --format %(refname) %(objectname) %(*objectname) [152ms]
2024-09-22 06:10:36.707 [info] > git config --get commit.template [25ms]
2024-09-22 06:10:36.750 [info] > git status -z -uall [130ms]
2024-09-22 06:10:36.754 [info] > git for-each-ref --format=%(refname)%00%(upstream:short)%00%(objectname)%00%(upstream:track)%00%(upstream:remotename)%00%(upstream:remoteref) refs/heads/master refs/remotes/master [7ms]
2024-09-22 06:10:37.474 [info] > git status -z -uall [2197ms]
2024-09-22 06:10:41.926 [info] > git remote --verbose [89ms]
2024-09-22 06:10:41.926 [info] > git for-each-ref --sort -committerdate --format %(refname) %(objectname) %(*objectname) [126ms]
2024-09-22 06:10:41.973 [info] > git config --get commit.template [51ms]
2024-09-22 06:10:41.987 [info] > git for-each-ref --format=%(refname)%00%(upstream:short)%00%(objectname)%00%(upstream:track)%00%(upstream:remotename)%00%(upstream:remoteref) refs/heads/master refs/remotes/master [18ms]
2024-09-22 06:10:42.008 [info] > git status -z -uall [128ms]
2024-09-22 06:10:45.087 [info] > git remote --verbose [370ms]
2024-09-22 06:10:45.089 [info] > git for-each-ref --sort -committerdate --format %(refname) %(objectname) %(*objectname) [411ms]
2024-09-22 06:10:45.092 [info] > git config --get commit.template [80ms]
2024-09-22 06:10:45.141 [info] > git for-each-ref --format=%(refname)%00%(upstream:short)%00%(objectname)%00%(upstream:track)%00%(upstream:remotename)%00%(upstream:remoteref) refs/heads/th refs/remotes/th [14ms]
2024-09-22 06:10:47.177 [info] > git status -z -uall [2429ms]
2024-09-22 06:10:47.178 [info] > git remote --verbose [81ms]
2024-09-22 06:10:47.179 [info] > git for-each-ref --sort -committerdate --format %(refname) %(objectname) %(*objectname) [117ms]
2024-09-22 06:10:47.185 [info] > git config --get commit.template [19ms]
2024-09-22 06:10:47.310 [info] > git status -z -uall [182ms]
2024-09-22 06:10:48.359 [info] > git for-each-ref --format=%(refname)%00%(upstream:short)%00%(objectname)%00%(upstream:track)%00%(upstream:remotename)%00%(upstream:remoteref) refs/heads/master refs/remotes/master [1012ms]
2024-09-22 06:10:53.539 [info] > git remote --verbose [69ms]
2024-09-22 06:10:53.540 [info] > git for-each-ref --sort -committerdate --format %(refname) %(objectname) %(*objectname) [112ms]
2024-09-22 06:10:53.578 [info] > git status -z -uall [74ms]
2024-09-22 06:10:53.579 [info] > git config --get commit.template [42ms]
2024-09-22 06:10:53.583 [info] > git for-each-ref --format=%(refname)%00%(upstream:short)%00%(objectname)%00%(upstream:track)%00%(upstream:remotename)%00%(upstream:remoteref) refs/heads/master refs/remotes/master [7ms]
2024-09-22 06:10:58.750 [info] > git remote --verbose [84ms]
2024-09-22 06:10:58.750 [info] > git for-each-ref --sort -committerdate --format %(refname) %(objectname) %(*objectname) [118ms]
2024-09-22 06:10:58.754 [info] > git config --get commit.template [13ms]
2024-09-22 06:10:58.816 [info] > git for-each-ref --format=%(refname)%00%(upstream:short)%00%(objectname)%00%(upstream:track)%00%(upstream:remotename)%00%(upstream:remoteref) refs/heads/master refs/remotes/master [24ms]
2024-09-22 06:10:58.853 [info] > git status -z -uall [150ms]
2024-09-22 06:11:00.970 [info] > git remote --verbose [338ms]
2024-09-22 06:11:00.971 [info] > git for-each-ref --sort -committerdate --format %(refname) %(objectname) %(*objectname) [363ms]
2024-09-22 06:11:00.973 [info] > git config --get commit.template [156ms]
2024-09-22 06:11:01.016 [info] > git for-each-ref --format=%(refname)%00%(upstream:short)%00%(objectname)%00%(upstream:track)%00%(upstream:remotename)%00%(upstream:remoteref) refs/heads/th refs/remotes/th [18ms]
2024-09-22 06:11:01.926 [info] > git status -z -uall [1273ms]
2024-09-22 06:11:04.024 [info] > git remote --verbose [72ms]
2024-09-22 06:11:04.024 [info] > git for-each-ref --sort -committerdate --format %(refname) %(objectname) %(*objectname) [109ms]
2024-09-22 06:11:04.064 [info] > git status -z -uall [80ms]
2024-09-22 06:11:04.067 [info] > git config --get commit.template [46ms]
2024-09-22 06:11:04.072 [info] > git for-each-ref --format=%(refname)%00%(upstream:short)%00%(objectname)%00%(upstream:track)%00%(upstream:remotename)%00%(upstream:remoteref) refs/heads/master refs/remotes/master [10ms]
2024-09-22 06:11:07.422 [info] > git remote --verbose [319ms]
2024-09-22 06:11:07.425 [info] > git for-each-ref --sort -committerdate --format %(refname) %(objectname) %(*objectname) [352ms]
2024-09-22 06:11:07.427 [info] > git config --get commit.template [166ms]
2024-09-22 06:11:07.481 [info] > git for-each-ref --format=%(refname)%00%(upstream:short)%00%(objectname)%00%(upstream:track)%00%(upstream:remotename)%00%(upstream:remoteref) refs/heads/th refs/remotes/th [11ms]
2024-09-22 06:11:08.390 [info] > git status -z -uall [1255ms]
2024-09-22 06:11:09.648 [info] > git remote --verbose [117ms]
2024-09-22 06:11:09.648 [info] > git for-each-ref --sort -committerdate --format %(refname) %(objectname) %(*objectname) [148ms]
2024-09-22 06:11:09.653 [info] > git config --get commit.template [13ms]
2024-09-22 06:11:09.693 [info] > git status -z -uall [123ms]
2024-09-22 06:11:09.698 [info] > git for-each-ref --format=%(refname)%00%(upstream:short)%00%(objectname)%00%(upstream:track)%00%(upstream:remotename)%00%(upstream:remoteref) refs/heads/master refs/remotes/master [7ms]
2024-09-22 06:11:14.809 [info] > git remote --verbose [32ms]
2024-09-22 06:11:14.810 [info] > git for-each-ref --sort -committerdate --format %(refname) %(objectname) %(*objectname) [62ms]
2024-09-22 06:11:14.884 [info] > git config --get commit.template [47ms]
2024-09-22 06:11:14.913 [info] > git for-each-ref --format=%(refname)%00%(upstream:short)%00%(objectname)%00%(upstream:track)%00%(upstream:remotename)%00%(upstream:remoteref) refs/heads/master refs/remotes/master [35ms]
2024-09-22 06:11:14.937 [info] > git status -z -uall [134ms]
2024-09-22 06:11:20.082 [info] > git remote --verbose [56ms]
2024-09-22 06:11:20.083 [info] > git for-each-ref --sort -committerdate --format %(refname) %(objectname) %(*objectname) [85ms]
2024-09-22 06:11:20.120 [info] > git config --get commit.template [40ms]
2024-09-22 06:11:20.134 [info] > git for-each-ref --format=%(refname)%00%(upstream:short)%00%(objectname)%00%(upstream:track)%00%(upstream:remotename)%00%(upstream:remoteref) refs/heads/master refs/remotes/master [16ms]
2024-09-22 06:11:20.137 [info] > git status -z -uall [87ms]
2024-09-22 06:11:25.280 [info] > git remote --verbose [57ms]
2024-09-22 06:11:25.280 [info] > git for-each-ref --sort -committerdate --format %(refname) %(objectname) %(*objectname) [85ms]
2024-09-22 06:11:25.313 [info] > git config --get commit.template [36ms]
2024-09-22 06:11:25.320 [info] > git for-each-ref --format=%(refname)%00%(upstream:short)%00%(objectname)%00%(upstream:track)%00%(upstream:remotename)%00%(upstream:remoteref) refs/heads/master refs/remotes/master [11ms]
2024-09-22 06:11:25.333 [info] > git status -z -uall [87ms]
2024-09-22 06:11:28.230 [info] > git for-each-ref --sort -committerdate --format %(refname) %(objectname) %(*objectname) [377ms]
2024-09-22 06:11:28.232 [info] > git remote --verbose [345ms]
2024-09-22 06:11:28.255 [info] > git config --get commit.template [69ms]
2024-09-22 06:11:28.265 [info] > git for-each-ref --format=%(refname)%00%(upstream:short)%00%(objectname)%00%(upstream:track)%00%(upstream:remotename)%00%(upstream:remoteref) refs/heads/th refs/remotes/th [12ms]
2024-09-22 06:11:29.633 [info] > git status -z -uall [1719ms]
2024-09-22 06:11:30.895 [info] > git remote --verbose [59ms]
2024-09-22 06:11:30.896 [info] > git for-each-ref --sort -committerdate --format %(refname) %(objectname) %(*objectname) [78ms]
2024-09-22 06:11:30.939 [info] > git config --get commit.template [46ms]
2024-09-22 06:11:30.945 [info] > git for-each-ref --format=%(refname)%00%(upstream:short)%00%(objectname)%00%(upstream:track)%00%(upstream:remotename)%00%(upstream:remoteref) refs/heads/master refs/remotes/master [16ms]
2024-09-22 06:11:30.961 [info] > git status -z -uall [106ms]
2024-09-22 06:11:35.162 [info] > git remote --verbose [357ms]
2024-09-22 06:11:35.163 [info] > git for-each-ref --sort -committerdate --format %(refname) %(objectname) %(*objectname) [384ms]
2024-09-22 06:11:35.166 [info] > git config --get commit.template [119ms]
2024-09-22 06:11:35.209 [info] > git for-each-ref --format=%(refname)%00%(upstream:short)%00%(objectname)%00%(upstream:track)%00%(upstream:remotename)%00%(upstream:remoteref) refs/heads/th refs/remotes/th [18ms]
2024-09-22 06:11:36.110 [info] > git remote --verbose [75ms]
2024-09-22 06:11:36.110 [info] > git for-each-ref --sort -committerdate --format %(refname) %(objectname) %(*objectname) [109ms]
2024-09-22 06:11:36.113 [info] > git config --get commit.template [8ms]
2024-09-22 06:11:36.147 [info] > git for-each-ref --format=%(refname)%00%(upstream:short)%00%(objectname)%00%(upstream:track)%00%(upstream:remotename)%00%(upstream:remoteref) refs/heads/master refs/remotes/master [12ms]
2024-09-22 06:11:36.160 [info] > git status -z -uall [96ms]
2024-09-22 06:11:36.627 [info] > git status -z -uall [1798ms]
2024-09-22 06:11:41.277 [info] > git remote --verbose [31ms]
2024-09-22 06:11:41.279 [info] > git for-each-ref --sort -committerdate --format %(refname) %(objectname) %(*objectname) [60ms]
2024-09-22 06:11:41.355 [info] > git config --get commit.template [35ms]
2024-09-22 06:11:41.369 [info] > git for-each-ref --format=%(refname)%00%(upstream:short)%00%(objectname)%00%(upstream:track)%00%(upstream:remotename)%00%(upstream:remoteref) refs/heads/master refs/remotes/master [17ms]
2024-09-22 06:11:41.386 [info] > git status -z -uall [114ms]
2024-09-22 06:11:43.288 [info] > git remote --verbose [351ms]
2024-09-22 06:11:43.289 [info] > git for-each-ref --sort -committerdate --format %(refname) %(objectname) %(*objectname) [380ms]
2024-09-22 06:11:43.291 [info] > git config --get commit.template [11ms]
2024-09-22 06:11:43.332 [info] > git for-each-ref --format=%(refname)%00%(upstream:short)%00%(objectname)%00%(upstream:track)%00%(upstream:remotename)%00%(upstream:remoteref) refs/heads/th refs/remotes/th [12ms]
2024-09-22 06:11:45.304 [info] > git status -z -uall [2337ms]
2024-09-22 06:11:46.560 [info] > git remote --verbose [63ms]
2024-09-22 06:11:46.561 [info] > git for-each-ref --sort -committerdate --format %(refname) %(objectname) %(*objectname) [90ms]
2024-09-22 06:11:46.624 [info] > git config --get commit.template [67ms]
2024-09-22 06:11:46.641 [info] > git for-each-ref --format=%(refname)%00%(upstream:short)%00%(objectname)%00%(upstream:track)%00%(upstream:remotename)%00%(upstream:remoteref) refs/heads/master refs/remotes/master [20ms]
2024-09-22 06:11:46.662 [info] > git status -z -uall [143ms]
2024-09-22 06:11:51.796 [info] > git remote --verbose [37ms]
2024-09-22 06:11:51.796 [info] > git for-each-ref --sort -committerdate --format %(refname) %(objectname) %(*objectname) [70ms]
2024-09-22 06:11:51.861 [info] > git config --get commit.template [33ms]
2024-09-22 06:11:51.868 [info] > git for-each-ref --format=%(refname)%00%(upstream:short)%00%(objectname)%00%(upstream:track)%00%(upstream:remotename)%00%(upstream:remoteref) refs/heads/master refs/remotes/master [12ms]
2024-09-22 06:11:51.876 [info] > git status -z -uall [85ms]
2024-09-22 06:11:57.047 [info] > git remote --verbose [67ms]
2024-09-22 06:11:57.047 [info] > git for-each-ref --sort -committerdate --format %(refname) %(objectname) %(*objectname) [105ms]
2024-09-22 06:11:57.082 [info] > git config --get commit.template [37ms]
2024-09-22 06:11:57.095 [info] > git for-each-ref --format=%(refname)%00%(upstream:short)%00%(objectname)%00%(upstream:track)%00%(upstream:remotename)%00%(upstream:remoteref) refs/heads/master refs/remotes/master [16ms]
2024-09-22 06:11:57.100 [info] > git status -z -uall [89ms]
2024-09-22 06:12:02.268 [info] > git remote --verbose [73ms]
2024-09-22 06:12:02.269 [info] > git for-each-ref --sort -committerdate --format %(refname) %(objectname) %(*objectname) [108ms]
2024-09-22 06:12:02.302 [info] > git config --get commit.template [39ms]
2024-09-22 06:12:02.312 [info] > git for-each-ref --format=%(refname)%00%(upstream:short)%00%(objectname)%00%(upstream:track)%00%(upstream:remotename)%00%(upstream:remoteref) refs/heads/master refs/remotes/master [13ms]
2024-09-22 06:12:02.337 [info] > git status -z -uall [105ms]
2024-09-22 06:12:07.078 [info] > git remote --verbose [395ms]
2024-09-22 06:12:07.081 [info] > git for-each-ref --sort -committerdate --format %(refname) %(objectname) %(*objectname) [435ms]
2024-09-22 06:12:07.083 [info] > git config --get commit.template [132ms]
2024-09-22 06:12:07.137 [info] > git for-each-ref --format=%(refname)%00%(upstream:short)%00%(objectname)%00%(upstream:track)%00%(upstream:remotename)%00%(upstream:remoteref) refs/heads/th refs/remotes/th [17ms]
2024-09-22 06:12:07.504 [info] > git remote --verbose [84ms]
2024-09-22 06:12:07.505 [info] > git for-each-ref --sort -committerdate --format %(refname) %(objectname) %(*objectname) [119ms]
2024-09-22 06:12:07.508 [info] > git config --get commit.template [15ms]
2024-09-22 06:12:07.553 [info] > git status -z -uall [98ms]
2024-09-22 06:12:07.557 [info] > git for-each-ref --format=%(refname)%00%(upstream:short)%00%(objectname)%00%(upstream:track)%00%(upstream:remotename)%00%(upstream:remoteref) refs/heads/master refs/remotes/master [14ms]
2024-09-22 06:12:08.530 [info] > git status -z -uall [1814ms]
2024-09-22 06:12:12.690 [info] > git remote --verbose [62ms]
2024-09-22 06:12:12.690 [info] > git for-each-ref --sort -committerdate --format %(refname) %(objectname) %(*objectname) [91ms]
2024-09-22 06:12:12.725 [info] > git config --get commit.template [38ms]
2024-09-22 06:12:12.735 [info] > git for-each-ref --format=%(refname)%00%(upstream:short)%00%(objectname)%00%(upstream:track)%00%(upstream:remotename)%00%(upstream:remoteref) refs/heads/master refs/remotes/master [13ms]
2024-09-22 06:12:12.757 [info] > git status -z -uall [102ms]
2024-09-22 06:12:14.073 [info] > git remote --verbose [344ms]
2024-09-22 06:12:14.074 [info] > git for-each-ref --sort -committerdate --format %(refname) %(objectname) %(*objectname) [391ms]
2024-09-22 06:12:14.079 [info] > git config --get commit.template [49ms]
2024-09-22 06:12:14.135 [info] > git for-each-ref --format=%(refname)%00%(upstream:short)%00%(objectname)%00%(upstream:track)%00%(upstream:remotename)%00%(upstream:remoteref) refs/heads/th refs/remotes/th [12ms]
2024-09-22 06:12:15.529 [info] > git status -z -uall [1766ms]
2024-09-22 06:12:17.936 [info] > git remote --verbose [78ms]
2024-09-22 06:12:17.937 [info] > git for-each-ref --sort -committerdate --format %(refname) %(objectname) %(*objectname) [117ms]
2024-09-22 06:12:17.990 [info] > git status -z -uall [97ms]
2024-09-22 06:12:17.994 [info] > git config --get commit.template [60ms]
2024-09-22 06:12:18.002 [info] > git for-each-ref --format=%(refname)%00%(upstream:short)%00%(objectname)%00%(upstream:track)%00%(upstream:remotename)%00%(upstream:remoteref) refs/heads/master refs/remotes/master [13ms]
2024-09-22 06:12:21.065 [info] > git remote --verbose [354ms]
2024-09-22 06:12:21.065 [info] > git for-each-ref --sort -committerdate --format %(refname) %(objectname) %(*objectname) [393ms]
2024-09-22 06:12:21.087 [info] > git config --get commit.template [35ms]
2024-09-22 06:12:21.155 [info] > git for-each-ref --format=%(refname)%00%(upstream:short)%00%(objectname)%00%(upstream:track)%00%(upstream:remotename)%00%(upstream:remoteref) refs/heads/th refs/remotes/th [17ms]
2024-09-22 06:12:22.416 [info] > git status -z -uall [1668ms]
2024-09-22 06:12:23.727 [info] > git remote --verbose [113ms]
2024-09-22 06:12:23.727 [info] > git for-each-ref --sort -committerdate --format %(refname) %(objectname) %(*objectname) [153ms]
2024-09-22 06:12:23.731 [info] > git config --get commit.template [14ms]
2024-09-22 06:12:23.792 [info] > git status -z -uall [128ms]
2024-09-22 06:12:23.810 [info] > git for-each-ref --format=%(refname)%00%(upstream:short)%00%(objectname)%00%(upstream:track)%00%(upstream:remotename)%00%(upstream:remoteref) refs/heads/master refs/remotes/master [34ms]
2024-09-22 06:12:27.969 [info] > git remote --verbose [378ms]
2024-09-22 06:12:27.969 [info] > git for-each-ref --sort -committerdate --format %(refname) %(objectname) %(*objectname) [418ms]
2024-09-22 06:12:28.001 [info] > git config --get commit.template [38ms]
2024-09-22 06:12:28.013 [info] > git for-each-ref --format=%(refname)%00%(upstream:short)%00%(objectname)%00%(upstream:track)%00%(upstream:remotename)%00%(upstream:remoteref) refs/heads/th refs/remotes/th [14ms]
2024-09-22 06:12:29.011 [info] > git status -z -uall [66ms]
2024-09-22 06:12:29.014 [info] > git remote --verbose [102ms]
2024-09-22 06:12:29.014 [info] > git for-each-ref --sort -committerdate --format %(refname) %(objectname) %(*objectname) [139ms]
2024-09-22 06:12:29.021 [info] > git config --get commit.template [12ms]
2024-09-22 06:12:29.062 [info] > git for-each-ref --format=%(refname)%00%(upstream:short)%00%(objectname)%00%(upstream:track)%00%(upstream:remotename)%00%(upstream:remoteref) refs/heads/master refs/remotes/master [12ms]
2024-09-22 06:12:29.664 [info] > git status -z -uall [2039ms]
2024-09-22 06:12:34.242 [info] > git remote --verbose [75ms]
2024-09-22 06:12:34.243 [info] > git for-each-ref --sort -committerdate --format %(refname) %(objectname) %(*objectname) [111ms]
2024-09-22 06:12:34.295 [info] > git config --get commit.template [55ms]
2024-09-22 06:12:34.306 [info] > git for-each-ref --format=%(refname)%00%(upstream:short)%00%(objectname)%00%(upstream:track)%00%(upstream:remotename)%00%(upstream:remoteref) refs/heads/master refs/remotes/master [13ms]
2024-09-22 06:12:34.308 [info] > git status -z -uall [107ms]
2024-09-22 06:12:39.978 [info] > git remote --verbose [30ms]
2024-09-22 06:12:39.979 [info] > git for-each-ref --sort -committerdate --format %(refname) %(objectname) %(*objectname) [58ms]
2024-09-22 06:12:40.033 [info] > git config --get commit.template [31ms]
2024-09-22 06:12:40.045 [info] > git for-each-ref --format=%(refname)%00%(upstream:short)%00%(objectname)%00%(upstream:track)%00%(upstream:remotename)%00%(upstream:remoteref) refs/heads/master refs/remotes/master [14ms]
2024-09-22 06:12:40.070 [info] > git status -z -uall [101ms]
2024-09-22 06:12:45.205 [info] > git remote --verbose [50ms]
2024-09-22 06:12:45.206 [info] > git for-each-ref --sort -committerdate --format %(refname) %(objectname) %(*objectname) [79ms]
2024-09-22 06:12:45.238 [info] > git config --get commit.template [36ms]
2024-09-22 06:12:45.254 [info] > git for-each-ref --format=%(refname)%00%(upstream:short)%00%(objectname)%00%(upstream:track)%00%(upstream:remotename)%00%(upstream:remoteref) refs/heads/master refs/remotes/master [18ms]
2024-09-22 06:12:45.256 [info] > git status -z -uall [76ms]
2024-09-22 06:12:50.394 [info] > git remote --verbose [61ms]
2024-09-22 06:12:50.395 [info] > git for-each-ref --sort -committerdate --format %(refname) %(objectname) %(*objectname) [90ms]
2024-09-22 06:12:50.436 [info] > git config --get commit.template [44ms]
2024-09-22 06:12:50.451 [info] > git for-each-ref --format=%(refname)%00%(upstream:short)%00%(objectname)%00%(upstream:track)%00%(upstream:remotename)%00%(upstream:remoteref) refs/heads/master refs/remotes/master [19ms]
2024-09-22 06:12:50.505 [info] > git status -z -uall [148ms]
2024-09-22 06:12:55.662 [info] > git remote --verbose [78ms]
2024-09-22 06:12:55.663 [info] > git for-each-ref --sort -committerdate --format %(refname) %(objectname) %(*objectname) [107ms]
2024-09-22 06:12:55.667 [info] > git config --get commit.template [10ms]
2024-09-22 06:12:55.714 [info] > git for-each-ref --format=%(refname)%00%(upstream:short)%00%(objectname)%00%(upstream:track)%00%(upstream:remotename)%00%(upstream:remoteref) refs/heads/master refs/remotes/master [11ms]
2024-09-22 06:12:55.726 [info] > git status -z -uall [116ms]
2024-09-22 06:13:00.855 [info] > git remote --verbose [52ms]
2024-09-22 06:13:00.856 [info] > git for-each-ref --sort -committerdate --format %(refname) %(objectname) %(*objectname) [81ms]
2024-09-22 06:13:00.887 [info] > git config --get commit.template [35ms]
2024-09-22 06:13:00.902 [info] > git for-each-ref --format=%(refname)%00%(upstream:short)%00%(objectname)%00%(upstream:track)%00%(upstream:remotename)%00%(upstream:remoteref) refs/heads/master refs/remotes/master [17ms]
2024-09-22 06:13:00.946 [info] > git status -z -uall [119ms]
2024-09-22 06:13:06.094 [info] > git remote --verbose [75ms]
2024-09-22 06:13:06.094 [info] > git for-each-ref --sort -committerdate --format %(refname) %(objectname) %(*objectname) [102ms]
2024-09-22 06:13:06.097 [info] > git config --get commit.template [34ms]
2024-09-22 06:13:06.137 [info] > git for-each-ref --format=%(refname)%00%(upstream:short)%00%(objectname)%00%(upstream:track)%00%(upstream:remotename)%00%(upstream:remoteref) refs/heads/master refs/remotes/master [19ms]
2024-09-22 06:13:06.153 [info] > git status -z -uall [115ms]
2024-09-22 06:13:11.270 [info] > git remote --verbose [48ms]
2024-09-22 06:13:11.270 [info] > git for-each-ref --sort -committerdate --format %(refname) %(objectname) %(*objectname) [70ms]
2024-09-22 06:13:11.300 [info] > git config --get commit.template [37ms]
2024-09-22 06:13:11.317 [info] > git for-each-ref --format=%(refname)%00%(upstream:short)%00%(objectname)%00%(upstream:track)%00%(upstream:remotename)%00%(upstream:remoteref) refs/heads/master refs/remotes/master [21ms]
2024-09-22 06:13:11.349 [info] > git status -z -uall [107ms]
2024-09-22 06:13:16.471 [info] > git remote --verbose [44ms]
2024-09-22 06:13:16.472 [info] > git for-each-ref --sort -committerdate --format %(refname) %(objectname) %(*objectname) [66ms]
2024-09-22 06:13:16.507 [info] > git config --get commit.template [38ms]
2024-09-22 06:13:16.530 [info] > git for-each-ref --format=%(refname)%00%(upstream:short)%00%(objectname)%00%(upstream:track)%00%(upstream:remotename)%00%(upstream:remoteref) refs/heads/master refs/remotes/master [26ms]
2024-09-22 06:13:16.559 [info] > git status -z -uall [114ms]
2024-09-22 06:13:21.698 [info] > git remote --verbose [56ms]
2024-09-22 06:13:21.699 [info] > git for-each-ref --sort -committerdate --format %(refname) %(objectname) %(*objectname) [80ms]
2024-09-22 06:13:21.741 [info] > git config --get commit.template [46ms]
2024-09-22 06:13:21.754 [info] > git for-each-ref --format=%(refname)%00%(upstream:short)%00%(objectname)%00%(upstream:track)%00%(upstream:remotename)%00%(upstream:remoteref) refs/heads/master refs/remotes/master [17ms]
2024-09-22 06:13:21.796 [info] > git status -z -uall [132ms]
2024-09-22 06:13:26.922 [info] > git remote --verbose [52ms]
2024-09-22 06:13:26.922 [info] > git for-each-ref --sort -committerdate --format %(refname) %(objectname) %(*objectname) [78ms]
2024-09-22 06:13:26.958 [info] > git config --get commit.template [43ms]
2024-09-22 06:13:26.975 [info] > git for-each-ref --format=%(refname)%00%(upstream:short)%00%(objectname)%00%(upstream:track)%00%(upstream:remotename)%00%(upstream:remoteref) refs/heads/master refs/remotes/master [20ms]
2024-09-22 06:13:27.004 [info] > git status -z -uall [115ms]
2024-09-22 06:13:32.117 [info] > git remote --verbose [46ms]
2024-09-22 06:13:32.118 [info] > git for-each-ref --sort -committerdate --format %(refname) %(objectname) %(*objectname) [72ms]
2024-09-22 06:13:32.162 [info] > git config --get commit.template [48ms]
2024-09-22 06:13:32.177 [info] > git for-each-ref --format=%(refname)%00%(upstream:short)%00%(objectname)%00%(upstream:track)%00%(upstream:remotename)%00%(upstream:remoteref) refs/heads/master refs/remotes/master [25ms]
2024-09-22 06:13:32.240 [info] > git status -z -uall [151ms]
2024-09-22 06:13:37.343 [info] > git remote --verbose [27ms]
2024-09-22 06:13:37.344 [info] > git for-each-ref --sort -committerdate --format %(refname) %(objectname) %(*objectname) [56ms]
2024-09-22 06:13:37.399 [info] > git config --get commit.template [29ms]
2024-09-22 06:13:37.413 [info] > git for-each-ref --format=%(refname)%00%(upstream:short)%00%(objectname)%00%(upstream:track)%00%(upstream:remotename)%00%(upstream:remoteref) refs/heads/master refs/remotes/master [17ms]
2024-09-22 06:13:37.456 [info] > git status -z -uall [119ms]
2024-09-22 06:13:42.584 [info] > git remote --verbose [44ms]
2024-09-22 06:13:42.585 [info] > git for-each-ref --sort -committerdate --format %(refname) %(objectname) %(*objectname) [67ms]
2024-09-22 06:13:42.613 [info] > git config --get commit.template [32ms]
2024-09-22 06:13:42.629 [info] > git for-each-ref --format=%(refname)%00%(upstream:short)%00%(objectname)%00%(upstream:track)%00%(upstream:remotename)%00%(upstream:remoteref) refs/heads/master refs/remotes/master [18ms]
2024-09-22 06:13:42.647 [info] > git status -z -uall [89ms]
2024-09-22 06:13:47.788 [info] > git remote --verbose [57ms]
2024-09-22 06:13:47.788 [info] > git for-each-ref --sort -committerdate --format %(refname) %(objectname) %(*objectname) [87ms]
2024-09-22 06:13:47.824 [info] > git config --get commit.template [44ms]
2024-09-22 06:13:47.850 [info] > git for-each-ref --format=%(refname)%00%(upstream:short)%00%(objectname)%00%(upstream:track)%00%(upstream:remotename)%00%(upstream:remoteref) refs/heads/master refs/remotes/master [29ms]
2024-09-22 06:13:47.868 [info] > git status -z -uall [114ms]
2024-09-22 06:13:52.984 [info] > git remote --verbose [29ms]
2024-09-22 06:13:52.985 [info] > git for-each-ref --sort -committerdate --format %(refname) %(objectname) %(*objectname) [64ms]
2024-09-22 06:13:53.036 [info] > git config --get commit.template [28ms]
2024-09-22 06:13:53.055 [info] > git for-each-ref --format=%(refname)%00%(upstream:short)%00%(objectname)%00%(upstream:track)%00%(upstream:remotename)%00%(upstream:remoteref) refs/heads/master refs/remotes/master [21ms]
2024-09-22 06:13:53.094 [info] > git status -z -uall [116ms]
2024-09-22 06:13:58.202 [info] > git remote --verbose [32ms]
2024-09-22 06:13:58.203 [info] > git for-each-ref --sort -committerdate --format %(refname) %(objectname) %(*objectname) [61ms]
2024-09-22 06:13:58.266 [info] > git config --get commit.template [39ms]
2024-09-22 06:13:58.286 [info] > git for-each-ref --format=%(refname)%00%(upstream:short)%00%(objectname)%00%(upstream:track)%00%(upstream:remotename)%00%(upstream:remoteref) refs/heads/master refs/remotes/master [27ms]
2024-09-22 06:13:58.334 [info] > git status -z -uall [139ms]
2024-09-22 06:13:59.841 [info] > git remote --verbose [327ms]
2024-09-22 06:13:59.842 [info] > git for-each-ref --sort -committerdate --format %(refname) %(objectname) %(*objectname) [351ms]
2024-09-22 06:13:59.860 [info] > git config --get commit.template [102ms]
2024-09-22 06:13:59.900 [info] > git for-each-ref --format=%(refname)%00%(upstream:short)%00%(objectname)%00%(upstream:track)%00%(upstream:remotename)%00%(upstream:remoteref) refs/heads/th refs/remotes/th [17ms]
2024-09-22 06:14:01.631 [info] > git status -z -uall [2096ms]
2024-09-22 06:14:03.436 [info] > git remote --verbose [45ms]
2024-09-22 06:14:03.437 [info] > git for-each-ref --sort -committerdate --format %(refname) %(objectname) %(*objectname) [67ms]
2024-09-22 06:14:03.471 [info] > git config --get commit.template [37ms]
2024-09-22 06:14:03.481 [info] > git for-each-ref --format=%(refname)%00%(upstream:short)%00%(objectname)%00%(upstream:track)%00%(upstream:remotename)%00%(upstream:remoteref) refs/heads/master refs/remotes/master [13ms]
2024-09-22 06:14:03.491 [info] > git status -z -uall [81ms]
2024-09-22 06:14:06.945 [info] > git remote --verbose [36ms]
2024-09-22 06:14:06.946 [info] > git for-each-ref --sort -committerdate --format %(refname) %(objectname) %(*objectname) [74ms]
2024-09-22 06:14:07.308 [info] > git config --get commit.template [46ms]
2024-09-22 06:14:07.322 [info] > git for-each-ref --format=%(refname)%00%(upstream:short)%00%(objectname)%00%(upstream:track)%00%(upstream:remotename)%00%(upstream:remoteref) refs/heads/th refs/remotes/th [22ms]
2024-09-22 06:14:08.623 [info] > git remote --verbose [70ms]
2024-09-22 06:14:08.624 [info] > git for-each-ref --sort -committerdate --format %(refname) %(objectname) %(*objectname) [100ms]
2024-09-22 06:14:08.632 [info] > git config --get commit.template [21ms]
2024-09-22 06:14:08.671 [info] > git status -z -uall [96ms]
2024-09-22 06:14:08.679 [info] > git for-each-ref --format=%(refname)%00%(upstream:short)%00%(objectname)%00%(upstream:track)%00%(upstream:remotename)%00%(upstream:remoteref) refs/heads/master refs/remotes/master [19ms]
2024-09-22 06:14:08.937 [info] > git status -z -uall [2000ms]
2024-09-22 06:14:13.792 [info] > git remote --verbose [31ms]
2024-09-22 06:14:13.793 [info] > git for-each-ref --sort -committerdate --format %(refname) %(objectname) %(*objectname) [63ms]
2024-09-22 06:14:13.856 [info] > git config --get commit.template [35ms]
2024-09-22 06:14:13.865 [info] > git for-each-ref --format=%(refname)%00%(upstream:short)%00%(objectname)%00%(upstream:track)%00%(upstream:remotename)%00%(upstream:remoteref) refs/heads/master refs/remotes/master [13ms]
2024-09-22 06:14:13.884 [info] > git status -z -uall [97ms]
2024-09-22 06:14:14.292 [info] > git remote --verbose [176ms]
2024-09-22 06:14:14.293 [info] > git for-each-ref --sort -committerdate --format %(refname) %(objectname) %(*objectname) [202ms]
2024-09-22 06:14:14.489 [info] > git config --get commit.template [200ms]
2024-09-22 06:14:14.503 [info] > git for-each-ref --format=%(refname)%00%(upstream:short)%00%(objectname)%00%(upstream:track)%00%(upstream:remotename)%00%(upstream:remoteref) refs/heads/th refs/remotes/th [18ms]
2024-09-22 06:14:15.694 [info] > git status -z -uall [1555ms]
2024-09-22 06:14:19.047 [info] > git remote --verbose [72ms]
2024-09-22 06:14:19.047 [info] > git for-each-ref --sort -committerdate --format %(refname) %(objectname) %(*objectname) [109ms]
2024-09-22 06:14:19.099 [info] > git config --get commit.template [58ms]
2024-09-22 06:14:19.111 [info] > git for-each-ref --format=%(refname)%00%(upstream:short)%00%(objectname)%00%(upstream:track)%00%(upstream:remotename)%00%(upstream:remoteref) refs/heads/master refs/remotes/master [16ms]
2024-09-22 06:14:19.115 [info] > git status -z -uall [110ms]
2024-09-22 06:14:21.281 [info] > git remote --verbose [388ms]
2024-09-22 06:14:21.283 [info] > git for-each-ref --sort -committerdate --format %(refname) %(objectname) %(*objectname) [427ms]
2024-09-22 06:14:21.296 [info] > git config --get commit.template [182ms]
2024-09-22 06:14:21.349 [info] > git for-each-ref --format=%(refname)%00%(upstream:short)%00%(objectname)%00%(upstream:track)%00%(upstream:remotename)%00%(upstream:remoteref) refs/heads/th refs/remotes/th [14ms]
2024-09-22 06:14:23.409 [info] > git status -z -uall [2482ms]
2024-09-22 06:14:24.685 [info] > git remote --verbose [77ms]
2024-09-22 06:14:24.686 [info] > git for-each-ref --sort -committerdate --format %(refname) %(objectname) %(*objectname) [102ms]
2024-09-22 06:14:24.732 [info] > git config --get commit.template [50ms]
2024-09-22 06:14:24.746 [info] > git for-each-ref --format=%(refname)%00%(upstream:short)%00%(objectname)%00%(upstream:track)%00%(upstream:remotename)%00%(upstream:remoteref) refs/heads/master refs/remotes/master [16ms]
2024-09-22 06:14:24.752 [info] > git status -z -uall [114ms]
2024-09-22 06:14:29.871 [info] > git remote --verbose [57ms]
2024-09-22 06:14:29.871 [info] > git for-each-ref --sort -committerdate --format %(refname) %(objectname) %(*objectname) [84ms]
2024-09-22 06:14:29.908 [info] > git config --get commit.template [39ms]
2024-09-22 06:14:29.915 [info] > git for-each-ref --format=%(refname)%00%(upstream:short)%00%(objectname)%00%(upstream:track)%00%(upstream:remotename)%00%(upstream:remoteref) refs/heads/master refs/remotes/master [10ms]
2024-09-22 06:14:29.923 [info] > git status -z -uall [84ms]
2024-09-22 06:14:31.816 [info] > git show --textconv :5231100hydH [33ms]
2024-09-22 06:14:31.832 [info] > git ls-files --stage -- /root/thsunest01/5231100hydH [16ms]
2024-09-22 06:14:31.881 [info] > git cat-file -s 7cb9489bbcc2cec1994d51f1ee72853912a0068f [14ms]
2024-09-22 06:14:32.470 [info] > git show --textconv :5231100hydH.pub [33ms]
2024-09-22 06:14:32.483 [info] > git ls-files --stage -- /root/thsunest01/5231100hydH.pub [15ms]
2024-09-22 06:14:32.524 [info] > git cat-file -s 236ad9c34eb77d1cd16a66f4bffd4b1931921dbd [13ms]
2024-09-22 06:14:35.089 [info] > git remote --verbose [55ms]
2024-09-22 06:14:35.090 [info] > git for-each-ref --sort -committerdate --format %(refname) %(objectname) %(*objectname) [95ms]
2024-09-22 06:14:35.126 [info] > git config --get commit.template [39ms]
2024-09-22 06:14:35.133 [info] > git for-each-ref --format=%(refname)%00%(upstream:short)%00%(objectname)%00%(upstream:track)%00%(upstream:remotename)%00%(upstream:remoteref) refs/heads/master refs/remotes/master [8ms]
2024-09-22 06:14:35.134 [info] > git status -z -uall [76ms]
2024-09-22 06:14:36.566 [info] > git remote --verbose [272ms]
2024-09-22 06:14:36.566 [info] > git for-each-ref --sort -committerdate --format %(refname) %(objectname) %(*objectname) [300ms]
2024-09-22 06:14:36.598 [info] > git config --get commit.template [80ms]
2024-09-22 06:14:36.646 [info] > git for-each-ref --format=%(refname)%00%(upstream:short)%00%(objectname)%00%(upstream:track)%00%(upstream:remotename)%00%(upstream:remoteref) refs/heads/th refs/remotes/th [13ms]
2024-09-22 06:14:37.804 [info] > git status -z -uall [1484ms]
2024-09-22 06:14:39.667 [info] > git show --textconv :c/LinkList.c++ [34ms]
2024-09-22 06:14:39.677 [info] > git ls-files --stage -- /root/thsunest01/c/LinkList.c++ [12ms]
2024-09-22 06:14:39.722 [info] > git cat-file -s bf3d8a5b9ea3a471f71e804ba3de308c72bc26c8 [13ms]
2024-09-22 06:14:40.272 [info] > git remote --verbose [40ms]
2024-09-22 06:14:40.272 [info] > git for-each-ref --sort -committerdate --format %(refname) %(objectname) %(*objectname) [84ms]
2024-09-22 06:14:40.350 [info] > git config --get commit.template [35ms]
2024-09-22 06:14:40.363 [info] > git for-each-ref --format=%(refname)%00%(upstream:short)%00%(objectname)%00%(upstream:track)%00%(upstream:remotename)%00%(upstream:remoteref) refs/heads/master refs/remotes/master [14ms]
2024-09-22 06:14:40.373 [info] > git status -z -uall [104ms]
2024-09-22 06:14:43.035 [info] > git remote --verbose [44ms]
2024-09-22 06:14:43.035 [info] > git for-each-ref --sort -committerdate --format %(refname) %(objectname) %(*objectname) [82ms]
2024-09-22 06:14:43.335 [info] > git config --get commit.template [8ms]
2024-09-22 06:14:43.402 [info] > git for-each-ref --format=%(refname)%00%(upstream:short)%00%(objectname)%00%(upstream:track)%00%(upstream:remotename)%00%(upstream:remoteref) refs/heads/th refs/remotes/th [20ms]
2024-09-22 06:14:43.464 [info] > git show --textconv :.profile [34ms]
2024-09-22 06:14:43.498 [info] > git ls-files --stage -- /root/thsunest01/.profile [35ms]
2024-09-22 06:14:43.550 [info] > git cat-file -s c4c7402daf7ae66c19afdd13030901209f3d77fa [26ms]
2024-09-22 06:14:43.775 [info] > git show --textconv :.bashrc [25ms]
2024-09-22 06:14:43.791 [info] > git ls-files --stage -- /root/thsunest01/.bashrc [17ms]
2024-09-22 06:14:43.836 [info] > git cat-file -s ccb90fac1328f2861fcf698a9eba54cacadf0461 [9ms]
2024-09-22 06:14:44.495 [info] > git status -z -uall [1465ms]
2024-09-22 06:14:45.712 [info] > git remote --verbose [74ms]
2024-09-22 06:14:45.712 [info] > git for-each-ref --sort -committerdate --format %(refname) %(objectname) %(*objectname) [107ms]
2024-09-22 06:14:45.718 [info] > git config --get commit.template [9ms]
2024-09-22 06:14:45.753 [info] > git status -z -uall [78ms]
2024-09-22 06:14:45.787 [info] > git for-each-ref --format=%(refname)%00%(upstream:short)%00%(objectname)%00%(upstream:track)%00%(upstream:remotename)%00%(upstream:remoteref) refs/heads/master refs/remotes/master [37ms]
2024-09-22 06:14:46.783 [info] > git show --textconv :c/LinkList.c++ [35ms]
2024-09-22 06:14:46.794 [info] > git ls-files --stage -- /root/thsunest01/c/LinkList.c++ [13ms]
2024-09-22 06:14:46.838 [info] > git cat-file -s bf3d8a5b9ea3a471f71e804ba3de308c72bc26c8 [12ms]
2024-09-22 06:14:47.624 [info] > git show --textconv :.gitconfig [37ms]
2024-09-22 06:14:47.645 [info] > git ls-files --stage -- /root/thsunest01/.gitconfig [27ms]
2024-09-22 06:14:47.696 [info] > git cat-file -s 55218c97fa012531eb9f63c7486a0ff54b05e3a0 [10ms]
2024-09-22 06:14:50.023 [info] > git remote --verbose [338ms]
2024-09-22 06:14:50.024 [info] > git for-each-ref --sort -committerdate --format %(refname) %(objectname) %(*objectname) [376ms]
2024-09-22 06:14:50.030 [info] > git config --get commit.template [146ms]
2024-09-22 06:14:50.076 [info] > git for-each-ref --format=%(refname)%00%(upstream:short)%00%(objectname)%00%(upstream:track)%00%(upstream:remotename)%00%(upstream:remoteref) refs/heads/th refs/remotes/th [11ms]
2024-09-22 06:14:50.971 [info] > git remote --verbose [89ms]
2024-09-22 06:14:50.972 [info] > git for-each-ref --sort -committerdate --format %(refname) %(objectname) %(*objectname) [123ms]
2024-09-22 06:14:50.975 [info] > git config --get commit.template [15ms]
2024-09-22 06:14:51.019 [info] > git status -z -uall [104ms]
2024-09-22 06:14:51.022 [info] > git for-each-ref --format=%(refname)%00%(upstream:short)%00%(objectname)%00%(upstream:track)%00%(upstream:remotename)%00%(upstream:remoteref) refs/heads/master refs/remotes/master [8ms]
2024-09-22 06:14:51.230 [info] > git status -z -uall [1518ms]
2024-09-22 06:14:52.864 [info] > git check-ignore -v -z --stdin [15ms]
2024-09-22 06:14:55.290 [info] > git show --textconv :.bashrc [35ms]
2024-09-22 06:14:55.298 [info] > git ls-files --stage -- /root/.bashrc [14ms]
2024-09-22 06:14:56.259 [info] > git remote --verbose [121ms]
2024-09-22 06:14:56.259 [info] > git for-each-ref --sort -committerdate --format %(refname) %(objectname) %(*objectname) [174ms]
2024-09-22 06:14:56.288 [info] > git config --get commit.template [30ms]
2024-09-22 06:14:56.292 [info] > git status -z -uall [73ms]
2024-09-22 06:14:56.294 [info] > git for-each-ref --format=%(refname)%00%(upstream:short)%00%(objectname)%00%(upstream:track)%00%(upstream:remotename)%00%(upstream:remoteref) refs/heads/master refs/remotes/master [9ms]
2024-09-22 06:14:56.765 [info] > git show --textconv :.profile [34ms]
2024-09-22 06:14:56.774 [info] > git ls-files --stage -- /root/.profile [9ms]
2024-09-22 06:14:57.184 [info] > git show --textconv :.bashrc [42ms]
2024-09-22 06:14:57.193 [info] > git ls-files --stage -- /root/.bashrc [10ms]
2024-09-22 06:15:00.677 [info] > git show --textconv :.gitconfig [34ms]
2024-09-22 06:15:00.690 [info] > git ls-files --stage -- /root/thsunest01/.gitconfig [14ms]
2024-09-22 06:15:00.729 [info] > git cat-file -s 55218c97fa012531eb9f63c7486a0ff54b05e3a0 [12ms]
2024-09-22 06:15:01.396 [info] > git remote --verbose [28ms]
2024-09-22 06:15:01.396 [info] > git for-each-ref --sort -committerdate --format %(refname) %(objectname) %(*objectname) [58ms]
2024-09-22 06:15:01.461 [info] > git config --get commit.template [33ms]
2024-09-22 06:15:01.471 [info] > git for-each-ref --format=%(refname)%00%(upstream:short)%00%(objectname)%00%(upstream:track)%00%(upstream:remotename)%00%(upstream:remoteref) refs/heads/master refs/remotes/master [13ms]
2024-09-22 06:15:01.487 [info] > git status -z -uall [96ms]
2024-09-22 06:15:04.753 [info] > git show --textconv :c/LinkList.c++ [35ms]
2024-09-22 06:15:04.768 [info] > git ls-files --stage -- /root/thsunest01/c/LinkList.c++ [15ms]
2024-09-22 06:15:04.814 [info] > git cat-file -s bf3d8a5b9ea3a471f71e804ba3de308c72bc26c8 [13ms]
2024-09-22 06:15:05.702 [info] > git show --textconv :.profile [113ms]
2024-09-22 06:15:05.704 [info] > git remote --verbose [32ms]
2024-09-22 06:15:05.705 [info] > git for-each-ref --sort -committerdate --format %(refname) %(objectname) %(*objectname) [58ms]
2024-09-22 06:15:05.705 [info] > git ls-files --stage -- /root/thsunest01/.profile [86ms]
2024-09-22 06:15:06.007 [info] > git config --get commit.template [34ms]
2024-09-22 06:15:06.007 [info] > git cat-file -s c4c7402daf7ae66c19afdd13030901209f3d77fa [199ms]
2024-09-22 06:15:06.058 [info] > git for-each-ref --format=%(refname)%00%(upstream:short)%00%(objectname)%00%(upstream:track)%00%(upstream:remotename)%00%(upstream:remoteref) refs/heads/th refs/remotes/th [23ms]
2024-09-22 06:15:06.624 [info] > git remote --verbose [63ms]
2024-09-22 06:15:06.625 [info] > git for-each-ref --sort -committerdate --format %(refname) %(objectname) %(*objectname) [93ms]
2024-09-22 06:15:06.669 [info] > git config --get commit.template [46ms]
2024-09-22 06:15:06.670 [info] > git for-each-ref --format=%(refname)%00%(upstream:short)%00%(objectname)%00%(upstream:track)%00%(upstream:remotename)%00%(upstream:remoteref) refs/heads/master refs/remotes/master [9ms]
2024-09-22 06:15:06.677 [info] > git status -z -uall [86ms]
2024-09-22 06:15:07.260 [info] > git status -z -uall [1561ms]
2024-09-22 06:15:09.135 [info] > git show --textconv :c/LinkList.c++ [32ms]
2024-09-22 06:15:09.148 [info] > git ls-files --stage -- /root/thsunest01/c/LinkList.c++ [13ms]
2024-09-22 06:15:09.194 [info] > git cat-file -s bf3d8a5b9ea3a471f71e804ba3de308c72bc26c8 [12ms]
2024-09-22 06:15:11.804 [info] > git remote --verbose [34ms]
2024-09-22 06:15:11.805 [info] > git for-each-ref --sort -committerdate --format %(refname) %(objectname) %(*objectname) [76ms]
2024-09-22 06:15:11.867 [info] > git config --get commit.template [33ms]
2024-09-22 06:15:11.874 [info] > git for-each-ref --format=%(refname)%00%(upstream:short)%00%(objectname)%00%(upstream:track)%00%(upstream:remotename)%00%(upstream:remoteref) refs/heads/master refs/remotes/master [10ms]
2024-09-22 06:15:11.881 [info] > git status -z -uall [80ms]
2024-09-22 06:15:12.714 [info] > git remote --verbose [285ms]
2024-09-22 06:15:12.715 [info] > git for-each-ref --sort -committerdate --format %(refname) %(objectname) %(*objectname) [316ms]
2024-09-22 06:15:12.719 [info] > git config --get commit.template [64ms]
2024-09-22 06:15:12.798 [info] > git for-each-ref --format=%(refname)%00%(upstream:short)%00%(objectname)%00%(upstream:track)%00%(upstream:remotename)%00%(upstream:remoteref) refs/heads/th refs/remotes/th [40ms]
2024-09-22 06:15:12.806 [info] > git check-ignore -v -z --stdin [9ms]
2024-09-22 06:15:13.895 [info] > git status -z -uall [1435ms]
2024-09-22 06:15:15.532 [info] > git show --textconv :.ssh/id_rsa.pub [29ms]
2024-09-22 06:15:15.541 [info] > git ls-files --stage -- /root/.ssh/id_rsa.pub [9ms]
2024-09-22 06:15:16.333 [info] > git show --textconv :.ssh/id_rsa [40ms]
2024-09-22 06:15:16.343 [info] > git ls-files --stage -- /root/.ssh/id_rsa [12ms]
2024-09-22 06:15:16.979 [info] > git remote --verbose [28ms]
2024-09-22 06:15:16.980 [info] > git for-each-ref --sort -committerdate --format %(refname) %(objectname) %(*objectname) [58ms]
2024-09-22 06:15:17.056 [info] > git config --get commit.template [48ms]
2024-09-22 06:15:17.071 [info] > git for-each-ref --format=%(refname)%00%(upstream:short)%00%(objectname)%00%(upstream:track)%00%(upstream:remotename)%00%(upstream:remoteref) refs/heads/master refs/remotes/master [20ms]
2024-09-22 06:15:17.122 [info] > git status -z -uall [146ms]
2024-09-22 06:15:17.596 [info] > git check-ignore -v -z --stdin [10ms]
2024-09-22 06:15:19.623 [info] > git check-ignore -v -z --stdin [18ms]
2024-09-22 06:15:22.338 [info] > git remote --verbose [89ms]
2024-09-22 06:15:22.339 [info] > git for-each-ref --sort -committerdate --format %(refname) %(objectname) %(*objectname) [141ms]
2024-09-22 06:15:22.387 [info] > git config --get commit.template [53ms]
2024-09-22 06:15:22.401 [info] > git for-each-ref --format=%(refname)%00%(upstream:short)%00%(objectname)%00%(upstream:track)%00%(upstream:remotename)%00%(upstream:remoteref) refs/heads/master refs/remotes/master [18ms]
2024-09-22 06:15:22.409 [info] > git status -z -uall [118ms]
2024-09-22 06:15:27.534 [info] > git remote --verbose [37ms]
2024-09-22 06:15:27.535 [info] > git for-each-ref --sort -committerdate --format %(refname) %(objectname) %(*objectname) [70ms]
2024-09-22 06:15:27.594 [info] > git config --get commit.template [33ms]
2024-09-22 06:15:27.602 [info] > git for-each-ref --format=%(refname)%00%(upstream:short)%00%(objectname)%00%(upstream:track)%00%(upstream:remotename)%00%(upstream:remoteref) refs/heads/master refs/remotes/master [11ms]
2024-09-22 06:15:27.608 [info] > git status -z -uall [77ms]
2024-09-22 06:15:29.720 [info] > git check-ignore -v -z --stdin [16ms]
2024-09-22 06:15:30.828 [info] > git check-ignore -v -z --stdin [12ms]
2024-09-22 06:15:32.710 [info] > git remote --verbose [43ms]
2024-09-22 06:15:32.711 [info] > git for-each-ref --sort -committerdate --format %(refname) %(objectname) %(*objectname) [71ms]
2024-09-22 06:15:32.741 [info] > git config --get commit.template [32ms]
2024-09-22 06:15:32.749 [info] > git for-each-ref --format=%(refname)%00%(upstream:short)%00%(objectname)%00%(upstream:track)%00%(upstream:remotename)%00%(upstream:remoteref) refs/heads/master refs/remotes/master [10ms]
2024-09-22 06:15:32.766 [info] > git status -z -uall [78ms]
2024-09-22 06:15:33.097 [info] > git check-ignore -v -z --stdin [18ms]
2024-09-22 06:15:35.482 [info] > git check-ignore -v -z --stdin [16ms]
2024-09-22 06:15:37.871 [info] > git remote --verbose [47ms]
2024-09-22 06:15:37.872 [info] > git for-each-ref --sort -committerdate --format %(refname) %(objectname) %(*objectname) [70ms]
2024-09-22 06:15:37.901 [info] > git config --get commit.template [32ms]
2024-09-22 06:15:37.908 [info] > git for-each-ref --format=%(refname)%00%(upstream:short)%00%(objectname)%00%(upstream:track)%00%(upstream:remotename)%00%(upstream:remoteref) refs/heads/master refs/remotes/master [9ms]
2024-09-22 06:15:37.920 [info] > git status -z -uall [76ms]
2024-09-22 06:15:38.209 [info] > git check-ignore -v -z --stdin [16ms]
2024-09-22 06:15:42.244 [info] > git check-ignore -v -z --stdin [17ms]
2024-09-22 06:15:43.032 [info] > git remote --verbose [44ms]
2024-09-22 06:15:43.032 [info] > git for-each-ref --sort -committerdate --format %(refname) %(objectname) %(*objectname) [66ms]
2024-09-22 06:15:43.061 [info] > git config --get commit.template [32ms]
2024-09-22 06:15:43.070 [info] > git for-each-ref --format=%(refname)%00%(upstream:short)%00%(objectname)%00%(upstream:track)%00%(upstream:remotename)%00%(upstream:remoteref) refs/heads/master refs/remotes/master [10ms]
2024-09-22 06:15:43.077 [info] > git status -z -uall [71ms]
2024-09-22 06:15:43.169 [info] > git check-ignore -v -z --stdin [12ms]
2024-09-22 06:15:45.386 [info] > git show --textconv :.local/share/code-server/User/History/29ca9040/8K0P.c++ [19ms]
2024-09-22 06:15:45.393 [info] > git ls-files --stage -- /root/.local/share/code-server/User/History/29ca9040/8K0P.c++ [7ms]
2024-09-22 06:15:45.549 [info] > git check-ignore -v -z --stdin [10ms]
2024-09-22 06:15:47.258 [info] > git show --textconv :.local/share/code-server/User/History/29ca9040/c55n.c++ [24ms]
2024-09-22 06:15:47.272 [info] > git ls-files --stage -- /root/.local/share/code-server/User/History/29ca9040/c55n.c++ [16ms]
2024-09-22 06:15:48.171 [info] > git remote --verbose [38ms]
2024-09-22 06:15:48.172 [info] > git for-each-ref --sort -committerdate --format %(refname) %(objectname) %(*objectname) [59ms]
2024-09-22 06:15:48.212 [info] > git config --get commit.template [43ms]
2024-09-22 06:15:48.256 [info] > git show --textconv :.local/share/code-server/User/History/29ca9040/CChH.c++ [20ms]
2024-09-22 06:15:48.258 [info] > git for-each-ref --format=%(refname)%00%(upstream:short)%00%(objectname)%00%(upstream:track)%00%(upstream:remotename)%00%(upstream:remoteref) refs/heads/master refs/remotes/master [48ms]
2024-09-22 06:15:48.264 [info] > git ls-files --stage -- /root/.local/share/code-server/User/History/29ca9040/CChH.c++ [11ms]
2024-09-22 06:15:48.266 [info] > git status -z -uall [119ms]
2024-09-22 06:15:49.961 [info] > git show --textconv :.local/share/code-server/User/History/29ca9040/0pub.c++ [18ms]
2024-09-22 06:15:49.970 [info] > git ls-files --stage -- /root/.local/share/code-server/User/History/29ca9040/0pub.c++ [11ms]
2024-09-22 06:15:51.432 [info] > git show --textconv :.local/share/code-server/User/History/29ca9040/LQCN.c++ [23ms]
2024-09-22 06:15:51.445 [info] > git ls-files --stage -- /root/.local/share/code-server/User/History/29ca9040/LQCN.c++ [15ms]
2024-09-22 06:15:53.349 [info] > git remote --verbose [43ms]
2024-09-22 06:15:53.349 [info] > git for-each-ref --sort -committerdate --format %(refname) %(objectname) %(*objectname) [59ms]
2024-09-22 06:15:53.370 [info] > git config --get commit.template [27ms]
2024-09-22 06:15:53.378 [info] > git for-each-ref --format=%(refname)%00%(upstream:short)%00%(objectname)%00%(upstream:track)%00%(upstream:remotename)%00%(upstream:remoteref) refs/heads/master refs/remotes/master [11ms]
2024-09-22 06:15:53.407 [info] > git status -z -uall [84ms]
2024-09-22 06:15:53.407 [info] > git show --textconv :.local/share/code-server/User/History/29ca9040/YgWb.c++ [14ms]
2024-09-22 06:15:53.417 [info] > git ls-files --stage -- /root/.local/share/code-server/User/History/29ca9040/YgWb.c++ [10ms]
2024-09-22 06:15:58.484 [info] > git remote --verbose [30ms]
2024-09-22 06:15:58.485 [info] > git for-each-ref --sort -committerdate --format %(refname) %(objectname) %(*objectname) [45ms]
2024-09-22 06:15:58.515 [info] > git config --get commit.template [33ms]
2024-09-22 06:15:58.525 [info] > git for-each-ref --format=%(refname)%00%(upstream:short)%00%(objectname)%00%(upstream:track)%00%(upstream:remotename)%00%(upstream:remoteref) refs/heads/master refs/remotes/master [12ms]
2024-09-22 06:15:58.552 [info] > git status -z -uall [86ms]
2024-09-22 06:15:58.730 [info] > git check-ignore -v -z --stdin [75ms]
2024-09-22 06:15:59.568 [info] > git check-ignore -v -z --stdin [13ms]
2024-09-22 06:16:01.046 [info] > git show --textconv :.local/share/code-server/User/workspaceStorage/-31e48dea/meta.json [16ms]
2024-09-22 06:16:01.058 [info] > git ls-files --stage -- /root/.local/share/code-server/User/workspaceStorage/-31e48dea/meta.json [12ms]
2024-09-22 06:16:03.337 [info] > git show --textconv :.local/share/code-server/User/argv.json [16ms]
2024-09-22 06:16:03.354 [info] > git ls-files --stage -- /root/.local/share/code-server/User/argv.json [19ms]
2024-09-22 06:16:03.639 [info] > git remote --verbose [38ms]
2024-09-22 06:16:03.639 [info] > git for-each-ref --sort -committerdate --format %(refname) %(objectname) %(*objectname) [58ms]
2024-09-22 06:16:03.658 [info] > git config --get commit.template [21ms]
2024-09-22 06:16:03.667 [info] > git for-each-ref --format=%(refname)%00%(upstream:short)%00%(objectname)%00%(upstream:track)%00%(upstream:remotename)%00%(upstream:remoteref) refs/heads/master refs/remotes/master [10ms]
2024-09-22 06:16:03.687 [info] > git status -z -uall [67ms]
2024-09-22 06:16:05.152 [info] > git show --textconv :.local/share/code-server/User/customBuiltinExtensionsCache.json [17ms]
2024-09-22 06:16:05.165 [info] > git ls-files --stage -- /root/.local/share/code-server/User/customBuiltinExtensionsCache.json [13ms]
2024-09-22 06:16:07.643 [info] > git show --textconv :.local/share/code-server/User/machineid [29ms]
2024-09-22 06:16:07.655 [info] > git ls-files --stage -- /root/.local/share/code-server/User/machineid [14ms]
2024-09-22 06:16:08.803 [info] > git remote --verbose [51ms]
2024-09-22 06:16:08.803 [info] > git for-each-ref --sort -committerdate --format %(refname) %(objectname) %(*objectname) [77ms]
2024-09-22 06:16:08.841 [info] > git config --get commit.template [41ms]
2024-09-22 06:16:08.856 [info] > git for-each-ref --format=%(refname)%00%(upstream:short)%00%(objectname)%00%(upstream:track)%00%(upstream:remotename)%00%(upstream:remoteref) refs/heads/master refs/remotes/master [18ms]
2024-09-22 06:16:08.887 [info] > git status -z -uall [112ms]
2024-09-22 06:16:09.539 [info] > git show --textconv :.local/share/code-server/User/settings.json [34ms]
2024-09-22 06:16:09.551 [info] > git ls-files --stage -- /root/.local/share/code-server/User/settings.json [20ms]
2024-09-22 06:16:09.936 [info] > git show --textconv :.local/share/code-server/User/systemExtensionsCache.json [22ms]
2024-09-22 06:16:09.947 [info] > git ls-files --stage -- /root/.local/share/code-server/User/systemExtensionsCache.json [13ms]
2024-09-22 06:16:10.984 [info] > git show --textconv :.local/share/code-server/coder.json [21ms]
2024-09-22 06:16:10.998 [info] > git ls-files --stage -- /root/.local/share/code-server/coder.json [15ms]
2024-09-22 06:16:11.827 [info] > git show --textconv :.local/share/code-server/heartbeat [21ms]
2024-09-22 06:16:11.834 [info] > git ls-files --stage -- /root/.local/share/code-server/heartbeat [9ms]
2024-09-22 06:16:13.300 [info] > git show --textconv :.local/share/code-server/languagepacks.json [20ms]
2024-09-22 06:16:13.311 [info] > git ls-files --stage -- /root/.local/share/code-server/languagepacks.json [13ms]
2024-09-22 06:16:14.002 [info] > git remote --verbose [47ms]
2024-09-22 06:16:14.002 [info] > git for-each-ref --sort -committerdate --format %(refname) %(objectname) %(*objectname) [76ms]
2024-09-22 06:16:14.028 [info] > git config --get commit.template [28ms]
2024-09-22 06:16:14.035 [info] > git for-each-ref --format=%(refname)%00%(upstream:short)%00%(objectname)%00%(upstream:track)%00%(upstream:remotename)%00%(upstream:remoteref) refs/heads/master refs/remotes/master [8ms]
2024-09-22 06:16:14.046 [info] > git status -z -uall [69ms]
2024-09-22 06:16:14.811 [info] > git show --textconv :.local/share/code-server/machineid [27ms]
2024-09-22 06:16:14.820 [info] > git ls-files --stage -- /root/.local/share/code-server/machineid [10ms]
2024-09-22 06:16:19.136 [info] > git remote --verbose [37ms]
2024-09-22 06:16:19.136 [info] > git for-each-ref --sort -committerdate --format %(refname) %(objectname) %(*objectname) [56ms]
2024-09-22 06:16:19.171 [info] > git config --get commit.template [38ms]
2024-09-22 06:16:19.179 [info] > git for-each-ref --format=%(refname)%00%(upstream:short)%00%(objectname)%00%(upstream:track)%00%(upstream:remotename)%00%(upstream:remoteref) refs/heads/master refs/remotes/master [14ms]
2024-09-22 06:16:19.192 [info] > git status -z -uall [78ms]
2024-09-22 06:16:24.295 [info] > git remote --verbose [43ms]
2024-09-22 06:16:24.296 [info] > git for-each-ref --sort -committerdate --format %(refname) %(objectname) %(*objectname) [67ms]
2024-09-22 06:16:24.324 [info] > git config --get commit.template [31ms]
2024-09-22 06:16:24.333 [info] > git for-each-ref --format=%(refname)%00%(upstream:short)%00%(objectname)%00%(upstream:track)%00%(upstream:remotename)%00%(upstream:remoteref) refs/heads/master refs/remotes/master [12ms]
2024-09-22 06:16:24.338 [info] > git status -z -uall [68ms]
2024-09-22 06:16:29.158 [info] > git show --textconv :c/LinkList.c++ [23ms]
2024-09-22 06:16:29.176 [info] > git ls-files --stage -- /root/thsunest01/c/LinkList.c++ [19ms]
2024-09-22 06:16:29.206 [info] > git cat-file -s bf3d8a5b9ea3a471f71e804ba3de308c72bc26c8 [7ms]
2024-09-22 06:16:29.455 [info] > git remote --verbose [54ms]
2024-09-22 06:16:29.455 [info] > git for-each-ref --sort -committerdate --format %(refname) %(objectname) %(*objectname) [77ms]
2024-09-22 06:16:29.482 [info] > git config --get commit.template [32ms]
2024-09-22 06:16:29.491 [info] > git for-each-ref --format=%(refname)%00%(upstream:short)%00%(objectname)%00%(upstream:track)%00%(upstream:remotename)%00%(upstream:remoteref) refs/heads/master refs/remotes/master [10ms]
2024-09-22 06:16:29.501 [info] > git status -z -uall [79ms]
2024-09-22 06:16:34.640 [info] > git remote --verbose [57ms]
2024-09-22 06:16:34.641 [info] > git for-each-ref --sort -committerdate --format %(refname) %(objectname) %(*objectname) [85ms]
2024-09-22 06:16:34.688 [info] > git config --get commit.template [56ms]
2024-09-22 06:16:34.699 [info] > git for-each-ref --format=%(refname)%00%(upstream:short)%00%(objectname)%00%(upstream:track)%00%(upstream:remotename)%00%(upstream:remoteref) refs/heads/master refs/remotes/master [16ms]
2024-09-22 06:16:34.729 [info] > git status -z -uall [124ms]
2024-09-22 06:16:39.829 [info] > git remote --verbose [25ms]
2024-09-22 06:16:39.830 [info] > git for-each-ref --sort -committerdate --format %(refname) %(objectname) %(*objectname) [50ms]
2024-09-22 06:16:39.887 [info] > git config --get commit.template [34ms]
2024-09-22 06:16:39.902 [info] > git for-each-ref --format=%(refname)%00%(upstream:short)%00%(objectname)%00%(upstream:track)%00%(upstream:remotename)%00%(upstream:remoteref) refs/heads/master refs/remotes/master [18ms]
2024-09-22 06:16:39.937 [info] > git status -z -uall [113ms]
2024-09-22 06:16:45.073 [info] > git remote --verbose [49ms]
2024-09-22 06:16:45.074 [info] > git for-each-ref --sort -committerdate --format %(refname) %(objectname) %(*objectname) [75ms]
2024-09-22 06:16:45.106 [info] > git config --get commit.template [36ms]
2024-09-22 06:16:45.120 [info] > git for-each-ref --format=%(refname)%00%(upstream:short)%00%(objectname)%00%(upstream:track)%00%(upstream:remotename)%00%(upstream:remoteref) refs/heads/master refs/remotes/master [18ms]
2024-09-22 06:16:45.159 [info] > git status -z -uall [116ms]
2024-09-22 06:16:50.292 [info] > git remote --verbose [53ms]
2024-09-22 06:16:50.294 [info] > git for-each-ref --sort -committerdate --format %(refname) %(objectname) %(*objectname) [81ms]
2024-09-22 06:16:50.329 [info] > git config --get commit.template [40ms]
2024-09-22 06:16:50.344 [info] > git for-each-ref --format=%(refname)%00%(upstream:short)%00%(objectname)%00%(upstream:track)%00%(upstream:remotename)%00%(upstream:remoteref) refs/heads/master refs/remotes/master [18ms]
2024-09-22 06:16:50.372 [info] > git status -z -uall [111ms]
2024-09-22 06:16:54.457 [info] > git remote --verbose [335ms]
2024-09-22 06:16:54.457 [info] > git for-each-ref --sort -committerdate --format %(refname) %(objectname) %(*objectname) [362ms]
2024-09-22 06:16:54.461 [info] > git config --get commit.template [13ms]
2024-09-22 06:16:54.493 [info] > git for-each-ref --format=%(refname)%00%(upstream:short)%00%(objectname)%00%(upstream:track)%00%(upstream:remotename)%00%(upstream:remoteref) refs/heads/th refs/remotes/th [13ms]
2024-09-22 06:16:55.791 [info] > git status -z -uall [1649ms]
2024-09-22 06:16:57.146 [info] > git remote --verbose [85ms]
2024-09-22 06:16:57.147 [info] > git for-each-ref --sort -committerdate --format %(refname) %(objectname) %(*objectname) [110ms]
2024-09-22 06:16:57.159 [info] > git config --get commit.template [20ms]
2024-09-22 06:16:57.234 [info] > git status -z -uall [148ms]
2024-09-22 06:16:57.247 [info] > git for-each-ref --format=%(refname)%00%(upstream:short)%00%(objectname)%00%(upstream:track)%00%(upstream:remotename)%00%(upstream:remoteref) refs/heads/master refs/remotes/master [16ms]
2024-09-22 06:17:01.348 [info] > git remote --verbose [326ms]
2024-09-22 06:17:01.349 [info] > git for-each-ref --sort -committerdate --format %(refname) %(objectname) %(*objectname) [353ms]
2024-09-22 06:17:01.355 [info] > git config --get commit.template [108ms]
2024-09-22 06:17:01.396 [info] > git for-each-ref --format=%(refname)%00%(upstream:short)%00%(objectname)%00%(upstream:track)%00%(upstream:remotename)%00%(upstream:remoteref) refs/heads/th refs/remotes/th [6ms]
2024-09-22 06:17:02.394 [info] > git remote --verbose [79ms]
2024-09-22 06:17:02.394 [info] > git for-each-ref --sort -committerdate --format %(refname) %(objectname) %(*objectname) [108ms]
2024-09-22 06:17:02.407 [info] > git config --get commit.template [28ms]
2024-09-22 06:17:02.455 [info] > git status -z -uall [114ms]
2024-09-22 06:17:02.462 [info] > git for-each-ref --format=%(refname)%00%(upstream:short)%00%(objectname)%00%(upstream:track)%00%(upstream:remotename)%00%(upstream:remoteref) refs/heads/master refs/remotes/master [16ms]
2024-09-22 06:17:03.014 [info] > git status -z -uall [1969ms]
2024-09-22 06:17:07.599 [info] > git remote --verbose [55ms]
2024-09-22 06:17:07.600 [info] > git for-each-ref --sort -committerdate --format %(refname) %(objectname) %(*objectname) [85ms]
2024-09-22 06:17:07.634 [info] > git config --get commit.template [38ms]
2024-09-22 06:17:07.649 [info] > git for-each-ref --format=%(refname)%00%(upstream:short)%00%(objectname)%00%(upstream:track)%00%(upstream:remotename)%00%(upstream:remoteref) refs/heads/master refs/remotes/master [16ms]
2024-09-22 06:17:07.652 [info] > git status -z -uall [83ms]
2024-09-22 06:17:08.204 [info] > git remote --verbose [33ms]
2024-09-22 06:17:08.205 [info] > git for-each-ref --sort -committerdate --format %(refname) %(objectname) %(*objectname) [63ms]
2024-09-22 06:17:08.478 [info] > git config --get commit.template [110ms]
2024-09-22 06:17:08.538 [info] > git for-each-ref --format=%(refname)%00%(upstream:short)%00%(objectname)%00%(upstream:track)%00%(upstream:remotename)%00%(upstream:remoteref) refs/heads/th refs/remotes/th [9ms]
2024-09-22 06:17:10.428 [info] > git status -z -uall [2228ms]
2024-09-22 06:17:12.780 [info] > git remote --verbose [40ms]
2024-09-22 06:17:12.780 [info] > git for-each-ref --sort -committerdate --format %(refname) %(objectname) %(*objectname) [76ms]
2024-09-22 06:17:12.846 [info] > git config --get commit.template [34ms]
2024-09-22 06:17:12.854 [info] > git for-each-ref --format=%(refname)%00%(upstream:short)%00%(objectname)%00%(upstream:track)%00%(upstream:remotename)%00%(upstream:remoteref) refs/heads/master refs/remotes/master [8ms]
2024-09-22 06:17:12.859 [info] > git status -z -uall [84ms]
2024-09-22 06:17:15.951 [info] > git remote --verbose [335ms]
2024-09-22 06:17:15.952 [info] > git for-each-ref --sort -committerdate --format %(refname) %(objectname) %(*objectname) [378ms]
2024-09-22 06:17:15.954 [info] > git config --get commit.template [4ms]
2024-09-22 06:17:16.003 [info] > git for-each-ref --format=%(refname)%00%(upstream:short)%00%(objectname)%00%(upstream:track)%00%(upstream:remotename)%00%(upstream:remoteref) refs/heads/th refs/remotes/th [1ms]
2024-09-22 06:17:17.320 [info] > git status -z -uall [1670ms]
2024-09-22 06:17:18.622 [info] > git remote --verbose [104ms]
2024-09-22 06:17:18.623 [info] > git for-each-ref --sort -committerdate --format %(refname) %(objectname) %(*objectname) [141ms]
2024-09-22 06:17:18.628 [info] > git config --get commit.template [13ms]
2024-09-22 06:17:18.676 [info] > git status -z -uall [121ms]
2024-09-22 06:17:18.690 [info] > git for-each-ref --format=%(refname)%00%(upstream:short)%00%(objectname)%00%(upstream:track)%00%(upstream:remotename)%00%(upstream:remoteref) refs/heads/master refs/remotes/master [16ms]
2024-09-22 06:17:22.830 [info] > git remote --verbose [324ms]
2024-09-22 06:17:22.832 [info] > git for-each-ref --sort -committerdate --format %(refname) %(objectname) %(*objectname) [369ms]
2024-09-22 06:17:22.876 [info] > git config --get commit.template [148ms]
2024-09-22 06:17:22.924 [info] > git for-each-ref --format=%(refname)%00%(upstream:short)%00%(objectname)%00%(upstream:track)%00%(upstream:remotename)%00%(upstream:remoteref) refs/heads/th refs/remotes/th [14ms]
2024-09-22 06:17:23.854 [info] > git remote --verbose [87ms]
2024-09-22 06:17:23.854 [info] > git for-each-ref --sort -committerdate --format %(refname) %(objectname) %(*objectname) [123ms]
2024-09-22 06:17:23.900 [info] > git config --get commit.template [57ms]
2024-09-22 06:17:23.905 [info] > git status -z -uall [99ms]
2024-09-22 06:17:23.920 [info] > git for-each-ref --format=%(refname)%00%(upstream:short)%00%(objectname)%00%(upstream:track)%00%(upstream:remotename)%00%(upstream:remoteref) refs/heads/master refs/remotes/master [21ms]
2024-09-22 06:17:24.313 [info] > git status -z -uall [1773ms]
2024-09-22 06:17:29.018 [info] > git remote --verbose [25ms]
2024-09-22 06:17:29.018 [info] > git for-each-ref --sort -committerdate --format %(refname) %(objectname) %(*objectname) [55ms]
2024-09-22 06:17:29.072 [info] > git config --get commit.template [32ms]
2024-09-22 06:17:29.078 [info] > git for-each-ref --format=%(refname)%00%(upstream:short)%00%(objectname)%00%(upstream:track)%00%(upstream:remotename)%00%(upstream:remoteref) refs/heads/master refs/remotes/master [15ms]
2024-09-22 06:17:29.090 [info] > git status -z -uall [77ms]
2024-09-22 06:17:29.766 [info] > git remote --verbose [303ms]
2024-09-22 06:17:29.767 [info] > git for-each-ref --sort -committerdate --format %(refname) %(objectname) %(*objectname) [329ms]
2024-09-22 06:17:29.771 [info] > git config --get commit.template [60ms]
2024-09-22 06:17:29.811 [info] > git for-each-ref --format=%(refname)%00%(upstream:short)%00%(objectname)%00%(upstream:track)%00%(upstream:remotename)%00%(upstream:remoteref) refs/heads/th refs/remotes/th [12ms]
2024-09-22 06:17:31.238 [info] > git status -z -uall [1754ms]
2024-09-22 06:17:34.193 [info] > git remote --verbose [32ms]
2024-09-22 06:17:34.194 [info] > git for-each-ref --sort -committerdate --format %(refname) %(objectname) %(*objectname) [60ms]
2024-09-22 06:17:34.251 [info] > git config --get commit.template [31ms]
2024-09-22 06:17:34.267 [info] > git for-each-ref --format=%(refname)%00%(upstream:short)%00%(objectname)%00%(upstream:track)%00%(upstream:remotename)%00%(upstream:remoteref) refs/heads/master refs/remotes/master [18ms]
2024-09-22 06:17:34.276 [info] > git status -z -uall [88ms]
2024-09-22 06:17:36.444 [info] > git remote --verbose [31ms]
2024-09-22 06:17:36.445 [info] > git for-each-ref --sort -committerdate --format %(refname) %(objectname) %(*objectname) [66ms]
2024-09-22 06:17:36.742 [info] > git config --get commit.template [7ms]
2024-09-22 06:17:36.790 [info] > git for-each-ref --format=%(refname)%00%(upstream:short)%00%(objectname)%00%(upstream:track)%00%(upstream:remotename)%00%(upstream:remoteref) refs/heads/th refs/remotes/th [11ms]
2024-09-22 06:17:38.364 [info] > git status -z -uall [1924ms]
2024-09-22 06:17:39.622 [info] > git remote --verbose [68ms]
2024-09-22 06:17:39.622 [info] > git for-each-ref --sort -committerdate --format %(refname) %(objectname) %(*objectname) [96ms]
2024-09-22 06:17:39.661 [info] > git config --get commit.template [43ms]
2024-09-22 06:17:39.670 [info] > git for-each-ref --format=%(refname)%00%(upstream:short)%00%(objectname)%00%(upstream:track)%00%(upstream:remotename)%00%(upstream:remoteref) refs/heads/master refs/remotes/master [11ms]
2024-09-22 06:17:39.678 [info] > git status -z -uall [97ms]
2024-09-22 06:17:43.953 [info] > git remote --verbose [421ms]
2024-09-22 06:17:43.954 [info] > git for-each-ref --sort -committerdate --format %(refname) %(objectname) %(*objectname) [457ms]
2024-09-22 06:17:43.961 [info] > git config --get commit.template [173ms]
2024-09-22 06:17:44.011 [info] > git for-each-ref --format=%(refname)%00%(upstream:short)%00%(objectname)%00%(upstream:track)%00%(upstream:remotename)%00%(upstream:remoteref) refs/heads/th refs/remotes/th [13ms]
2024-09-22 06:17:44.821 [info] > git remote --verbose [70ms]
2024-09-22 06:17:44.822 [info] > git for-each-ref --sort -committerdate --format %(refname) %(objectname) %(*objectname) [101ms]
2024-09-22 06:17:44.826 [info] > git config --get commit.template [15ms]
2024-09-22 06:17:44.856 [info] > git status -z -uall [75ms]
2024-09-22 06:17:44.863 [info] > git for-each-ref --format=%(refname)%00%(upstream:short)%00%(objectname)%00%(upstream:track)%00%(upstream:remotename)%00%(upstream:remoteref) refs/heads/master refs/remotes/master [7ms]
2024-09-22 06:17:45.163 [info] > git status -z -uall [1589ms]
2024-09-22 06:17:50.017 [info] > git remote --verbose [61ms]
2024-09-22 06:17:50.018 [info] > git for-each-ref --sort -committerdate --format %(refname) %(objectname) %(*objectname) [103ms]
2024-09-22 06:17:50.052 [info] > git config --get commit.template [38ms]
2024-09-22 06:17:50.060 [info] > git for-each-ref --format=%(refname)%00%(upstream:short)%00%(objectname)%00%(upstream:track)%00%(upstream:remotename)%00%(upstream:remoteref) refs/heads/master refs/remotes/master [9ms]
2024-09-22 06:17:50.073 [info] > git status -z -uall [90ms]
2024-09-22 06:17:50.801 [info] > git remote --verbose [358ms]
2024-09-22 06:17:50.802 [info] > git for-each-ref --sort -committerdate --format %(refname) %(objectname) %(*objectname) [399ms]
2024-09-22 06:17:50.846 [info] > git config --get commit.template [49ms]
2024-09-22 06:17:50.894 [info] > git for-each-ref --format=%(refname)%00%(upstream:short)%00%(objectname)%00%(upstream:track)%00%(upstream:remotename)%00%(upstream:remoteref) refs/heads/th refs/remotes/th [18ms]
2024-09-22 06:17:52.533 [info] > git status -z -uall [2049ms]
2024-09-22 06:17:55.230 [info] > git remote --verbose [67ms]
2024-09-22 06:17:55.230 [info] > git for-each-ref --sort -committerdate --format %(refname) %(objectname) %(*objectname) [107ms]
2024-09-22 06:17:55.271 [info] > git status -z -uall [78ms]
2024-09-22 06:17:55.274 [info] > git config --get commit.template [46ms]
2024-09-22 06:17:55.275 [info] > git for-each-ref --format=%(refname)%00%(upstream:short)%00%(objectname)%00%(upstream:track)%00%(upstream:remotename)%00%(upstream:remoteref) refs/heads/master refs/remotes/master [7ms]
2024-09-22 06:17:57.770 [info] > git remote --verbose [41ms]
2024-09-22 06:17:57.770 [info] > git for-each-ref --sort -committerdate --format %(refname) %(objectname) %(*objectname) [80ms]
2024-09-22 06:17:58.065 [info] > git config --get commit.template [10ms]
2024-09-22 06:17:58.155 [info] > git for-each-ref --format=%(refname)%00%(upstream:short)%00%(objectname)%00%(upstream:track)%00%(upstream:remotename)%00%(upstream:remoteref) refs/heads/th refs/remotes/th [41ms]
2024-09-22 06:17:59.106 [info] > git status -z -uall [1342ms]
2024-09-22 06:18:00.461 [info] > git remote --verbose [100ms]
2024-09-22 06:18:00.463 [info] > git for-each-ref --sort -committerdate --format %(refname) %(objectname) %(*objectname) [146ms]
2024-09-22 06:18:00.466 [info] > git config --get commit.template [13ms]
2024-09-22 06:18:00.518 [info] > git for-each-ref --format=%(refname)%00%(upstream:short)%00%(objectname)%00%(upstream:track)%00%(upstream:remotename)%00%(upstream:remoteref) refs/heads/master refs/remotes/master [12ms]
2024-09-22 06:18:00.546 [info] > git status -z -uall [140ms]
2024-09-22 06:18:04.318 [info] > git remote --verbose [38ms]
2024-09-22 06:18:04.319 [info] > git for-each-ref --sort -committerdate --format %(refname) %(objectname) %(*objectname) [69ms]
2024-09-22 06:18:04.642 [info] > git for-each-ref --format=%(refname)%00%(upstream:short)%00%(objectname)%00%(upstream:track)%00%(upstream:remotename)%00%(upstream:remoteref) refs/heads/th refs/remotes/th [13ms]
2024-09-22 06:18:04.642 [info] > git config --get commit.template [80ms]
2024-09-22 06:18:05.680 [info] > git remote --verbose [71ms]
2024-09-22 06:18:05.680 [info] > git for-each-ref --sort -committerdate --format %(refname) %(objectname) %(*objectname) [100ms]
2024-09-22 06:18:05.683 [info] > git config --get commit.template [12ms]
2024-09-22 06:18:05.724 [info] > git status -z -uall [88ms]
2024-09-22 06:18:05.730 [info] > git for-each-ref --format=%(refname)%00%(upstream:short)%00%(objectname)%00%(upstream:track)%00%(upstream:remotename)%00%(upstream:remoteref) refs/heads/master refs/remotes/master [11ms]
2024-09-22 06:18:05.807 [info] > git status -z -uall [1495ms]
2024-09-22 06:18:10.901 [info] > git remote --verbose [83ms]
2024-09-22 06:18:10.902 [info] > git for-each-ref --sort -committerdate --format %(refname) %(objectname) %(*objectname) [117ms]
2024-09-22 06:18:10.910 [info] > git config --get commit.template [13ms]
2024-09-22 06:18:10.956 [info] > git status -z -uall [104ms]
2024-09-22 06:18:10.963 [info] > git for-each-ref --format=%(refname)%00%(upstream:short)%00%(objectname)%00%(upstream:track)%00%(upstream:remotename)%00%(upstream:remoteref) refs/heads/master refs/remotes/master [10ms]
2024-09-22 06:18:13.357 [info] > git remote --verbose [349ms]
2024-09-22 06:18:13.358 [info] > git for-each-ref --sort -committerdate --format %(refname) %(objectname) %(*objectname) [388ms]
2024-09-22 06:18:13.360 [info] > git config --get commit.template [13ms]
2024-09-22 06:18:13.402 [info] > git for-each-ref --format=%(refname)%00%(upstream:short)%00%(objectname)%00%(upstream:track)%00%(upstream:remotename)%00%(upstream:remoteref) refs/heads/th refs/remotes/th [12ms]
2024-09-22 06:18:15.418 [info] > git status -z -uall [2380ms]
2024-09-22 06:18:16.694 [info] > git remote --verbose [64ms]
2024-09-22 06:18:16.695 [info] > git for-each-ref --sort -committerdate --format %(refname) %(objectname) %(*objectname) [94ms]
2024-09-22 06:18:16.700 [info] > git config --get commit.template [23ms]
2024-09-22 06:18:16.747 [info] > git status -z -uall [104ms]
2024-09-22 06:18:16.772 [info] > git for-each-ref --format=%(refname)%00%(upstream:short)%00%(objectname)%00%(upstream:track)%00%(upstream:remotename)%00%(upstream:remoteref) refs/heads/master refs/remotes/master [33ms]
2024-09-22 06:18:20.982 [info] > git remote --verbose [338ms]
2024-09-22 06:18:20.982 [info] > git for-each-ref --sort -committerdate --format %(refname) %(objectname) %(*objectname) [369ms]
2024-09-22 06:18:21.013 [info] > git config --get commit.template [35ms]
2024-09-22 06:18:21.023 [info] > git for-each-ref --format=%(refname)%00%(upstream:short)%00%(objectname)%00%(upstream:track)%00%(upstream:remotename)%00%(upstream:remoteref) refs/heads/th refs/remotes/th [13ms]
2024-09-22 06:18:21.905 [info] > git remote --verbose [43ms]
2024-09-22 06:18:21.906 [info] > git for-each-ref --sort -committerdate --format %(refname) %(objectname) %(*objectname) [72ms]
2024-09-22 06:18:21.984 [info] > git config --get commit.template [47ms]
2024-09-22 06:18:21.995 [info] > git for-each-ref --format=%(refname)%00%(upstream:short)%00%(objectname)%00%(upstream:track)%00%(upstream:remotename)%00%(upstream:remoteref) refs/heads/master refs/remotes/master [15ms]
2024-09-22 06:18:21.997 [info] > git status -z -uall [108ms]
2024-09-22 06:18:22.591 [info] > git status -z -uall [1922ms]
2024-09-22 06:18:27.155 [info] > git remote --verbose [61ms]
2024-09-22 06:18:27.155 [info] > git for-each-ref --sort -committerdate --format %(refname) %(objectname) %(*objectname) [94ms]
2024-09-22 06:18:27.195 [info] > git config --get commit.template [44ms]
2024-09-22 06:18:27.209 [info] > git status -z -uall [88ms]
2024-09-22 06:18:27.212 [info] > git for-each-ref --format=%(refname)%00%(upstream:short)%00%(objectname)%00%(upstream:track)%00%(upstream:remotename)%00%(upstream:remoteref) refs/heads/master refs/remotes/master [19ms]
2024-09-22 06:18:28.155 [info] > git remote --verbose [372ms]
2024-09-22 06:18:28.156 [info] > git for-each-ref --sort -committerdate --format %(refname) %(objectname) %(*objectname) [404ms]
2024-09-22 06:18:28.162 [info] > git config --get commit.template [12ms]
2024-09-22 06:18:28.216 [info] > git for-each-ref --format=%(refname)%00%(upstream:short)%00%(objectname)%00%(upstream:track)%00%(upstream:remotename)%00%(upstream:remoteref) refs/heads/th refs/remotes/th [22ms]
2024-09-22 06:18:29.864 [info] > git status -z -uall [2048ms]
2024-09-22 06:18:32.366 [info] > git remote --verbose [67ms]
2024-09-22 06:18:32.366 [info] > git for-each-ref --sort -committerdate --format %(refname) %(objectname) %(*objectname) [100ms]
2024-09-22 06:18:32.406 [info] > git config --get commit.template [43ms]
2024-09-22 06:18:32.411 [info] > git status -z -uall [83ms]
2024-09-22 06:18:32.414 [info] > git for-each-ref --format=%(refname)%00%(upstream:short)%00%(objectname)%00%(upstream:track)%00%(upstream:remotename)%00%(upstream:remoteref) refs/heads/master refs/remotes/master [10ms]
2024-09-22 06:18:37.565 [info] > git remote --verbose [54ms]
2024-09-22 06:18:37.565 [info] > git for-each-ref --sort -committerdate --format %(refname) %(objectname) %(*objectname) [88ms]
2024-09-22 06:18:37.596 [info] > git config --get commit.template [34ms]
2024-09-22 06:18:37.603 [info] > git for-each-ref --format=%(refname)%00%(upstream:short)%00%(objectname)%00%(upstream:track)%00%(upstream:remotename)%00%(upstream:remoteref) refs/heads/master refs/remotes/master [7ms]
2024-09-22 06:18:37.609 [info] > git status -z -uall [74ms]
2024-09-22 06:18:39.478 [info] > git remote --verbose [314ms]
2024-09-22 06:18:39.479 [info] > git for-each-ref --sort -committerdate --format %(refname) %(objectname) %(*objectname) [345ms]
2024-09-22 06:18:39.488 [info] > git config --get commit.template [121ms]
2024-09-22 06:18:39.532 [info] > git for-each-ref --format=%(refname)%00%(upstream:short)%00%(objectname)%00%(upstream:track)%00%(upstream:remotename)%00%(upstream:remoteref) refs/heads/th refs/remotes/th [10ms]
2024-09-22 06:18:41.136 [info] > git status -z -uall [1950ms]
2024-09-22 06:18:42.790 [info] > git remote --verbose [59ms]
2024-09-22 06:18:42.796 [info] > git for-each-ref --sort -committerdate --format %(refname) %(objectname) %(*objectname) [129ms]
2024-09-22 06:18:42.863 [info] > git config --get commit.template [32ms]
2024-09-22 06:18:42.869 [info] > git status -z -uall [83ms]
2024-09-22 06:18:42.872 [info] > git for-each-ref --format=%(refname)%00%(upstream:short)%00%(objectname)%00%(upstream:track)%00%(upstream:remotename)%00%(upstream:remoteref) refs/heads/master refs/remotes/master [11ms]
2024-09-22 06:18:47.989 [info] > git remote --verbose [54ms]
2024-09-22 06:18:47.989 [info] > git for-each-ref --sort -committerdate --format %(refname) %(objectname) %(*objectname) [79ms]
2024-09-22 06:18:48.019 [info] > git config --get commit.template [34ms]
2024-09-22 06:18:48.028 [info] > git for-each-ref --format=%(refname)%00%(upstream:short)%00%(objectname)%00%(upstream:track)%00%(upstream:remotename)%00%(upstream:remoteref) refs/heads/master refs/remotes/master [11ms]
2024-09-22 06:18:48.040 [info] > git status -z -uall [80ms]
2024-09-22 06:18:53.160 [info] > git remote --verbose [54ms]
2024-09-22 06:18:53.160 [info] > git for-each-ref --sort -committerdate --format %(refname) %(objectname) %(*objectname) [79ms]
2024-09-22 06:18:53.195 [info] > git config --get commit.template [37ms]
2024-09-22 06:18:53.196 [info] > git status -z -uall [66ms]
2024-09-22 06:18:53.199 [info] > git for-each-ref --format=%(refname)%00%(upstream:short)%00%(objectname)%00%(upstream:track)%00%(upstream:remotename)%00%(upstream:remoteref) refs/heads/master refs/remotes/master [6ms]
2024-09-22 06:18:58.374 [info] > git remote --verbose [72ms]
2024-09-22 06:18:58.375 [info] > git for-each-ref --sort -committerdate --format %(refname) %(objectname) %(*objectname) [112ms]
2024-09-22 06:18:58.413 [info] > git status -z -uall [79ms]
2024-09-22 06:18:58.417 [info] > git config --get commit.template [45ms]
2024-09-22 06:18:58.420 [info] > git for-each-ref --format=%(refname)%00%(upstream:short)%00%(objectname)%00%(upstream:track)%00%(upstream:remotename)%00%(upstream:remoteref) refs/heads/master refs/remotes/master [7ms]
2024-09-22 06:19:02.833 [info] > git remote --verbose [292ms]
2024-09-22 06:19:02.834 [info] > git for-each-ref --sort -committerdate --format %(refname) %(objectname) %(*objectname) [333ms]
2024-09-22 06:19:02.853 [info] > git config --get commit.template [24ms]
2024-09-22 06:19:02.923 [info] > git for-each-ref --format=%(refname)%00%(upstream:short)%00%(objectname)%00%(upstream:track)%00%(upstream:remotename)%00%(upstream:remoteref) refs/heads/th refs/remotes/th [11ms]
2024-09-22 06:19:03.571 [info] > git remote --verbose [62ms]
2024-09-22 06:19:03.571 [info] > git for-each-ref --sort -committerdate --format %(refname) %(objectname) %(*objectname) [97ms]
2024-09-22 06:19:03.663 [info] > git status -z -uall [118ms]
2024-09-22 06:19:03.667 [info] > git config --get commit.template [52ms]
2024-09-22 06:19:03.669 [info] > git for-each-ref --format=%(refname)%00%(upstream:short)%00%(objectname)%00%(upstream:track)%00%(upstream:remotename)%00%(upstream:remoteref) refs/heads/master refs/remotes/master [11ms]
2024-09-22 06:19:04.398 [info] > git status -z -uall [1822ms]
2024-09-22 06:19:08.806 [info] > git remote --verbose [41ms]
2024-09-22 06:19:08.807 [info] > git for-each-ref --sort -committerdate --format %(refname) %(objectname) %(*objectname) [78ms]
2024-09-22 06:19:08.871 [info] > git status -z -uall [75ms]
2024-09-22 06:19:08.873 [info] > git config --get commit.template [37ms]
2024-09-22 06:19:08.876 [info] > git for-each-ref --format=%(refname)%00%(upstream:short)%00%(objectname)%00%(upstream:track)%00%(upstream:remotename)%00%(upstream:remoteref) refs/heads/master refs/remotes/master [7ms]
2024-09-22 06:19:09.608 [info] > git remote --verbose [53ms]
2024-09-22 06:19:09.608 [info] > git for-each-ref --sort -committerdate --format %(refname) %(objectname) %(*objectname) [88ms]
2024-09-22 06:19:09.912 [info] > git config --get commit.template [13ms]
2024-09-22 06:19:09.961 [info] > git for-each-ref --format=%(refname)%00%(upstream:short)%00%(objectname)%00%(upstream:track)%00%(upstream:remotename)%00%(upstream:remoteref) refs/heads/th refs/remotes/th [13ms]
2024-09-22 06:19:11.718 [info] > git status -z -uall [2115ms]
2024-09-22 06:19:14.049 [info] > git remote --verbose [91ms]
2024-09-22 06:19:14.050 [info] > git for-each-ref --sort -committerdate --format %(refname) %(objectname) %(*objectname) [127ms]
2024-09-22 06:19:14.105 [info] > git config --get commit.template [60ms]
2024-09-22 06:19:14.108 [info] > git status -z -uall [111ms]
2024-09-22 06:19:14.117 [info] > git for-each-ref --format=%(refname)%00%(upstream:short)%00%(objectname)%00%(upstream:track)%00%(upstream:remotename)%00%(upstream:remoteref) refs/heads/master refs/remotes/master [14ms]
2024-09-22 06:19:18.240 [info] > git remote --verbose [353ms]
2024-09-22 06:19:18.242 [info] > git for-each-ref --sort -committerdate --format %(refname) %(objectname) %(*objectname) [390ms]
2024-09-22 06:19:18.247 [info] > git config --get commit.template [108ms]
2024-09-22 06:19:18.290 [info] > git for-each-ref --format=%(refname)%00%(upstream:short)%00%(objectname)%00%(upstream:track)%00%(upstream:remotename)%00%(upstream:remoteref) refs/heads/th refs/remotes/th [15ms]
2024-09-22 06:19:19.252 [info] > git remote --verbose [70ms]
2024-09-22 06:19:19.253 [info] > git for-each-ref --sort -committerdate --format %(refname) %(objectname) %(*objectname) [98ms]
2024-09-22 06:19:19.258 [info] > git config --get commit.template [14ms]
2024-09-22 06:19:19.286 [info] > git status -z -uall [79ms]
2024-09-22 06:19:19.292 [info] > git for-each-ref --format=%(refname)%00%(upstream:short)%00%(objectname)%00%(upstream:track)%00%(upstream:remotename)%00%(upstream:remoteref) refs/heads/master refs/remotes/master [7ms]
2024-09-22 06:19:19.537 [info] > git status -z -uall [1624ms]
2024-09-22 06:19:24.440 [info] > git remote --verbose [62ms]
2024-09-22 06:19:24.441 [info] > git for-each-ref --sort -committerdate --format %(refname) %(objectname) %(*objectname) [93ms]
2024-09-22 06:19:24.485 [info] > git config --get commit.template [48ms]
2024-09-22 06:19:24.495 [info] > git for-each-ref --format=%(refname)%00%(upstream:short)%00%(objectname)%00%(upstream:track)%00%(upstream:remotename)%00%(upstream:remoteref) refs/heads/master refs/remotes/master [16ms]
2024-09-22 06:19:24.504 [info] > git status -z -uall [98ms]
2024-09-22 06:19:25.087 [info] > git remote --verbose [330ms]
2024-09-22 06:19:25.088 [info] > git for-each-ref --sort -committerdate --format %(refname) %(objectname) %(*objectname) [356ms]
2024-09-22 06:19:25.092 [info] > git config --get commit.template [56ms]
2024-09-22 06:19:25.144 [info] > git for-each-ref --format=%(refname)%00%(upstream:short)%00%(objectname)%00%(upstream:track)%00%(upstream:remotename)%00%(upstream:remoteref) refs/heads/th refs/remotes/th [14ms]
2024-09-22 06:19:27.086 [info] > git status -z -uall [2309ms]
2024-09-22 06:19:29.660 [info] > git remote --verbose [69ms]
2024-09-22 06:19:29.661 [info] > git for-each-ref --sort -committerdate --format %(refname) %(objectname) %(*objectname) [101ms]
2024-09-22 06:19:29.703 [info] > git config --get commit.template [46ms]
2024-09-22 06:19:29.706 [info] > git status -z -uall [83ms]
2024-09-22 06:19:29.712 [info] > git for-each-ref --format=%(refname)%00%(upstream:short)%00%(objectname)%00%(upstream:track)%00%(upstream:remotename)%00%(upstream:remoteref) refs/heads/master refs/remotes/master [11ms]
2024-09-22 06:19:34.872 [info] > git remote --verbose [65ms]
2024-09-22 06:19:34.872 [info] > git for-each-ref --sort -committerdate --format %(refname) %(objectname) %(*objectname) [104ms]
2024-09-22 06:19:34.913 [info] > git status -z -uall [76ms]
2024-09-22 06:19:34.916 [info] > git config --get commit.template [47ms]
2024-09-22 06:19:34.918 [info] > git for-each-ref --format=%(refname)%00%(upstream:short)%00%(objectname)%00%(upstream:track)%00%(upstream:remotename)%00%(upstream:remoteref) refs/heads/master refs/remotes/master [8ms]
2024-09-22 06:19:40.065 [info] > git remote --verbose [63ms]
2024-09-22 06:19:40.065 [info] > git for-each-ref --sort -committerdate --format %(refname) %(objectname) %(*objectname) [93ms]
2024-09-22 06:19:40.124 [info] > git status -z -uall [95ms]
2024-09-22 06:19:40.134 [info] > git config --get commit.template [72ms]
2024-09-22 06:19:40.136 [info] > git for-each-ref --format=%(refname)%00%(upstream:short)%00%(objectname)%00%(upstream:track)%00%(upstream:remotename)%00%(upstream:remoteref) refs/heads/master refs/remotes/master [14ms]
2024-09-22 06:19:45.611 [info] > git remote --verbose [52ms]
2024-09-22 06:19:45.611 [info] > git for-each-ref --sort -committerdate --format %(refname) %(objectname) %(*objectname) [82ms]
2024-09-22 06:19:45.650 [info] > git config --get commit.template [44ms]
2024-09-22 06:19:45.660 [info] > git for-each-ref --format=%(refname)%00%(upstream:short)%00%(objectname)%00%(upstream:track)%00%(upstream:remotename)%00%(upstream:remoteref) refs/heads/master refs/remotes/master [13ms]
2024-09-22 06:19:45.665 [info] > git status -z -uall [85ms]
2024-09-22 06:19:50.795 [info] > git remote --verbose [52ms]
2024-09-22 06:19:50.796 [info] > git for-each-ref --sort -committerdate --format %(refname) %(objectname) %(*objectname) [77ms]
2024-09-22 06:19:50.827 [info] > git config --get commit.template [35ms]
2024-09-22 06:19:50.838 [info] > git for-each-ref --format=%(refname)%00%(upstream:short)%00%(objectname)%00%(upstream:track)%00%(upstream:remotename)%00%(upstream:remoteref) refs/heads/master refs/remotes/master [12ms]
2024-09-22 06:19:50.849 [info] > git status -z -uall [82ms]
2024-09-22 06:19:55.943 [info] > git remote --verbose [23ms]
2024-09-22 06:19:55.944 [info] > git for-each-ref --sort -committerdate --format %(refname) %(objectname) %(*objectname) [44ms]
2024-09-22 06:19:55.989 [info] > git config --get commit.template [26ms]
2024-09-22 06:19:55.998 [info] > git for-each-ref --format=%(refname)%00%(upstream:short)%00%(objectname)%00%(upstream:track)%00%(upstream:remotename)%00%(upstream:remoteref) refs/heads/master refs/remotes/master [12ms]
2024-09-22 06:19:56.023 [info] > git status -z -uall [83ms]
2024-09-22 06:20:00.971 [info] > git remote --verbose [345ms]
2024-09-22 06:20:00.972 [info] > git for-each-ref --sort -committerdate --format %(refname) %(objectname) %(*objectname) [369ms]
2024-09-22 06:20:00.987 [info] > git config --get commit.template [23ms]
2024-09-22 06:20:01.036 [info] > git for-each-ref --format=%(refname)%00%(upstream:short)%00%(objectname)%00%(upstream:track)%00%(upstream:remotename)%00%(upstream:remoteref) refs/heads/th refs/remotes/th [17ms]
2024-09-22 06:20:01.133 [info] > git remote --verbose [64ms]
2024-09-22 06:20:01.133 [info] > git for-each-ref --sort -committerdate --format %(refname) %(objectname) %(*objectname) [81ms]
2024-09-22 06:20:01.136 [info] > git config --get commit.template [21ms]
2024-09-22 06:20:01.174 [info] > git for-each-ref --format=%(refname)%00%(upstream:short)%00%(objectname)%00%(upstream:track)%00%(upstream:remotename)%00%(upstream:remoteref) refs/heads/master refs/remotes/master [16ms]
2024-09-22 06:20:01.196 [info] > git status -z -uall [105ms]
2024-09-22 06:20:02.417 [info] > git status -z -uall [1763ms]
2024-09-22 06:20:06.316 [info] > git remote --verbose [51ms]
2024-09-22 06:20:06.317 [info] > git for-each-ref --sort -committerdate --format %(refname) %(objectname) %(*objectname) [77ms]
2024-09-22 06:20:06.321 [info] > git config --get commit.template [10ms]
2024-09-22 06:20:06.355 [info] > git for-each-ref --format=%(refname)%00%(upstream:short)%00%(objectname)%00%(upstream:track)%00%(upstream:remotename)%00%(upstream:remoteref) refs/heads/master refs/remotes/master [12ms]
2024-09-22 06:20:06.367 [info] > git status -z -uall [83ms]
2024-09-22 06:20:10.777 [info] > git remote --verbose [29ms]
2024-09-22 06:20:10.778 [info] > git for-each-ref --sort -committerdate --format %(refname) %(objectname) %(*objectname) [54ms]
2024-09-22 06:20:11.116 [info] > git config --get commit.template [134ms]
2024-09-22 06:20:11.129 [info] > git for-each-ref --format=%(refname)%00%(upstream:short)%00%(objectname)%00%(upstream:track)%00%(upstream:remotename)%00%(upstream:remoteref) refs/heads/th refs/remotes/th [14ms]
2024-09-22 06:20:11.492 [info] > git remote --verbose [59ms]
2024-09-22 06:20:11.492 [info] > git for-each-ref --sort -committerdate --format %(refname) %(objectname) %(*objectname) [86ms]
2024-09-22 06:20:11.495 [info] > git config --get commit.template [12ms]
2024-09-22 06:20:11.528 [info] > git status -z -uall [75ms]
2024-09-22 06:20:11.533 [info] > git for-each-ref --format=%(refname)%00%(upstream:short)%00%(objectname)%00%(upstream:track)%00%(upstream:remotename)%00%(upstream:remoteref) refs/heads/master refs/remotes/master [12ms]
2024-09-22 06:20:12.294 [info] > git status -z -uall [1521ms]
2024-09-22 06:20:16.754 [info] > git remote --verbose [106ms]
2024-09-22 06:20:16.755 [info] > git for-each-ref --sort -committerdate --format %(refname) %(objectname) %(*objectname) [163ms]
2024-09-22 06:20:16.757 [info] > git config --get commit.template [12ms]
2024-09-22 06:20:16.798 [info] > git status -z -uall [112ms]
2024-09-22 06:20:16.802 [info] > git for-each-ref --format=%(refname)%00%(upstream:short)%00%(objectname)%00%(upstream:track)%00%(upstream:remotename)%00%(upstream:remoteref) refs/heads/master refs/remotes/master [12ms]
2024-09-22 06:20:21.917 [info] > git remote --verbose [49ms]
2024-09-22 06:20:21.918 [info] > git for-each-ref --sort -committerdate --format %(refname) %(objectname) %(*objectname) [71ms]
2024-09-22 06:20:21.947 [info] > git config --get commit.template [30ms]
2024-09-22 06:20:21.959 [info] > git for-each-ref --format=%(refname)%00%(upstream:short)%00%(objectname)%00%(upstream:track)%00%(upstream:remotename)%00%(upstream:remoteref) refs/heads/master refs/remotes/master [16ms]
2024-09-22 06:20:22.027 [info] > git status -z -uall [138ms]
2024-09-22 06:20:27.112 [info] > git remote --verbose [26ms]
2024-09-22 06:20:27.112 [info] > git for-each-ref --sort -committerdate --format %(refname) %(objectname) %(*objectname) [50ms]
2024-09-22 06:20:27.157 [info] > git config --get commit.template [26ms]
2024-09-22 06:20:27.165 [info] > git for-each-ref --format=%(refname)%00%(upstream:short)%00%(objectname)%00%(upstream:track)%00%(upstream:remotename)%00%(upstream:remoteref) refs/heads/master refs/remotes/master [10ms]
2024-09-22 06:20:27.194 [info] > git status -z -uall [87ms]
2024-09-22 06:20:32.320 [info] > git remote --verbose [34ms]
2024-09-22 06:20:32.320 [info] > git for-each-ref --sort -committerdate --format %(refname) %(objectname) %(*objectname) [75ms]
2024-09-22 06:20:32.395 [info] > git config --get commit.template [41ms]
2024-09-22 06:20:32.412 [info] > git for-each-ref --format=%(refname)%00%(upstream:short)%00%(objectname)%00%(upstream:track)%00%(upstream:remotename)%00%(upstream:remoteref) refs/heads/master refs/remotes/master [21ms]
2024-09-22 06:20:32.445 [info] > git status -z -uall [132ms]
2024-09-22 06:20:34.878 [info] > git remote --verbose [397ms]
2024-09-22 06:20:34.878 [info] > git for-each-ref --sort -committerdate --format %(refname) %(objectname) %(*objectname) [422ms]
2024-09-22 06:20:34.903 [info] > git config --get commit.template [29ms]
2024-09-22 06:20:34.952 [info] > git for-each-ref --format=%(refname)%00%(upstream:short)%00%(objectname)%00%(upstream:track)%00%(upstream:remotename)%00%(upstream:remoteref) refs/heads/th refs/remotes/th [16ms]
2024-09-22 06:20:36.891 [info] > git status -z -uall [2388ms]
2024-09-22 06:20:38.190 [info] > git remote --verbose [64ms]
2024-09-22 06:20:38.191 [info] > git for-each-ref --sort -committerdate --format %(refname) %(objectname) %(*objectname) [88ms]
2024-09-22 06:20:38.233 [info] > git config --get commit.template [46ms]
2024-09-22 06:20:38.251 [info] > git for-each-ref --format=%(refname)%00%(upstream:short)%00%(objectname)%00%(upstream:track)%00%(upstream:remotename)%00%(upstream:remoteref) refs/heads/master refs/remotes/master [23ms]
2024-09-22 06:20:38.291 [info] > git status -z -uall [136ms]
2024-09-22 06:20:43.451 [info] > git remote --verbose [63ms]
2024-09-22 06:20:43.452 [info] > git for-each-ref --sort -committerdate --format %(refname) %(objectname) %(*objectname) [100ms]
2024-09-22 06:20:43.494 [info] > git status -z -uall [77ms]
2024-09-22 06:20:43.496 [info] > git config --get commit.template [47ms]
2024-09-22 06:20:43.500 [info] > git for-each-ref --format=%(refname)%00%(upstream:short)%00%(objectname)%00%(upstream:track)%00%(upstream:remotename)%00%(upstream:remoteref) refs/heads/master refs/remotes/master [8ms]
2024-09-22 06:20:48.633 [info] > git remote --verbose [34ms]
2024-09-22 06:20:48.634 [info] > git for-each-ref --sort -committerdate --format %(refname) %(objectname) %(*objectname) [67ms]
2024-09-22 06:20:48.705 [info] > git config --get commit.template [39ms]
2024-09-22 06:20:48.712 [info] > git status -z -uall [84ms]
2024-09-22 06:20:48.716 [info] > git for-each-ref --format=%(refname)%00%(upstream:short)%00%(objectname)%00%(upstream:track)%00%(upstream:remotename)%00%(upstream:remoteref) refs/heads/master refs/remotes/master [15ms]
2024-09-22 06:20:53.858 [info] > git remote --verbose [62ms]
2024-09-22 06:20:53.858 [info] > git for-each-ref --sort -committerdate --format %(refname) %(objectname) %(*objectname) [92ms]
2024-09-22 06:20:53.903 [info] > git config --get commit.template [48ms]
2024-09-22 06:20:53.912 [info] > git status -z -uall [89ms]
2024-09-22 06:20:53.913 [info] > git for-each-ref --format=%(refname)%00%(upstream:short)%00%(objectname)%00%(upstream:track)%00%(upstream:remotename)%00%(upstream:remoteref) refs/heads/master refs/remotes/master [17ms]
2024-09-22 06:20:59.087 [info] > git remote --verbose [72ms]
2024-09-22 06:20:59.087 [info] > git for-each-ref --sort -committerdate --format %(refname) %(objectname) %(*objectname) [109ms]
2024-09-22 06:20:59.127 [info] > git config --get commit.template [43ms]
2024-09-22 06:20:59.129 [info] > git status -z -uall [80ms]
2024-09-22 06:20:59.137 [info] > git for-each-ref --format=%(refname)%00%(upstream:short)%00%(objectname)%00%(upstream:track)%00%(upstream:remotename)%00%(upstream:remoteref) refs/heads/master refs/remotes/master [13ms]
2024-09-22 06:20:59.791 [info] > git remote --verbose [47ms]
2024-09-22 06:20:59.793 [info] > git for-each-ref --sort -committerdate --format %(refname) %(objectname) %(*objectname) [86ms]
2024-09-22 06:21:00.145 [info] > git config --get commit.template [242ms]
2024-09-22 06:21:00.159 [info] > git for-each-ref --format=%(refname)%00%(upstream:short)%00%(objectname)%00%(upstream:track)%00%(upstream:remotename)%00%(upstream:remoteref) refs/heads/th refs/remotes/th [20ms]
2024-09-22 06:21:01.363 [info] > git status -z -uall [1583ms]
2024-09-22 06:21:04.338 [info] > git remote --verbose [96ms]
2024-09-22 06:21:04.339 [info] > git for-each-ref --sort -committerdate --format %(refname) %(objectname) %(*objectname) [140ms]
2024-09-22 06:21:04.344 [info] > git config --get commit.template [16ms]
2024-09-22 06:21:04.402 [info] > git for-each-ref --format=%(refname)%00%(upstream:short)%00%(objectname)%00%(upstream:track)%00%(upstream:remotename)%00%(upstream:remoteref) refs/heads/master refs/remotes/master [16ms]
2024-09-22 06:21:04.408 [info] > git status -z -uall [127ms]
2024-09-22 06:21:07.074 [info] > git remote --verbose [346ms]
2024-09-22 06:21:07.074 [info] > git for-each-ref --sort -committerdate --format %(refname) %(objectname) %(*objectname) [377ms]
2024-09-22 06:21:07.076 [info] > git config --get commit.template [151ms]
2024-09-22 06:21:07.128 [info] > git for-each-ref --format=%(refname)%00%(upstream:short)%00%(objectname)%00%(upstream:track)%00%(upstream:remotename)%00%(upstream:remoteref) refs/heads/th refs/remotes/th [13ms]
2024-09-22 06:21:08.182 [info] > git status -z -uall [1425ms]
2024-09-22 06:21:09.581 [info] > git remote --verbose [87ms]
2024-09-22 06:21:09.582 [info] > git for-each-ref --sort -committerdate --format %(refname) %(objectname) %(*objectname) [124ms]
2024-09-22 06:21:09.638 [info] > git config --get commit.template [60ms]
2024-09-22 06:21:09.650 [info] > git for-each-ref --format=%(refname)%00%(upstream:short)%00%(objectname)%00%(upstream:track)%00%(upstream:remotename)%00%(upstream:remoteref) refs/heads/master refs/remotes/master [19ms]
2024-09-22 06:21:09.654 [info] > git status -z -uall [124ms]
2024-09-22 06:21:13.732 [info] > git remote --verbose [364ms]
2024-09-22 06:21:13.733 [info] > git for-each-ref --sort -committerdate --format %(refname) %(objectname) %(*objectname) [407ms]
2024-09-22 06:21:13.737 [info] > git config --get commit.template [18ms]
2024-09-22 06:21:13.797 [info] > git for-each-ref --format=%(refname)%00%(upstream:short)%00%(objectname)%00%(upstream:track)%00%(upstream:remotename)%00%(upstream:remoteref) refs/heads/th refs/remotes/th [15ms]
2024-09-22 06:21:14.845 [info] > git remote --verbose [94ms]
2024-09-22 06:21:14.846 [info] > git for-each-ref --sort -committerdate --format %(refname) %(objectname) %(*objectname) [137ms]
2024-09-22 06:21:14.855 [info] > git config --get commit.template [18ms]
2024-09-22 06:21:14.900 [info] > git for-each-ref --format=%(refname)%00%(upstream:short)%00%(objectname)%00%(upstream:track)%00%(upstream:remotename)%00%(upstream:remoteref) refs/heads/master refs/remotes/master [10ms]
2024-09-22 06:21:14.902 [info] > git status -z -uall [114ms]
2024-09-22 06:21:15.344 [info] > git status -z -uall [1939ms]
2024-09-22 06:21:20.055 [info] > git remote --verbose [78ms]
2024-09-22 06:21:20.056 [info] > git for-each-ref --sort -committerdate --format %(refname) %(objectname) %(*objectname) [112ms]
2024-09-22 06:21:20.104 [info] > git config --get commit.template [52ms]
2024-09-22 06:21:20.112 [info] > git status -z -uall [101ms]
2024-09-22 06:21:20.115 [info] > git for-each-ref --format=%(refname)%00%(upstream:short)%00%(objectname)%00%(upstream:track)%00%(upstream:remotename)%00%(upstream:remoteref) refs/heads/master refs/remotes/master [14ms]
2024-09-22 06:21:25.287 [info] > git remote --verbose [80ms]
2024-09-22 06:21:25.288 [info] > git for-each-ref --sort -committerdate --format %(refname) %(objectname) %(*objectname) [119ms]
2024-09-22 06:21:25.331 [info] > git status -z -uall [86ms]
2024-09-22 06:21:25.334 [info] > git config --get commit.template [48ms]
2024-09-22 06:21:25.340 [info] > git for-each-ref --format=%(refname)%00%(upstream:short)%00%(objectname)%00%(upstream:track)%00%(upstream:remotename)%00%(upstream:remoteref) refs/heads/master refs/remotes/master [10ms]
2024-09-22 06:21:30.484 [info] > git remote --verbose [68ms]
2024-09-22 06:21:30.484 [info] > git for-each-ref --sort -committerdate --format %(refname) %(objectname) %(*objectname) [99ms]
2024-09-22 06:21:30.529 [info] > git status -z -uall [83ms]
2024-09-22 06:21:30.530 [info] > git config --get commit.template [49ms]
2024-09-22 06:21:30.537 [info] > git for-each-ref --format=%(refname)%00%(upstream:short)%00%(objectname)%00%(upstream:track)%00%(upstream:remotename)%00%(upstream:remoteref) refs/heads/master refs/remotes/master [10ms]
2024-09-22 06:21:35.706 [info] > git remote --verbose [77ms]
2024-09-22 06:21:35.706 [info] > git for-each-ref --sort -committerdate --format %(refname) %(objectname) %(*objectname) [116ms]
2024-09-22 06:21:35.754 [info] > git config --get commit.template [53ms]
2024-09-22 06:21:35.764 [info] > git for-each-ref --format=%(refname)%00%(upstream:short)%00%(objectname)%00%(upstream:track)%00%(upstream:remotename)%00%(upstream:remoteref) refs/heads/master refs/remotes/master [12ms]
2024-09-22 06:21:35.778 [info] > git status -z -uall [113ms]
2024-09-22 06:21:40.950 [info] > git remote --verbose [82ms]
2024-09-22 06:21:40.950 [info] > git for-each-ref --sort -committerdate --format %(refname) %(objectname) %(*objectname) [117ms]
2024-09-22 06:21:41.367 [info] > git status -z -uall [468ms]
2024-09-22 06:21:41.376 [info] > git remote --verbose [352ms]
2024-09-22 06:21:41.378 [info] > git for-each-ref --sort -committerdate --format %(refname) %(objectname) %(*objectname) [388ms]
2024-09-22 06:21:41.380 [info] > git config --get commit.template [442ms]
2024-09-22 06:21:41.386 [info] > git config --get commit.template [118ms]
2024-09-22 06:21:41.504 [info] > git for-each-ref --format=%(refname)%00%(upstream:short)%00%(objectname)%00%(upstream:track)%00%(upstream:remotename)%00%(upstream:remoteref) refs/heads/master refs/remotes/master [71ms]
2024-09-22 06:21:41.514 [info] > git for-each-ref --format=%(refname)%00%(upstream:short)%00%(objectname)%00%(upstream:track)%00%(upstream:remotename)%00%(upstream:remoteref) refs/heads/th refs/remotes/th [28ms]
2024-09-22 06:21:42.639 [info] > git status -z -uall [1583ms]
2024-09-22 06:21:46.645 [info] > git remote --verbose [60ms]
2024-09-22 06:21:46.645 [info] > git for-each-ref --sort -committerdate --format %(refname) %(objectname) %(*objectname) [89ms]
2024-09-22 06:21:46.694 [info] > git config --get commit.template [54ms]
2024-09-22 06:21:46.710 [info] > git for-each-ref --format=%(refname)%00%(upstream:short)%00%(objectname)%00%(upstream:track)%00%(upstream:remotename)%00%(upstream:remoteref) refs/heads/master refs/remotes/master [23ms]
2024-09-22 06:21:46.721 [info] > git status -z -uall [112ms]
2024-09-22 06:21:51.877 [info] > git remote --verbose [68ms]
2024-09-22 06:21:51.877 [info] > git for-each-ref --sort -committerdate --format %(refname) %(objectname) %(*objectname) [103ms]
2024-09-22 06:21:51.923 [info] > git config --get commit.template [48ms]
2024-09-22 06:21:51.931 [info] > git for-each-ref --format=%(refname)%00%(upstream:short)%00%(objectname)%00%(upstream:track)%00%(upstream:remotename)%00%(upstream:remoteref) refs/heads/master refs/remotes/master [17ms]
2024-09-22 06:21:51.944 [info] > git status -z -uall [106ms]
2024-09-22 06:21:57.129 [info] > git remote --verbose [105ms]
2024-09-22 06:21:57.129 [info] > git for-each-ref --sort -committerdate --format %(refname) %(objectname) %(*objectname) [140ms]
2024-09-22 06:21:57.133 [info] > git config --get commit.template [14ms]
2024-09-22 06:21:57.164 [info] > git status -z -uall [109ms]
2024-09-22 06:21:57.177 [info] > git for-each-ref --format=%(refname)%00%(upstream:short)%00%(objectname)%00%(upstream:track)%00%(upstream:remotename)%00%(upstream:remoteref) refs/heads/master refs/remotes/master [15ms]
2024-09-22 06:22:02.325 [info] > git remote --verbose [57ms]
2024-09-22 06:22:02.326 [info] > git for-each-ref --sort -committerdate --format %(refname) %(objectname) %(*objectname) [88ms]
2024-09-22 06:22:02.375 [info] > git config --get commit.template [53ms]
2024-09-22 06:22:02.394 [info] > git for-each-ref --format=%(refname)%00%(upstream:short)%00%(objectname)%00%(upstream:track)%00%(upstream:remotename)%00%(upstream:remoteref) refs/heads/master refs/remotes/master [22ms]
2024-09-22 06:22:02.418 [info] > git status -z -uall [126ms]
2024-09-22 06:22:07.161 [info] > git remote --verbose [317ms]
2024-09-22 06:22:07.161 [info] > git for-each-ref --sort -committerdate --format %(refname) %(objectname) %(*objectname) [342ms]
2024-09-22 06:22:07.164 [info] > git config --get commit.template [6ms]
2024-09-22 06:22:07.221 [info] > git for-each-ref --format=%(refname)%00%(upstream:short)%00%(objectname)%00%(upstream:track)%00%(upstream:remotename)%00%(upstream:remoteref) refs/heads/th refs/remotes/th [27ms]
2024-09-22 06:22:07.559 [info] > git remote --verbose [73ms]
2024-09-22 06:22:07.559 [info] > git for-each-ref --sort -committerdate --format %(refname) %(objectname) %(*objectname) [100ms]
2024-09-22 06:22:07.567 [info] > git config --get commit.template [16ms]
2024-09-22 06:22:07.606 [info] > git status -z -uall [89ms]
2024-09-22 06:22:07.613 [info] > git for-each-ref --format=%(refname)%00%(upstream:short)%00%(objectname)%00%(upstream:track)%00%(upstream:remotename)%00%(upstream:remoteref) refs/heads/master refs/remotes/master [15ms]
2024-09-22 06:22:08.541 [info] > git status -z -uall [1677ms]
2024-09-22 06:22:12.720 [info] > git remote --verbose [47ms]
2024-09-22 06:22:12.721 [info] > git for-each-ref --sort -committerdate --format %(refname) %(objectname) %(*objectname) [72ms]
2024-09-22 06:22:12.760 [info] > git config --get commit.template [41ms]
2024-09-22 06:22:12.767 [info] > git for-each-ref --format=%(refname)%00%(upstream:short)%00%(objectname)%00%(upstream:track)%00%(upstream:remotename)%00%(upstream:remoteref) refs/heads/master refs/remotes/master [16ms]
2024-09-22 06:22:12.782 [info] > git status -z -uall [87ms]
2024-09-22 06:22:13.968 [info] > git remote --verbose [289ms]
2024-09-22 06:22:13.969 [info] > git for-each-ref --sort -committerdate --format %(refname) %(objectname) %(*objectname) [319ms]
2024-09-22 06:22:14.008 [info] > git config --get commit.template [148ms]
2024-09-22 06:22:14.049 [info] > git for-each-ref --format=%(refname)%00%(upstream:short)%00%(objectname)%00%(upstream:track)%00%(upstream:remotename)%00%(upstream:remoteref) refs/heads/th refs/remotes/th [11ms]
2024-09-22 06:22:15.227 [info] > git status -z -uall [1524ms]
2024-09-22 06:22:17.890 [info] > git remote --verbose [31ms]
2024-09-22 06:22:17.891 [info] > git for-each-ref --sort -committerdate --format %(refname) %(objectname) %(*objectname) [63ms]
2024-09-22 06:22:17.955 [info] > git config --get commit.template [32ms]
2024-09-22 06:22:17.967 [info] > git for-each-ref --format=%(refname)%00%(upstream:short)%00%(objectname)%00%(upstream:track)%00%(upstream:remotename)%00%(upstream:remoteref) refs/heads/master refs/remotes/master [17ms]
2024-09-22 06:22:17.975 [info] > git status -z -uall [89ms]
2024-09-22 06:22:23.107 [info] > git remote --verbose [70ms]
2024-09-22 06:22:23.108 [info] > git for-each-ref --sort -committerdate --format %(refname) %(objectname) %(*objectname) [98ms]
2024-09-22 06:22:23.151 [info] > git config --get commit.template [48ms]
2024-09-22 06:22:23.160 [info] > git for-each-ref --format=%(refname)%00%(upstream:short)%00%(objectname)%00%(upstream:track)%00%(upstream:remotename)%00%(upstream:remoteref) refs/heads/master refs/remotes/master [12ms]
2024-09-22 06:22:23.179 [info] > git status -z -uall [111ms]
2024-09-22 06:22:28.243 [info] > git remote --verbose [32ms]
2024-09-22 06:22:28.245 [info] > git for-each-ref --sort -committerdate --format %(refname) %(objectname) %(*objectname) [63ms]
2024-09-22 06:22:28.663 [info] > git remote --verbose [83ms]
2024-09-22 06:22:28.664 [info] > git for-each-ref --sort -committerdate --format %(refname) %(objectname) %(*objectname) [100ms]
2024-09-22 06:22:28.673 [info] > git config --get commit.template [18ms]
2024-09-22 06:22:28.673 [info] > git config --get commit.template [47ms]
2024-09-22 06:22:28.734 [info] > git status -z -uall [134ms]
2024-09-22 06:22:28.809 [info] > git for-each-ref --format=%(refname)%00%(upstream:short)%00%(objectname)%00%(upstream:track)%00%(upstream:remotename)%00%(upstream:remoteref) refs/heads/master refs/remotes/master [86ms]
2024-09-22 06:22:28.816 [info] > git for-each-ref --format=%(refname)%00%(upstream:short)%00%(objectname)%00%(upstream:track)%00%(upstream:remotename)%00%(upstream:remoteref) refs/heads/th refs/remotes/th [117ms]
2024-09-22 06:22:30.663 [info] > git status -z -uall [2428ms]
2024-09-22 06:22:33.922 [info] > git remote --verbose [30ms]
2024-09-22 06:22:33.923 [info] > git for-each-ref --sort -committerdate --format %(refname) %(objectname) %(*objectname) [57ms]
2024-09-22 06:22:33.982 [info] > git config --get commit.template [33ms]
2024-09-22 06:22:33.996 [info] > git for-each-ref --format=%(refname)%00%(upstream:short)%00%(objectname)%00%(upstream:track)%00%(upstream:remotename)%00%(upstream:remoteref) refs/heads/master refs/remotes/master [16ms]
2024-09-22 06:22:33.999 [info] > git status -z -uall [84ms]
2024-09-22 06:22:39.138 [info] > git remote --verbose [52ms]
2024-09-22 06:22:39.139 [info] > git for-each-ref --sort -committerdate --format %(refname) %(objectname) %(*objectname) [83ms]
2024-09-22 06:22:39.170 [info] > git config --get commit.template [35ms]
2024-09-22 06:22:39.181 [info] > git for-each-ref --format=%(refname)%00%(upstream:short)%00%(objectname)%00%(upstream:track)%00%(upstream:remotename)%00%(upstream:remoteref) refs/heads/master refs/remotes/master [14ms]
2024-09-22 06:22:39.200 [info] > git status -z -uall [91ms]
2024-09-22 06:22:44.319 [info] > git remote --verbose [51ms]
2024-09-22 06:22:44.319 [info] > git for-each-ref --sort -committerdate --format %(refname) %(objectname) %(*objectname) [77ms]
2024-09-22 06:22:44.348 [info] > git config --get commit.template [32ms]
2024-09-22 06:22:44.361 [info] > git for-each-ref --format=%(refname)%00%(upstream:short)%00%(objectname)%00%(upstream:track)%00%(upstream:remotename)%00%(upstream:remoteref) refs/heads/master refs/remotes/master [10ms]
2024-09-22 06:22:44.364 [info] > git status -z -uall [73ms]
2024-09-22 06:22:49.509 [info] > git remote --verbose [57ms]
2024-09-22 06:22:49.509 [info] > git for-each-ref --sort -committerdate --format %(refname) %(objectname) %(*objectname) [87ms]
2024-09-22 06:22:49.548 [info] > git config --get commit.template [42ms]
2024-09-22 06:22:49.561 [info] > git for-each-ref --format=%(refname)%00%(upstream:short)%00%(objectname)%00%(upstream:track)%00%(upstream:remotename)%00%(upstream:remoteref) refs/heads/master refs/remotes/master [15ms]
2024-09-22 06:22:49.633 [info] > git status -z -uall [154ms]
2024-09-22 06:22:54.782 [info] > git remote --verbose [58ms]
2024-09-22 06:22:54.783 [info] > git for-each-ref --sort -committerdate --format %(refname) %(objectname) %(*objectname) [87ms]
2024-09-22 06:22:54.824 [info] > git config --get commit.template [45ms]
2024-09-22 06:22:54.837 [info] > git for-each-ref --format=%(refname)%00%(upstream:short)%00%(objectname)%00%(upstream:track)%00%(upstream:remotename)%00%(upstream:remoteref) refs/heads/master refs/remotes/master [16ms]
2024-09-22 06:22:54.844 [info] > git status -z -uall [94ms]
2024-09-22 06:22:55.496 [info] > git remote --verbose [316ms]
2024-09-22 06:22:55.497 [info] > git for-each-ref --sort -committerdate --format %(refname) %(objectname) %(*objectname) [335ms]
2024-09-22 06:22:55.499 [info] > git config --get commit.template [16ms]
2024-09-22 06:22:55.536 [info] > git for-each-ref --format=%(refname)%00%(upstream:short)%00%(objectname)%00%(upstream:track)%00%(upstream:remotename)%00%(upstream:remoteref) refs/heads/th refs/remotes/th [12ms]
2024-09-22 06:22:56.891 [info] > git status -z -uall [1695ms]
2024-09-22 06:22:59.981 [info] > git remote --verbose [57ms]
2024-09-22 06:22:59.982 [info] > git for-each-ref --sort -committerdate --format %(refname) %(objectname) %(*objectname) [92ms]
2024-09-22 06:23:00.016 [info] > git config --get commit.template [39ms]
2024-09-22 06:23:00.026 [info] > git for-each-ref --format=%(refname)%00%(upstream:short)%00%(objectname)%00%(upstream:track)%00%(upstream:remotename)%00%(upstream:remoteref) refs/heads/master refs/remotes/master [11ms]
2024-09-22 06:23:00.038 [info] > git status -z -uall [89ms]
2024-09-22 06:23:02.472 [info] > git remote --verbose [345ms]
2024-09-22 06:23:02.472 [info] > git for-each-ref --sort -committerdate --format %(refname) %(objectname) %(*objectname) [386ms]
2024-09-22 06:23:02.477 [info] > git config --get commit.template [180ms]
2024-09-22 06:23:02.524 [info] > git for-each-ref --format=%(refname)%00%(upstream:short)%00%(objectname)%00%(upstream:track)%00%(upstream:remotename)%00%(upstream:remoteref) refs/heads/th refs/remotes/th [15ms]
2024-09-22 06:23:03.836 [info] > git status -z -uall [1680ms]
2024-09-22 06:23:05.134 [info] > git remote --verbose [46ms]
2024-09-22 06:23:05.134 [info] > git for-each-ref --sort -committerdate --format %(refname) %(objectname) %(*objectname) [64ms]
2024-09-22 06:23:05.169 [info] > git config --get commit.template [39ms]
2024-09-22 06:23:05.196 [info] > git for-each-ref --format=%(refname)%00%(upstream:short)%00%(objectname)%00%(upstream:track)%00%(upstream:remotename)%00%(upstream:remoteref) refs/heads/master refs/remotes/master [30ms]
2024-09-22 06:23:05.271 [info] > git status -z -uall [166ms]
2024-09-22 06:23:09.416 [info] > git remote --verbose [410ms]
2024-09-22 06:23:09.423 [info] > git for-each-ref --sort -committerdate --format %(refname) %(objectname) %(*objectname) [448ms]
2024-09-22 06:23:09.429 [info] > git config --get commit.template [142ms]
2024-09-22 06:23:09.489 [info] > git for-each-ref --format=%(refname)%00%(upstream:short)%00%(objectname)%00%(upstream:track)%00%(upstream:remotename)%00%(upstream:remoteref) refs/heads/th refs/remotes/th [25ms]
2024-09-22 06:23:10.398 [info] > git remote --verbose [63ms]
2024-09-22 06:23:10.399 [info] > git for-each-ref --sort -committerdate --format %(refname) %(objectname) %(*objectname) [91ms]
2024-09-22 06:23:10.402 [info] > git config --get commit.template [12ms]
2024-09-22 06:23:10.428 [info] > git status -z -uall [69ms]
2024-09-22 06:23:10.435 [info] > git for-each-ref --format=%(refname)%00%(upstream:short)%00%(objectname)%00%(upstream:track)%00%(upstream:remotename)%00%(upstream:remoteref) refs/heads/master refs/remotes/master [8ms]
2024-09-22 06:23:10.700 [info] > git status -z -uall [1666ms]
2024-09-22 06:23:15.558 [info] > git remote --verbose [33ms]
2024-09-22 06:23:15.559 [info] > git for-each-ref --sort -committerdate --format %(refname) %(objectname) %(*objectname) [67ms]
2024-09-22 06:23:15.621 [info] > git config --get commit.template [36ms]
2024-09-22 06:23:15.630 [info] > git for-each-ref --format=%(refname)%00%(upstream:short)%00%(objectname)%00%(upstream:track)%00%(upstream:remotename)%00%(upstream:remoteref) refs/heads/master refs/remotes/master [10ms]
2024-09-22 06:23:15.650 [info] > git status -z -uall [98ms]
2024-09-22 06:23:16.249 [info] > git remote --verbose [340ms]
2024-09-22 06:23:16.250 [info] > git for-each-ref --sort -committerdate --format %(refname) %(objectname) %(*objectname) [372ms]
2024-09-22 06:23:16.254 [info] > git config --get commit.template [152ms]
2024-09-22 06:23:16.296 [info] > git for-each-ref --format=%(refname)%00%(upstream:short)%00%(objectname)%00%(upstream:track)%00%(upstream:remotename)%00%(upstream:remoteref) refs/heads/th refs/remotes/th [14ms]
2024-09-22 06:23:18.323 [info] > git status -z -uall [2386ms]
2024-09-22 06:23:20.769 [info] > git remote --verbose [42ms]
2024-09-22 06:23:20.769 [info] > git for-each-ref --sort -committerdate --format %(refname) %(objectname) %(*objectname) [66ms]
2024-09-22 06:23:20.798 [info] > git config --get commit.template [31ms]
2024-09-22 06:23:20.812 [info] > git for-each-ref --format=%(refname)%00%(upstream:short)%00%(objectname)%00%(upstream:track)%00%(upstream:remotename)%00%(upstream:remoteref) refs/heads/master refs/remotes/master [16ms]
2024-09-22 06:23:20.821 [info] > git status -z -uall [76ms]
2024-09-22 06:23:25.531 [info] > git remote --verbose [331ms]
2024-09-22 06:23:25.532 [info] > git for-each-ref --sort -committerdate --format %(refname) %(objectname) %(*objectname) [363ms]
2024-09-22 06:23:25.557 [info] > git config --get commit.template [106ms]
2024-09-22 06:23:25.593 [info] > git for-each-ref --format=%(refname)%00%(upstream:short)%00%(objectname)%00%(upstream:track)%00%(upstream:remotename)%00%(upstream:remoteref) refs/heads/th refs/remotes/th [14ms]
2024-09-22 06:23:25.951 [info] > git remote --verbose [64ms]
2024-09-22 06:23:25.951 [info] > git for-each-ref --sort -committerdate --format %(refname) %(objectname) %(*objectname) [90ms]
2024-09-22 06:23:25.955 [info] > git config --get commit.template [14ms]
2024-09-22 06:23:25.991 [info] > git for-each-ref --format=%(refname)%00%(upstream:short)%00%(objectname)%00%(upstream:track)%00%(upstream:remotename)%00%(upstream:remoteref) refs/heads/master refs/remotes/master [11ms]
2024-09-22 06:23:25.992 [info] > git status -z -uall [81ms]
2024-09-22 06:23:26.998 [info] > git status -z -uall [1772ms]
2024-09-22 06:23:31.131 [info] > git remote --verbose [58ms]
2024-09-22 06:23:31.132 [info] > git for-each-ref --sort -committerdate --format %(refname) %(objectname) %(*objectname) [88ms]
2024-09-22 06:23:31.165 [info] > git config --get commit.template [37ms]
2024-09-22 06:23:31.173 [info] > git for-each-ref --format=%(refname)%00%(upstream:short)%00%(objectname)%00%(upstream:track)%00%(upstream:remotename)%00%(upstream:remoteref) refs/heads/master refs/remotes/master [11ms]
2024-09-22 06:23:31.176 [info] > git status -z -uall [76ms]
2024-09-22 06:23:32.502 [info] > git remote --verbose [320ms]
2024-09-22 06:23:32.502 [info] > git for-each-ref --sort -committerdate --format %(refname) %(objectname) %(*objectname) [354ms]
2024-09-22 06:23:32.507 [info] > git config --get commit.template [78ms]
2024-09-22 06:23:32.554 [info] > git for-each-ref --format=%(refname)%00%(upstream:short)%00%(objectname)%00%(upstream:track)%00%(upstream:remotename)%00%(upstream:remoteref) refs/heads/th refs/remotes/th [20ms]
2024-09-22 06:23:33.912 [info] > git status -z -uall [1705ms]
2024-09-22 06:23:36.320 [info] > git remote --verbose [63ms]
2024-09-22 06:23:36.321 [info] > git for-each-ref --sort -committerdate --format %(refname) %(objectname) %(*objectname) [98ms]
2024-09-22 06:23:36.364 [info] > git config --get commit.template [46ms]
2024-09-22 06:23:36.369 [info] > git for-each-ref --format=%(refname)%00%(upstream:short)%00%(objectname)%00%(upstream:track)%00%(upstream:remotename)%00%(upstream:remoteref) refs/heads/master refs/remotes/master [11ms]
2024-09-22 06:23:36.375 [info] > git status -z -uall [91ms]
2024-09-22 06:23:39.421 [info] > git remote --verbose [338ms]
2024-09-22 06:23:39.422 [info] > git for-each-ref --sort -committerdate --format %(refname) %(objectname) %(*objectname) [375ms]
2024-09-22 06:23:39.426 [info] > git config --get commit.template [177ms]
2024-09-22 06:23:39.477 [info] > git for-each-ref --format=%(refname)%00%(upstream:short)%00%(objectname)%00%(upstream:track)%00%(upstream:remotename)%00%(upstream:remoteref) refs/heads/th refs/remotes/th [14ms]
2024-09-22 06:23:40.747 [info] > git status -z -uall [1630ms]
2024-09-22 06:23:42.021 [info] > git remote --verbose [70ms]
2024-09-22 06:23:42.021 [info] > git for-each-ref --sort -committerdate --format %(refname) %(objectname) %(*objectname) [93ms]
2024-09-22 06:23:42.069 [info] > git config --get commit.template [52ms]
2024-09-22 06:23:42.083 [info] > git for-each-ref --format=%(refname)%00%(upstream:short)%00%(objectname)%00%(upstream:track)%00%(upstream:remotename)%00%(upstream:remoteref) refs/heads/master refs/remotes/master [16ms]
2024-09-22 06:23:42.085 [info] > git status -z -uall [111ms]
2024-09-22 06:23:46.276 [info] > git remote --verbose [347ms]
2024-09-22 06:23:46.277 [info] > git for-each-ref --sort -committerdate --format %(refname) %(objectname) %(*objectname) [384ms]
2024-09-22 06:23:46.280 [info] > git config --get commit.template [6ms]
2024-09-22 06:23:46.334 [info] > git for-each-ref --format=%(refname)%00%(upstream:short)%00%(objectname)%00%(upstream:track)%00%(upstream:remotename)%00%(upstream:remoteref) refs/heads/th refs/remotes/th [14ms]
2024-09-22 06:23:47.265 [info] > git remote --verbose [84ms]
2024-09-22 06:23:47.266 [info] > git for-each-ref --sort -committerdate --format %(refname) %(objectname) %(*objectname) [120ms]
2024-09-22 06:23:47.267 [info] > git config --get commit.template [7ms]
2024-09-22 06:23:47.304 [info] > git status -z -uall [92ms]
2024-09-22 06:23:47.312 [info] > git for-each-ref --format=%(refname)%00%(upstream:short)%00%(objectname)%00%(upstream:track)%00%(upstream:remotename)%00%(upstream:remoteref) refs/heads/master refs/remotes/master [9ms]
2024-09-22 06:23:48.112 [info] > git status -z -uall [2152ms]
2024-09-22 06:23:52.411 [info] > git remote --verbose [26ms]
2024-09-22 06:23:52.412 [info] > git for-each-ref --sort -committerdate --format %(refname) %(objectname) %(*objectname) [53ms]
2024-09-22 06:23:52.466 [info] > git config --get commit.template [32ms]
2024-09-22 06:23:52.474 [info] > git for-each-ref --format=%(refname)%00%(upstream:short)%00%(objectname)%00%(upstream:track)%00%(upstream:remotename)%00%(upstream:remoteref) refs/heads/master refs/remotes/master [13ms]
2024-09-22 06:23:52.486 [info] > git status -z -uall [80ms]
2024-09-22 06:23:55.722 [info] > git remote --verbose [33ms]
2024-09-22 06:23:55.723 [info] > git for-each-ref --sort -committerdate --format %(refname) %(objectname) %(*objectname) [62ms]
2024-09-22 06:23:55.991 [info] > git config --get commit.template [88ms]
2024-09-22 06:23:56.047 [info] > git for-each-ref --format=%(refname)%00%(upstream:short)%00%(objectname)%00%(upstream:track)%00%(upstream:remotename)%00%(upstream:remoteref) refs/heads/th refs/remotes/th [12ms]
2024-09-22 06:23:57.643 [info] > git remote --verbose [64ms]
2024-09-22 06:23:57.644 [info] > git for-each-ref --sort -committerdate --format %(refname) %(objectname) %(*objectname) [96ms]
2024-09-22 06:23:57.647 [info] > git config --get commit.template [13ms]
2024-09-22 06:23:57.675 [info] > git status -z -uall [68ms]
2024-09-22 06:23:57.682 [info] > git for-each-ref --format=%(refname)%00%(upstream:short)%00%(objectname)%00%(upstream:track)%00%(upstream:remotename)%00%(upstream:remoteref) refs/heads/master refs/remotes/master [10ms]
2024-09-22 06:23:57.863 [info] > git status -z -uall [2145ms]
2024-09-22 06:24:02.770 [info] > git remote --verbose [29ms]
2024-09-22 06:24:02.771 [info] > git for-each-ref --sort -committerdate --format %(refname) %(objectname) %(*objectname) [54ms]
2024-09-22 06:24:02.825 [info] > git config --get commit.template [27ms]
2024-09-22 06:24:02.835 [info] > git for-each-ref --format=%(refname)%00%(upstream:short)%00%(objectname)%00%(upstream:track)%00%(upstream:remotename)%00%(upstream:remoteref) refs/heads/master refs/remotes/master [13ms]
2024-09-22 06:24:02.857 [info] > git status -z -uall [95ms]
2024-09-22 06:24:03.348 [info] > git remote --verbose [351ms]
2024-09-22 06:24:03.349 [info] > git for-each-ref --sort -committerdate --format %(refname) %(objectname) %(*objectname) [379ms]
2024-09-22 06:24:03.412 [info] > git config --get commit.template [80ms]
2024-09-22 06:24:03.457 [info] > git for-each-ref --format=%(refname)%00%(upstream:short)%00%(objectname)%00%(upstream:track)%00%(upstream:remotename)%00%(upstream:remoteref) refs/heads/th refs/remotes/th [13ms]
2024-09-22 06:24:04.807 [info] > git status -z -uall [1786ms]
2024-09-22 06:24:08.012 [info] > git remote --verbose [68ms]
2024-09-22 06:24:08.012 [info] > git for-each-ref --sort -committerdate --format %(refname) %(objectname) %(*objectname) [104ms]
2024-09-22 06:24:08.058 [info] > git config --get commit.template [50ms]
2024-09-22 06:24:08.068 [info] > git for-each-ref --format=%(refname)%00%(upstream:short)%00%(objectname)%00%(upstream:track)%00%(upstream:remotename)%00%(upstream:remoteref) refs/heads/master refs/remotes/master [13ms]
2024-09-22 06:24:08.076 [info] > git status -z -uall [100ms]
2024-09-22 06:24:11.011 [info] > git remote --verbose [357ms]
2024-09-22 06:24:11.012 [info] > git for-each-ref --sort -committerdate --format %(refname) %(objectname) %(*objectname) [403ms]
2024-09-22 06:24:11.015 [info] > git config --get commit.template [80ms]
2024-09-22 06:24:11.069 [info] > git for-each-ref --format=%(refname)%00%(upstream:short)%00%(objectname)%00%(upstream:track)%00%(upstream:remotename)%00%(upstream:remoteref) refs/heads/th refs/remotes/th [13ms]
2024-09-22 06:24:13.032 [info] > git status -z -uall [2346ms]
2024-09-22 06:24:13.213 [info] > git remote --verbose [46ms]
2024-09-22 06:24:13.215 [info] > git for-each-ref --sort -committerdate --format %(refname) %(objectname) %(*objectname) [67ms]
2024-09-22 06:24:14.228 [info] > git status -z -uall [1041ms]
2024-09-22 06:24:14.229 [info] > git config --get commit.template [1019ms]
2024-09-22 06:24:14.277 [info] > git for-each-ref --format=%(refname)%00%(upstream:short)%00%(objectname)%00%(upstream:track)%00%(upstream:remotename)%00%(upstream:remoteref) refs/heads/master refs/remotes/master [19ms]
2024-09-22 06:24:18.521 [info] > git remote --verbose [334ms]
2024-09-22 06:24:18.522 [info] > git for-each-ref --sort -committerdate --format %(refname) %(objectname) %(*objectname) [367ms]
2024-09-22 06:24:18.531 [info] > git config --get commit.template [201ms]
2024-09-22 06:24:18.584 [info] > git for-each-ref --format=%(refname)%00%(upstream:short)%00%(objectname)%00%(upstream:track)%00%(upstream:remotename)%00%(upstream:remoteref) refs/heads/th refs/remotes/th [12ms]
2024-09-22 06:24:19.410 [info] > git remote --verbose [67ms]
2024-09-22 06:24:19.411 [info] > git for-each-ref --sort -committerdate --format %(refname) %(objectname) %(*objectname) [96ms]
2024-09-22 06:24:19.415 [info] > git config --get commit.template [18ms]
2024-09-22 06:24:19.471 [info] > git for-each-ref --format=%(refname)%00%(upstream:short)%00%(objectname)%00%(upstream:track)%00%(upstream:remotename)%00%(upstream:remoteref) refs/heads/master refs/remotes/master [13ms]
2024-09-22 06:24:19.472 [info] > git status -z -uall [107ms]
2024-09-22 06:24:20.344 [info] > git status -z -uall [2135ms]
2024-09-22 06:24:24.628 [info] > git remote --verbose [69ms]
2024-09-22 06:24:24.628 [info] > git for-each-ref --sort -committerdate --format %(refname) %(objectname) %(*objectname) [103ms]
2024-09-22 06:24:24.669 [info] > git status -z -uall [78ms]
2024-09-22 06:24:24.670 [info] > git config --get commit.template [46ms]
2024-09-22 06:24:24.677 [info] > git for-each-ref --format=%(refname)%00%(upstream:short)%00%(objectname)%00%(upstream:track)%00%(upstream:remotename)%00%(upstream:remoteref) refs/heads/master refs/remotes/master [10ms]
2024-09-22 06:24:29.817 [info] > git remote --verbose [41ms]
2024-09-22 06:24:29.818 [info] > git for-each-ref --sort -committerdate --format %(refname) %(objectname) %(*objectname) [81ms]
2024-09-22 06:24:29.878 [info] > git config --get commit.template [32ms]
2024-09-22 06:24:29.886 [info] > git for-each-ref --format=%(refname)%00%(upstream:short)%00%(objectname)%00%(upstream:track)%00%(upstream:remotename)%00%(upstream:remoteref) refs/heads/master refs/remotes/master [11ms]
2024-09-22 06:24:29.889 [info] > git status -z -uall [78ms]
2024-09-22 06:24:31.427 [info] > git remote --verbose [293ms]
2024-09-22 06:24:31.428 [info] > git for-each-ref --sort -committerdate --format %(refname) %(objectname) %(*objectname) [321ms]
2024-09-22 06:24:31.436 [info] > git config --get commit.template [168ms]
2024-09-22 06:24:31.494 [info] > git for-each-ref --format=%(refname)%00%(upstream:short)%00%(objectname)%00%(upstream:track)%00%(upstream:remotename)%00%(upstream:remoteref) refs/heads/th refs/remotes/th [16ms]
2024-09-22 06:24:33.311 [info] > git status -z -uall [2152ms]
2024-09-22 06:24:35.020 [info] > git remote --verbose [37ms]
2024-09-22 06:24:35.021 [info] > git for-each-ref --sort -committerdate --format %(refname) %(objectname) %(*objectname) [78ms]
2024-09-22 06:24:35.086 [info] > git config --get commit.template [36ms]
2024-09-22 06:24:35.094 [info] > git for-each-ref --format=%(refname)%00%(upstream:short)%00%(objectname)%00%(upstream:track)%00%(upstream:remotename)%00%(upstream:remoteref) refs/heads/master refs/remotes/master [10ms]
2024-09-22 06:24:35.096 [info] > git status -z -uall [79ms]
2024-09-22 06:24:40.276 [info] > git remote --verbose [78ms]
2024-09-22 06:24:40.276 [info] > git for-each-ref --sort -committerdate --format %(refname) %(objectname) %(*objectname) [116ms]
2024-09-22 06:24:40.326 [info] > git config --get commit.template [54ms]
2024-09-22 06:24:40.337 [info] > git for-each-ref --format=%(refname)%00%(upstream:short)%00%(objectname)%00%(upstream:track)%00%(upstream:remotename)%00%(upstream:remoteref) refs/heads/master refs/remotes/master [18ms]
2024-09-22 06:24:40.341 [info] > git status -z -uall [108ms]
2024-09-22 06:24:45.469 [info] > git remote --verbose [51ms]
2024-09-22 06:24:45.470 [info] > git for-each-ref --sort -committerdate --format %(refname) %(objectname) %(*objectname) [78ms]
2024-09-22 06:24:45.481 [info] > git config --get commit.template [15ms]
2024-09-22 06:24:45.523 [info] > git for-each-ref --format=%(refname)%00%(upstream:short)%00%(objectname)%00%(upstream:track)%00%(upstream:remotename)%00%(upstream:remoteref) refs/heads/master refs/remotes/master [15ms]
2024-09-22 06:24:45.545 [info] > git status -z -uall [105ms]
2024-09-22 06:24:50.677 [info] > git remote --verbose [50ms]
2024-09-22 06:24:50.678 [info] > git for-each-ref --sort -committerdate --format %(refname) %(objectname) %(*objectname) [78ms]
2024-09-22 06:24:50.722 [info] > git config --get commit.template [47ms]
2024-09-22 06:24:50.731 [info] > git for-each-ref --format=%(refname)%00%(upstream:short)%00%(objectname)%00%(upstream:track)%00%(upstream:remotename)%00%(upstream:remoteref) refs/heads/master refs/remotes/master [14ms]
2024-09-22 06:24:50.739 [info] > git status -z -uall [91ms]
2024-09-22 06:24:55.858 [info] > git remote --verbose [56ms]
2024-09-22 06:24:55.859 [info] > git for-each-ref --sort -committerdate --format %(refname) %(objectname) %(*objectname) [80ms]
2024-09-22 06:24:55.890 [info] > git config --get commit.template [34ms]
2024-09-22 06:24:55.894 [info] > git for-each-ref --format=%(refname)%00%(upstream:short)%00%(objectname)%00%(upstream:track)%00%(upstream:remotename)%00%(upstream:remoteref) refs/heads/master refs/remotes/master [8ms]
2024-09-22 06:24:55.908 [info] > git status -z -uall [78ms]
2024-09-22 06:25:01.046 [info] > git remote --verbose [62ms]
2024-09-22 06:25:01.047 [info] > git for-each-ref --sort -committerdate --format %(refname) %(objectname) %(*objectname) [90ms]
2024-09-22 06:25:01.075 [info] > git config --get commit.template [32ms]
2024-09-22 06:25:01.085 [info] > git for-each-ref --format=%(refname)%00%(upstream:short)%00%(objectname)%00%(upstream:track)%00%(upstream:remotename)%00%(upstream:remoteref) refs/heads/master refs/remotes/master [12ms]
2024-09-22 06:25:01.117 [info] > git status -z -uall [107ms]
2024-09-22 06:25:02.733 [info] > git remote --verbose [364ms]
2024-09-22 06:25:02.734 [info] > git for-each-ref --sort -committerdate --format %(refname) %(objectname) %(*objectname) [391ms]
2024-09-22 06:25:02.739 [info] > git config --get commit.template [16ms]
2024-09-22 06:25:02.778 [info] > git for-each-ref --format=%(refname)%00%(upstream:short)%00%(objectname)%00%(upstream:track)%00%(upstream:remotename)%00%(upstream:remoteref) refs/heads/th refs/remotes/th [18ms]
2024-09-22 06:25:04.068 [info] > git status -z -uall [1676ms]
2024-09-22 06:25:06.296 [info] > git remote --verbose [85ms]
2024-09-22 06:25:06.296 [info] > git for-each-ref --sort -committerdate --format %(refname) %(objectname) %(*objectname) [121ms]
2024-09-22 06:25:06.303 [info] > git config --get commit.template [15ms]
2024-09-22 06:25:06.348 [info] > git for-each-ref --format=%(refname)%00%(upstream:short)%00%(objectname)%00%(upstream:track)%00%(upstream:remotename)%00%(upstream:remoteref) refs/heads/master refs/remotes/master [18ms]
2024-09-22 06:25:06.372 [info] > git status -z -uall [118ms]
2024-09-22 06:25:10.092 [info] > git remote --verbose [36ms]
2024-09-22 06:25:10.093 [info] > git for-each-ref --sort -committerdate --format %(refname) %(objectname) %(*objectname) [65ms]
2024-09-22 06:25:10.410 [info] > git for-each-ref --format=%(refname)%00%(upstream:short)%00%(objectname)%00%(upstream:track)%00%(upstream:remotename)%00%(upstream:remoteref) refs/heads/th refs/remotes/th [39ms]
2024-09-22 06:25:10.414 [info] > git config --get commit.template [218ms]
2024-09-22 06:25:11.523 [info] > git remote --verbose [84ms]
2024-09-22 06:25:11.523 [info] > git for-each-ref --sort -committerdate --format %(refname) %(objectname) %(*objectname) [111ms]
2024-09-22 06:25:11.531 [info] > git config --get commit.template [22ms]
2024-09-22 06:25:11.577 [info] > git for-each-ref --format=%(refname)%00%(upstream:short)%00%(objectname)%00%(upstream:track)%00%(upstream:remotename)%00%(upstream:remoteref) refs/heads/master refs/remotes/master [14ms]
2024-09-22 06:25:11.578 [info] > git status -z -uall [112ms]
2024-09-22 06:25:11.991 [info] > git status -z -uall [1904ms]
2024-09-22 06:25:16.704 [info] > git remote --verbose [36ms]
2024-09-22 06:25:16.704 [info] > git for-each-ref --sort -committerdate --format %(refname) %(objectname) %(*objectname) [69ms]
2024-09-22 06:25:16.761 [info] > git config --get commit.template [27ms]
2024-09-22 06:25:16.770 [info] > git for-each-ref --format=%(refname)%00%(upstream:short)%00%(objectname)%00%(upstream:track)%00%(upstream:remotename)%00%(upstream:remoteref) refs/heads/master refs/remotes/master [13ms]
2024-09-22 06:25:16.777 [info] > git status -z -uall [77ms]
2024-09-22 06:25:17.522 [info] > git remote --verbose [371ms]
2024-09-22 06:25:17.523 [info] > git for-each-ref --sort -committerdate --format %(refname) %(objectname) %(*objectname) [403ms]
2024-09-22 06:25:17.536 [info] > git config --get commit.template [249ms]
2024-09-22 06:25:17.577 [info] > git for-each-ref --format=%(refname)%00%(upstream:short)%00%(objectname)%00%(upstream:track)%00%(upstream:remotename)%00%(upstream:remoteref) refs/heads/th refs/remotes/th [11ms]
2024-09-22 06:25:19.524 [info] > git status -z -uall [2337ms]
2024-09-22 06:25:21.927 [info] > git remote --verbose [54ms]
2024-09-22 06:25:21.927 [info] > git for-each-ref --sort -committerdate --format %(refname) %(objectname) %(*objectname) [92ms]
2024-09-22 06:25:21.958 [info] > git config --get commit.template [33ms]
2024-09-22 06:25:21.965 [info] > git for-each-ref --format=%(refname)%00%(upstream:short)%00%(objectname)%00%(upstream:track)%00%(upstream:remotename)%00%(upstream:remoteref) refs/heads/master refs/remotes/master [9ms]
2024-09-22 06:25:21.973 [info] > git status -z -uall [76ms]
2024-09-22 06:25:24.758 [info] > git remote --verbose [34ms]
2024-09-22 06:25:24.759 [info] > git for-each-ref --sort -committerdate --format %(refname) %(objectname) %(*objectname) [67ms]
2024-09-22 06:25:25.114 [info] > git config --get commit.template [37ms]
2024-09-22 06:25:25.123 [info] > git for-each-ref --format=%(refname)%00%(upstream:short)%00%(objectname)%00%(upstream:track)%00%(upstream:remotename)%00%(upstream:remoteref) refs/heads/th refs/remotes/th [13ms]
2024-09-22 06:25:27.130 [info] > git remote --verbose [71ms]
2024-09-22 06:25:27.131 [info] > git for-each-ref --sort -committerdate --format %(refname) %(objectname) %(*objectname) [115ms]
2024-09-22 06:25:27.142 [info] > git status -z -uall [2390ms]
2024-09-22 06:25:27.143 [info] > git config --get commit.template [17ms]
2024-09-22 06:25:27.298 [info] > git status -z -uall [204ms]
2024-09-22 06:25:27.299 [info] > git for-each-ref --format=%(refname)%00%(upstream:short)%00%(objectname)%00%(upstream:track)%00%(upstream:remotename)%00%(upstream:remoteref) refs/heads/master refs/remotes/master [123ms]
2024-09-22 06:25:32.416 [info] > git remote --verbose [32ms]
2024-09-22 06:25:32.416 [info] > git for-each-ref --sort -committerdate --format %(refname) %(objectname) %(*objectname) [66ms]
2024-09-22 06:25:32.478 [info] > git config --get commit.template [33ms]
2024-09-22 06:25:32.494 [info] > git for-each-ref --format=%(refname)%00%(upstream:short)%00%(objectname)%00%(upstream:track)%00%(upstream:remotename)%00%(upstream:remoteref) refs/heads/master refs/remotes/master [18ms]
2024-09-22 06:25:32.506 [info] > git status -z -uall [96ms]
2024-09-22 06:25:37.643 [info] > git remote --verbose [61ms]
2024-09-22 06:25:37.644 [info] > git for-each-ref --sort -committerdate --format %(refname) %(objectname) %(*objectname) [90ms]
2024-09-22 06:25:37.679 [info] > git config --get commit.template [40ms]
2024-09-22 06:25:37.693 [info] > git for-each-ref --format=%(refname)%00%(upstream:short)%00%(objectname)%00%(upstream:track)%00%(upstream:remotename)%00%(upstream:remoteref) refs/heads/master refs/remotes/master [15ms]
2024-09-22 06:25:37.700 [info] > git status -z -uall [91ms]
2024-09-22 06:25:39.898 [info] > git remote --verbose [350ms]
2024-09-22 06:25:39.898 [info] > git for-each-ref --sort -committerdate --format %(refname) %(objectname) %(*objectname) [378ms]
2024-09-22 06:25:39.905 [info] > git config --get commit.template [177ms]
2024-09-22 06:25:39.948 [info] > git for-each-ref --format=%(refname)%00%(upstream:short)%00%(objectname)%00%(upstream:track)%00%(upstream:remotename)%00%(upstream:remoteref) refs/heads/th refs/remotes/th [14ms]
2024-09-22 06:25:41.886 [info] > git status -z -uall [2312ms]
2024-09-22 06:25:43.161 [info] > git remote --verbose [68ms]
2024-09-22 06:25:43.161 [info] > git for-each-ref --sort -committerdate --format %(refname) %(objectname) %(*objectname) [90ms]
2024-09-22 06:25:43.207 [info] > git config --get commit.template [49ms]
2024-09-22 06:25:43.221 [info] > git for-each-ref --format=%(refname)%00%(upstream:short)%00%(objectname)%00%(upstream:track)%00%(upstream:remotename)%00%(upstream:remoteref) refs/heads/master refs/remotes/master [17ms]
2024-09-22 06:25:43.229 [info] > git status -z -uall [110ms]
2024-09-22 06:25:48.337 [info] > git remote --verbose [48ms]
2024-09-22 06:25:48.337 [info] > git for-each-ref --sort -committerdate --format %(refname) %(objectname) %(*objectname) [73ms]
2024-09-22 06:25:48.362 [info] > git config --get commit.template [28ms]
2024-09-22 06:25:48.368 [info] > git for-each-ref --format=%(refname)%00%(upstream:short)%00%(objectname)%00%(upstream:track)%00%(upstream:remotename)%00%(upstream:remoteref) refs/heads/master refs/remotes/master [8ms]
2024-09-22 06:25:48.384 [info] > git status -z -uall [73ms]
2024-09-22 06:25:53.502 [info] > git remote --verbose [32ms]
2024-09-22 06:25:53.503 [info] > git for-each-ref --sort -committerdate --format %(refname) %(objectname) %(*objectname) [65ms]
2024-09-22 06:25:53.568 [info] > git config --get commit.template [37ms]
2024-09-22 06:25:53.583 [info] > git for-each-ref --format=%(refname)%00%(upstream:short)%00%(objectname)%00%(upstream:track)%00%(upstream:remotename)%00%(upstream:remoteref) refs/heads/master refs/remotes/master [19ms]
2024-09-22 06:25:53.593 [info] > git status -z -uall [95ms]
2024-09-22 06:25:58.382 [info] > git remote --verbose [34ms]
2024-09-22 06:25:58.383 [info] > git for-each-ref --sort -committerdate --format %(refname) %(objectname) %(*objectname) [68ms]
2024-09-22 06:25:58.606 [info] > git config --get commit.template [103ms]
2024-09-22 06:25:58.672 [info] > git for-each-ref --format=%(refname)%00%(upstream:short)%00%(objectname)%00%(upstream:track)%00%(upstream:remotename)%00%(upstream:remoteref) refs/heads/th refs/remotes/th [14ms]
2024-09-22 06:25:59.260 [info] > git remote --verbose [73ms]
2024-09-22 06:25:59.261 [info] > git for-each-ref --sort -committerdate --format %(refname) %(objectname) %(*objectname) [106ms]
2024-09-22 06:25:59.264 [info] > git config --get commit.template [12ms]
2024-09-22 06:25:59.300 [info] > git status -z -uall [79ms]
2024-09-22 06:25:59.316 [info] > git for-each-ref --format=%(refname)%00%(upstream:short)%00%(objectname)%00%(upstream:track)%00%(upstream:remotename)%00%(upstream:remoteref) refs/heads/master refs/remotes/master [17ms]
2024-09-22 06:26:00.430 [info] > git status -z -uall [2057ms]
2024-09-22 06:28:13.074 [info] > git remote --verbose [172ms]
2024-09-22 06:28:13.075 [info] > git for-each-ref --sort -committerdate --format %(refname) %(objectname) %(*objectname) [268ms]
2024-09-22 06:28:13.082 [info] > git config --get commit.template [73ms]
2024-09-22 06:28:13.190 [info] > git for-each-ref --format=%(refname)%00%(upstream:short)%00%(objectname)%00%(upstream:track)%00%(upstream:remotename)%00%(upstream:remoteref) refs/heads/master refs/remotes/master [48ms]
2024-09-22 06:28:13.372 [info] > git status -z -uall [431ms]
2024-09-22 06:28:18.484 [info] > git remote --verbose [46ms]
2024-09-22 06:28:18.484 [info] > git for-each-ref --sort -committerdate --format %(refname) %(objectname) %(*objectname) [67ms]
2024-09-22 06:28:18.511 [info] > git config --get commit.template [31ms]
2024-09-22 06:28:18.530 [info] > git for-each-ref --format=%(refname)%00%(upstream:short)%00%(objectname)%00%(upstream:track)%00%(upstream:remotename)%00%(upstream:remoteref) refs/heads/master refs/remotes/master [21ms]
2024-09-22 06:28:18.564 [info] > git status -z -uall [108ms]
2024-09-22 06:28:23.691 [info] > git remote --verbose [55ms]
2024-09-22 06:28:23.692 [info] > git for-each-ref --sort -committerdate --format %(refname) %(objectname) %(*objectname) [85ms]
2024-09-22 06:28:23.727 [info] > git config --get commit.template [39ms]
2024-09-22 06:28:23.756 [info] > git for-each-ref --format=%(refname)%00%(upstream:short)%00%(objectname)%00%(upstream:track)%00%(upstream:remotename)%00%(upstream:remoteref) refs/heads/master refs/remotes/master [34ms]
2024-09-22 06:28:23.783 [info] > git status -z -uall [123ms]
2024-09-22 06:28:25.671 [info] > git remote --verbose [365ms]
2024-09-22 06:28:25.675 [info] > git config --get commit.template [265ms]
2024-09-22 06:28:25.676 [info] > git for-each-ref --sort -committerdate --format %(refname) %(objectname) %(*objectname) [397ms]
2024-09-22 06:28:25.725 [info] > git for-each-ref --format=%(refname)%00%(upstream:short)%00%(objectname)%00%(upstream:track)%00%(upstream:remotename)%00%(upstream:remoteref) refs/heads/th refs/remotes/th [18ms]
2024-09-22 06:28:27.502 [info] > git status -z -uall [2176ms]
2024-09-22 06:28:28.924 [info] > git remote --verbose [59ms]
2024-09-22 06:28:28.925 [info] > git for-each-ref --sort -committerdate --format %(refname) %(objectname) %(*objectname) [90ms]
2024-09-22 06:28:28.934 [info] > git config --get commit.template [21ms]
2024-09-22 06:28:28.976 [info] > git status -z -uall [93ms]
2024-09-22 06:28:28.977 [info] > git for-each-ref --format=%(refname)%00%(upstream:short)%00%(objectname)%00%(upstream:track)%00%(upstream:remotename)%00%(upstream:remoteref) refs/heads/master refs/remotes/master [21ms]
2024-09-22 06:28:34.117 [info] > git remote --verbose [51ms]
2024-09-22 06:28:34.117 [info] > git for-each-ref --sort -committerdate --format %(refname) %(objectname) %(*objectname) [77ms]
2024-09-22 06:28:34.161 [info] > git config --get commit.template [47ms]
2024-09-22 06:28:34.170 [info] > git for-each-ref --format=%(refname)%00%(upstream:short)%00%(objectname)%00%(upstream:track)%00%(upstream:remotename)%00%(upstream:remoteref) refs/heads/master refs/remotes/master [10ms]
2024-09-22 06:28:34.182 [info] > git status -z -uall [95ms]
2024-09-22 06:28:36.146 [info] > git remote --verbose [332ms]
2024-09-22 06:28:36.147 [info] > git for-each-ref --sort -committerdate --format %(refname) %(objectname) %(*objectname) [363ms]
2024-09-22 06:28:36.154 [info] > git config --get commit.template [198ms]
2024-09-22 06:28:36.198 [info] > git for-each-ref --format=%(refname)%00%(upstream:short)%00%(objectname)%00%(upstream:track)%00%(upstream:remotename)%00%(upstream:remoteref) refs/heads/th refs/remotes/th [14ms]
2024-09-22 06:28:37.640 [info] > git status -z -uall [1797ms]
2024-09-22 06:28:39.317 [info] > git remote --verbose [70ms]
2024-09-22 06:28:39.318 [info] > git for-each-ref --sort -committerdate --format %(refname) %(objectname) %(*objectname) [90ms]
2024-09-22 06:28:39.323 [info] > git config --get commit.template [19ms]
2024-09-22 06:28:39.372 [info] > git for-each-ref --format=%(refname)%00%(upstream:short)%00%(objectname)%00%(upstream:track)%00%(upstream:remotename)%00%(upstream:remoteref) refs/heads/master refs/remotes/master [19ms]
2024-09-22 06:28:39.385 [info] > git status -z -uall [111ms]
2024-09-22 06:28:42.838 [info] > git remote --verbose [36ms]
2024-09-22 06:28:42.839 [info] > git for-each-ref --sort -committerdate --format %(refname) %(objectname) %(*objectname) [64ms]
2024-09-22 06:28:43.168 [info] > git config --get commit.template [180ms]
2024-09-22 06:28:43.181 [info] > git for-each-ref --format=%(refname)%00%(upstream:short)%00%(objectname)%00%(upstream:track)%00%(upstream:remotename)%00%(upstream:remoteref) refs/heads/th refs/remotes/th [18ms]
2024-09-22 06:28:44.477 [info] > git remote --verbose [26ms]
2024-09-22 06:28:44.479 [info] > git for-each-ref --sort -committerdate --format %(refname) %(objectname) %(*objectname) [48ms]
2024-09-22 06:28:44.542 [info] > git config --get commit.template [31ms]
2024-09-22 06:28:44.555 [info] > git for-each-ref --format=%(refname)%00%(upstream:short)%00%(objectname)%00%(upstream:track)%00%(upstream:remotename)%00%(upstream:remoteref) refs/heads/master refs/remotes/master [18ms]
2024-09-22 06:28:44.582 [info] > git status -z -uall [111ms]
2024-09-22 06:28:44.779 [info] > git status -z -uall [1946ms]
2024-09-22 06:28:49.712 [info] > git remote --verbose [48ms]
2024-09-22 06:28:49.714 [info] > git for-each-ref --sort -committerdate --format %(refname) %(objectname) %(*objectname) [75ms]
2024-09-22 06:28:49.753 [info] > git config --get commit.template [43ms]
2024-09-22 06:28:49.761 [info] > git for-each-ref --format=%(refname)%00%(upstream:short)%00%(objectname)%00%(upstream:track)%00%(upstream:remotename)%00%(upstream:remoteref) refs/heads/master refs/remotes/master [17ms]
2024-09-22 06:28:49.779 [info] > git status -z -uall [92ms]
2024-09-22 06:28:50.202 [info] > git remote --verbose [310ms]
2024-09-22 06:28:50.203 [info] > git for-each-ref --sort -committerdate --format %(refname) %(objectname) %(*objectname) [337ms]
2024-09-22 06:28:50.293 [info] > git config --get commit.template [269ms]
2024-09-22 06:28:50.334 [info] > git for-each-ref --format=%(refname)%00%(upstream:short)%00%(objectname)%00%(upstream:track)%00%(upstream:remotename)%00%(upstream:remoteref) refs/heads/th refs/remotes/th [17ms]
2024-09-22 06:28:51.814 [info] > git status -z -uall [1899ms]
2024-09-22 06:28:54.913 [info] > git remote --verbose [52ms]
2024-09-22 06:28:54.914 [info] > git for-each-ref --sort -committerdate --format %(refname) %(objectname) %(*objectname) [82ms]
2024-09-22 06:28:54.943 [info] > git config --get commit.template [34ms]
2024-09-22 06:28:54.952 [info] > git for-each-ref --format=%(refname)%00%(upstream:short)%00%(objectname)%00%(upstream:track)%00%(upstream:remotename)%00%(upstream:remoteref) refs/heads/master refs/remotes/master [11ms]
2024-09-22 06:28:54.953 [info] > git status -z -uall [68ms]
2024-09-22 06:28:58.781 [info] > git remote --verbose [346ms]
2024-09-22 06:28:58.782 [info] > git for-each-ref --sort -committerdate --format %(refname) %(objectname) %(*objectname) [374ms]
2024-09-22 06:28:58.811 [info] > git config --get commit.template [76ms]
2024-09-22 06:28:58.824 [info] > git for-each-ref --format=%(refname)%00%(upstream:short)%00%(objectname)%00%(upstream:track)%00%(upstream:remotename)%00%(upstream:remoteref) refs/heads/th refs/remotes/th [15ms]
2024-09-22 06:29:00.093 [info] > git remote --verbose [62ms]
2024-09-22 06:29:00.094 [info] > git for-each-ref --sort -committerdate --format %(refname) %(objectname) %(*objectname) [94ms]
2024-09-22 06:29:00.098 [info] > git config --get commit.template [12ms]
2024-09-22 06:29:00.127 [info] > git status -z -uall [68ms]
2024-09-22 06:29:00.132 [info] > git for-each-ref --format=%(refname)%00%(upstream:short)%00%(objectname)%00%(upstream:track)%00%(upstream:remotename)%00%(upstream:remoteref) refs/heads/master refs/remotes/master [8ms]
2024-09-22 06:29:00.319 [info] > git status -z -uall [1861ms]
2024-09-22 06:29:05.252 [info] > git remote --verbose [36ms]
2024-09-22 06:29:05.252 [info] > git for-each-ref --sort -committerdate --format %(refname) %(objectname) %(*objectname) [68ms]
2024-09-22 06:29:05.326 [info] > git config --get commit.template [41ms]
2024-09-22 06:29:05.336 [info] > git for-each-ref --format=%(refname)%00%(upstream:short)%00%(objectname)%00%(upstream:track)%00%(upstream:remotename)%00%(upstream:remoteref) refs/heads/master refs/remotes/master [12ms]
2024-09-22 06:29:05.338 [info] > git status -z -uall [92ms]
2024-09-22 06:29:05.822 [info] > git remote --verbose [360ms]
2024-09-22 06:29:05.822 [info] > git for-each-ref --sort -committerdate --format %(refname) %(objectname) %(*objectname) [393ms]
2024-09-22 06:29:05.894 [info] > git config --get commit.template [187ms]
2024-09-22 06:29:05.941 [info] > git for-each-ref --format=%(refname)%00%(upstream:short)%00%(objectname)%00%(upstream:track)%00%(upstream:remotename)%00%(upstream:remoteref) refs/heads/th refs/remotes/th [20ms]
2024-09-22 06:29:07.145 [info] > git status -z -uall [1649ms]
2024-09-22 06:29:10.490 [info] > git remote --verbose [65ms]
2024-09-22 06:29:10.491 [info] > git for-each-ref --sort -committerdate --format %(refname) %(objectname) %(*objectname) [98ms]
2024-09-22 06:29:10.525 [info] > git config --get commit.template [37ms]
2024-09-22 06:29:10.533 [info] > git for-each-ref --format=%(refname)%00%(upstream:short)%00%(objectname)%00%(upstream:track)%00%(upstream:remotename)%00%(upstream:remoteref) refs/heads/master refs/remotes/master [10ms]
2024-09-22 06:29:10.534 [info] > git status -z -uall [79ms]
2024-09-22 06:29:12.417 [info] > git remote --verbose [43ms]
2024-09-22 06:29:12.417 [info] > git for-each-ref --sort -committerdate --format %(refname) %(objectname) %(*objectname) [107ms]
2024-09-22 06:29:12.755 [info] > git config --get commit.template [55ms]
2024-09-22 06:29:12.859 [info] > git for-each-ref --format=%(refname)%00%(upstream:short)%00%(objectname)%00%(upstream:track)%00%(upstream:remotename)%00%(upstream:remoteref) refs/heads/th refs/remotes/th [52ms]
2024-09-22 06:29:14.469 [info] > git status -z -uall [2058ms]
2024-09-22 06:29:15.717 [info] > git remote --verbose [60ms]
2024-09-22 06:29:15.717 [info] > git for-each-ref --sort -committerdate --format %(refname) %(objectname) %(*objectname) [84ms]
2024-09-22 06:29:15.757 [info] > git config --get commit.template [42ms]
2024-09-22 06:29:15.770 [info] > git status -z -uall [87ms]
2024-09-22 06:29:15.770 [info] > git for-each-ref --format=%(refname)%00%(upstream:short)%00%(objectname)%00%(upstream:track)%00%(upstream:remotename)%00%(upstream:remoteref) refs/heads/master refs/remotes/master [15ms]
2024-09-22 06:29:19.919 [info] > git remote --verbose [287ms]
2024-09-22 06:29:19.920 [info] > git for-each-ref --sort -committerdate --format %(refname) %(objectname) %(*objectname) [318ms]
2024-09-22 06:29:19.977 [info] > git config --get commit.template [177ms]
2024-09-22 06:29:20.044 [info] > git for-each-ref --format=%(refname)%00%(upstream:short)%00%(objectname)%00%(upstream:track)%00%(upstream:remotename)%00%(upstream:remoteref) refs/heads/th refs/remotes/th [10ms]
2024-09-22 06:29:21.710 [info] > git remote --verbose [118ms]
2024-09-22 06:29:21.711 [info] > git for-each-ref --sort -committerdate --format %(refname) %(objectname) %(*objectname) [261ms]
2024-09-22 06:29:21.785 [info] > git config --get commit.template [90ms]
2024-09-22 06:29:21.808 [info] > git for-each-ref --format=%(refname)%00%(upstream:short)%00%(objectname)%00%(upstream:track)%00%(upstream:remotename)%00%(upstream:remoteref) refs/heads/master refs/remotes/master [29ms]
2024-09-22 06:29:21.843 [info] > git status -z -uall [186ms]
2024-09-22 06:29:22.667 [info] > git status -z -uall [3016ms]
2024-09-22 06:29:26.980 [info] > git remote --verbose [61ms]
2024-09-22 06:29:26.981 [info] > git for-each-ref --sort -committerdate --format %(refname) %(objectname) %(*objectname) [93ms]
2024-09-22 06:29:27.024 [info] > git config --get commit.template [47ms]
2024-09-22 06:29:27.036 [info] > git status -z -uall [89ms]
2024-09-22 06:29:27.037 [info] > git for-each-ref --format=%(refname)%00%(upstream:short)%00%(objectname)%00%(upstream:track)%00%(upstream:remotename)%00%(upstream:remoteref) refs/heads/master refs/remotes/master [16ms]
2024-09-22 06:29:27.855 [info] > git remote --verbose [29ms]
2024-09-22 06:29:27.855 [info] > git for-each-ref --sort -committerdate --format %(refname) %(objectname) %(*objectname) [60ms]
2024-09-22 06:29:28.189 [info] > git config --get commit.template [121ms]
2024-09-22 06:29:28.216 [info] > git for-each-ref --format=%(refname)%00%(upstream:short)%00%(objectname)%00%(upstream:track)%00%(upstream:remotename)%00%(upstream:remoteref) refs/heads/th refs/remotes/th [32ms]
2024-09-22 06:29:30.086 [info] > git status -z -uall [2235ms]
2024-09-22 06:29:32.185 [info] > git remote --verbose [65ms]
2024-09-22 06:29:32.185 [info] > git for-each-ref --sort -committerdate --format %(refname) %(objectname) %(*objectname) [104ms]
2024-09-22 06:29:32.223 [info] > git config --get commit.template [42ms]
2024-09-22 06:29:32.234 [info] > git for-each-ref --format=%(refname)%00%(upstream:short)%00%(objectname)%00%(upstream:track)%00%(upstream:remotename)%00%(upstream:remoteref) refs/heads/master refs/remotes/master [15ms]
2024-09-22 06:29:32.246 [info] > git status -z -uall [96ms]
2024-09-22 06:29:35.568 [info] > git remote --verbose [325ms]
2024-09-22 06:29:35.569 [info] > git for-each-ref --sort -committerdate --format %(refname) %(objectname) %(*objectname) [356ms]
2024-09-22 06:29:35.576 [info] > git config --get commit.template [21ms]
2024-09-22 06:29:35.624 [info] > git for-each-ref --format=%(refname)%00%(upstream:short)%00%(objectname)%00%(upstream:track)%00%(upstream:remotename)%00%(upstream:remoteref) refs/heads/th refs/remotes/th [15ms]
2024-09-22 06:29:37.030 [info] > git status -z -uall [1758ms]
2024-09-22 06:29:38.324 [info] > git remote --verbose [109ms]
2024-09-22 06:29:38.324 [info] > git for-each-ref --sort -committerdate --format %(refname) %(objectname) %(*objectname) [137ms]
2024-09-22 06:29:38.348 [info] > git config --get commit.template [60ms]
2024-09-22 06:29:38.396 [info] > git status -z -uall [153ms]
2024-09-22 06:29:38.400 [info] > git for-each-ref --format=%(refname)%00%(upstream:short)%00%(objectname)%00%(upstream:track)%00%(upstream:remotename)%00%(upstream:remoteref) refs/heads/master refs/remotes/master [12ms]
2024-09-22 06:29:42.246 [info] > git remote --verbose [36ms]
2024-09-22 06:29:42.247 [info] > git for-each-ref --sort -committerdate --format %(refname) %(objectname) %(*objectname) [74ms]
2024-09-22 06:29:42.545 [info] > git config --get commit.template [3ms]
2024-09-22 06:29:42.598 [info] > git for-each-ref --format=%(refname)%00%(upstream:short)%00%(objectname)%00%(upstream:track)%00%(upstream:remotename)%00%(upstream:remoteref) refs/heads/th refs/remotes/th [15ms]
2024-09-22 06:29:43.568 [info] > git remote --verbose [70ms]
2024-09-22 06:29:43.568 [info] > git for-each-ref --sort -committerdate --format %(refname) %(objectname) %(*objectname) [110ms]
2024-09-22 06:29:43.573 [info] > git config --get commit.template [18ms]
2024-09-22 06:29:43.611 [info] > git status -z -uall [88ms]
2024-09-22 06:29:43.619 [info] > git for-each-ref --format=%(refname)%00%(upstream:short)%00%(objectname)%00%(upstream:track)%00%(upstream:remotename)%00%(upstream:remoteref) refs/heads/master refs/remotes/master [9ms]
2024-09-22 06:29:44.017 [info] > git status -z -uall [1776ms]
2024-09-22 06:29:48.744 [info] > git remote --verbose [36ms]
2024-09-22 06:29:48.745 [info] > git for-each-ref --sort -committerdate --format %(refname) %(objectname) %(*objectname) [84ms]
2024-09-22 06:29:48.810 [info] > git config --get commit.template [36ms]
2024-09-22 06:29:48.828 [info] > git for-each-ref --format=%(refname)%00%(upstream:short)%00%(objectname)%00%(upstream:track)%00%(upstream:remotename)%00%(upstream:remoteref) refs/heads/master refs/remotes/master [19ms]
2024-09-22 06:29:48.897 [info] > git status -z -uall [159ms]
2024-09-22 06:29:49.481 [info] > git remote --verbose [333ms]
2024-09-22 06:29:49.481 [info] > git for-each-ref --sort -committerdate --format %(refname) %(objectname) %(*objectname) [367ms]
2024-09-22 06:29:49.540 [info] > git config --get commit.template [109ms]
2024-09-22 06:29:49.552 [info] > git for-each-ref --format=%(refname)%00%(upstream:short)%00%(objectname)%00%(upstream:track)%00%(upstream:remotename)%00%(upstream:remoteref) refs/heads/th refs/remotes/th [14ms]
2024-09-22 06:29:51.028 [info] > git status -z -uall [1849ms]
2024-09-22 06:29:54.040 [info] > git remote --verbose [38ms]
2024-09-22 06:29:54.041 [info] > git for-each-ref --sort -committerdate --format %(refname) %(objectname) %(*objectname) [83ms]
2024-09-22 06:29:54.116 [info] > git config --get commit.template [43ms]
2024-09-22 06:29:54.126 [info] > git for-each-ref --format=%(refname)%00%(upstream:short)%00%(objectname)%00%(upstream:track)%00%(upstream:remotename)%00%(upstream:remoteref) refs/heads/master refs/remotes/master [17ms]
2024-09-22 06:29:54.142 [info] > git status -z -uall [107ms]
2024-09-22 06:29:56.552 [info] > git remote --verbose [369ms]
2024-09-22 06:29:56.553 [info] > git for-each-ref --sort -committerdate --format %(refname) %(objectname) %(*objectname) [398ms]
2024-09-22 06:29:56.555 [info] > git config --get commit.template [47ms]
2024-09-22 06:29:56.594 [info] > git for-each-ref --format=%(refname)%00%(upstream:short)%00%(objectname)%00%(upstream:track)%00%(upstream:remotename)%00%(upstream:remoteref) refs/heads/th refs/remotes/th [14ms]
2024-09-22 06:29:58.052 [info] > git status -z -uall [1846ms]
2024-09-22 06:29:59.239 [info] > git remote --verbose [47ms]
2024-09-22 06:29:59.239 [info] > git for-each-ref --sort -committerdate --format %(refname) %(objectname) %(*objectname) [67ms]
2024-09-22 06:29:59.242 [info] > git config --get commit.template [11ms]
2024-09-22 06:29:59.280 [info] > git for-each-ref --format=%(refname)%00%(upstream:short)%00%(objectname)%00%(upstream:track)%00%(upstream:remotename)%00%(upstream:remoteref) refs/heads/master refs/remotes/master [13ms]
2024-09-22 06:29:59.284 [info] > git status -z -uall [77ms]
2024-09-22 06:30:04.390 [info] > git remote --verbose [46ms]
2024-09-22 06:30:04.390 [info] > git for-each-ref --sort -committerdate --format %(refname) %(objectname) %(*objectname) [67ms]
2024-09-22 06:30:04.423 [info] > git config --get commit.template [38ms]
2024-09-22 06:30:04.435 [info] > git for-each-ref --format=%(refname)%00%(upstream:short)%00%(objectname)%00%(upstream:track)%00%(upstream:remotename)%00%(upstream:remoteref) refs/heads/master refs/remotes/master [18ms]
2024-09-22 06:30:04.459 [info] > git status -z -uall [96ms]
2024-09-22 06:30:09.579 [info] > git remote --verbose [56ms]
2024-09-22 06:30:09.580 [info] > git for-each-ref --sort -committerdate --format %(refname) %(objectname) %(*objectname) [82ms]
2024-09-22 06:30:09.612 [info] > git config --get commit.template [38ms]
2024-09-22 06:30:09.630 [info] > git for-each-ref --format=%(refname)%00%(upstream:short)%00%(objectname)%00%(upstream:track)%00%(upstream:remotename)%00%(upstream:remoteref) refs/heads/master refs/remotes/master [21ms]
2024-09-22 06:30:09.697 [info] > git status -z -uall [151ms]
2024-09-22 06:30:14.770 [info] > git remote --verbose [16ms]
2024-09-22 06:30:14.770 [info] > git for-each-ref --sort -committerdate --format %(refname) %(objectname) %(*objectname) [32ms]
2024-09-22 06:30:14.807 [info] > git config --get commit.template [22ms]
2024-09-22 06:30:14.822 [info] > git for-each-ref --format=%(refname)%00%(upstream:short)%00%(objectname)%00%(upstream:track)%00%(upstream:remotename)%00%(upstream:remoteref) refs/heads/master refs/remotes/master [18ms]
2024-09-22 06:30:14.858 [info] > git status -z -uall [92ms]
2024-09-22 06:30:19.970 [info] > git remote --verbose [49ms]
2024-09-22 06:30:19.971 [info] > git for-each-ref --sort -committerdate --format %(refname) %(objectname) %(*objectname) [72ms]
2024-09-22 06:30:20.003 [info] > git config --get commit.template [41ms]
2024-09-22 06:30:20.022 [info] > git for-each-ref --format=%(refname)%00%(upstream:short)%00%(objectname)%00%(upstream:track)%00%(upstream:remotename)%00%(upstream:remoteref) refs/heads/master refs/remotes/master [22ms]
2024-09-22 06:30:20.060 [info] > git status -z -uall [121ms]
2024-09-22 06:30:24.504 [info] > git show --textconv :c/LinkList.c++ [25ms]
2024-09-22 06:30:24.506 [info] > git ls-files --stage -- /root/thsunest01/c/LinkList.c++ [12ms]
2024-09-22 06:30:24.534 [info] > git cat-file -s bf3d8a5b9ea3a471f71e804ba3de308c72bc26c8 [14ms]
2024-09-22 06:30:25.161 [info] > git remote --verbose [42ms]
2024-09-22 06:30:25.162 [info] > git for-each-ref --sort -committerdate --format %(refname) %(objectname) %(*objectname) [65ms]
2024-09-22 06:30:25.169 [info] > git config --get commit.template [12ms]
2024-09-22 06:30:25.202 [info] > git for-each-ref --format=%(refname)%00%(upstream:short)%00%(objectname)%00%(upstream:track)%00%(upstream:remotename)%00%(upstream:remoteref) refs/heads/master refs/remotes/master [12ms]
2024-09-22 06:30:25.214 [info] > git status -z -uall [76ms]
2024-09-22 06:30:30.298 [info] > git remote --verbose [37ms]
2024-09-22 06:30:30.299 [info] > git for-each-ref --sort -committerdate --format %(refname) %(objectname) %(*objectname) [54ms]
2024-09-22 06:30:30.301 [info] > git config --get commit.template [10ms]
2024-09-22 06:30:30.336 [info] > git for-each-ref --format=%(refname)%00%(upstream:short)%00%(objectname)%00%(upstream:track)%00%(upstream:remotename)%00%(upstream:remoteref) refs/heads/master refs/remotes/master [14ms]
2024-09-22 06:30:30.353 [info] > git status -z -uall [78ms]
2024-09-22 06:30:35.469 [info] > git remote --verbose [59ms]
2024-09-22 06:30:35.470 [info] > git for-each-ref --sort -committerdate --format %(refname) %(objectname) %(*objectname) [83ms]
2024-09-22 06:30:35.475 [info] > git config --get commit.template [12ms]
2024-09-22 06:30:35.516 [info] > git for-each-ref --format=%(refname)%00%(upstream:short)%00%(objectname)%00%(upstream:track)%00%(upstream:remotename)%00%(upstream:remoteref) refs/heads/master refs/remotes/master [20ms]
2024-09-22 06:30:35.552 [info] > git status -z -uall [119ms]
2024-09-22 06:30:40.658 [info] > git remote --verbose [32ms]
2024-09-22 06:30:40.659 [info] > git for-each-ref --sort -committerdate --format %(refname) %(objectname) %(*objectname) [59ms]
2024-09-22 06:30:40.709 [info] > git config --get commit.template [23ms]
2024-09-22 06:30:40.720 [info] > git for-each-ref --format=%(refname)%00%(upstream:short)%00%(objectname)%00%(upstream:track)%00%(upstream:remotename)%00%(upstream:remoteref) refs/heads/master refs/remotes/master [13ms]
2024-09-22 06:30:40.752 [info] > git status -z -uall [107ms]
2024-09-22 06:30:41.109 [info] > git show --textconv :c/LinkList.c++ [18ms]
2024-09-22 06:30:41.120 [info] > git ls-files --stage -- /root/thsunest01/c/LinkList.c++ [16ms]
2024-09-22 06:30:41.141 [info] > git cat-file -s bf3d8a5b9ea3a471f71e804ba3de308c72bc26c8 [8ms]
2024-09-22 06:30:45.840 [info] > git remote --verbose [32ms]
2024-09-22 06:30:45.841 [info] > git for-each-ref --sort -committerdate --format %(refname) %(objectname) %(*objectname) [57ms]
2024-09-22 06:30:45.888 [info] > git config --get commit.template [26ms]
2024-09-22 06:30:45.910 [info] > git for-each-ref --format=%(refname)%00%(upstream:short)%00%(objectname)%00%(upstream:track)%00%(upstream:remotename)%00%(upstream:remoteref) refs/heads/master refs/remotes/master [26ms]
2024-09-22 06:30:45.996 [info] > git status -z -uall [164ms]
2024-09-22 06:30:51.099 [info] > git remote --verbose [35ms]
2024-09-22 06:30:51.099 [info] > git for-each-ref --sort -committerdate --format %(refname) %(objectname) %(*objectname) [52ms]
2024-09-22 06:30:51.120 [info] > git config --get commit.template [24ms]
2024-09-22 06:30:51.131 [info] > git for-each-ref --format=%(refname)%00%(upstream:short)%00%(objectname)%00%(upstream:track)%00%(upstream:remotename)%00%(upstream:remoteref) refs/heads/master refs/remotes/master [13ms]
2024-09-22 06:30:51.141 [info] > git status -z -uall [63ms]
2024-09-22 06:30:56.256 [info] > git remote --verbose [50ms]
2024-09-22 06:30:56.257 [info] > git for-each-ref --sort -committerdate --format %(refname) %(objectname) %(*objectname) [75ms]
2024-09-22 06:30:56.293 [info] > git config --get commit.template [41ms]
2024-09-22 06:30:56.308 [info] > git for-each-ref --format=%(refname)%00%(upstream:short)%00%(objectname)%00%(upstream:track)%00%(upstream:remotename)%00%(upstream:remoteref) refs/heads/master refs/remotes/master [17ms]
2024-09-22 06:30:56.373 [info] > git status -z -uall [147ms]
2024-09-22 06:31:01.485 [info] > git remote --verbose [45ms]
2024-09-22 06:31:01.486 [info] > git for-each-ref --sort -committerdate --format %(refname) %(objectname) %(*objectname) [66ms]
2024-09-22 06:31:01.515 [info] > git config --get commit.template [34ms]
2024-09-22 06:31:01.524 [info] > git for-each-ref --format=%(refname)%00%(upstream:short)%00%(objectname)%00%(upstream:track)%00%(upstream:remotename)%00%(upstream:remoteref) refs/heads/master refs/remotes/master [15ms]
2024-09-22 06:31:01.555 [info] > git status -z -uall [97ms]
2024-09-22 06:31:06.673 [info] > git remote --verbose [52ms]
2024-09-22 06:31:06.674 [info] > git for-each-ref --sort -committerdate --format %(refname) %(objectname) %(*objectname) [79ms]
2024-09-22 06:31:06.717 [info] > git config --get commit.template [47ms]
2024-09-22 06:31:06.725 [info] > git for-each-ref --format=%(refname)%00%(upstream:short)%00%(objectname)%00%(upstream:track)%00%(upstream:remotename)%00%(upstream:remoteref) refs/heads/master refs/remotes/master [21ms]
2024-09-22 06:31:06.777 [info] > git status -z -uall [131ms]
2024-09-22 06:31:11.903 [info] > git remote --verbose [45ms]
2024-09-22 06:31:11.903 [info] > git for-each-ref --sort -committerdate --format %(refname) %(objectname) %(*objectname) [69ms]
2024-09-22 06:31:11.932 [info] > git config --get commit.template [33ms]
2024-09-22 06:31:11.942 [info] > git for-each-ref --format=%(refname)%00%(upstream:short)%00%(objectname)%00%(upstream:track)%00%(upstream:remotename)%00%(upstream:remoteref) refs/heads/master refs/remotes/master [12ms]
2024-09-22 06:31:11.961 [info] > git status -z -uall [85ms]
2024-09-22 06:31:17.056 [info] > git remote --verbose [40ms]
2024-09-22 06:31:17.057 [info] > git for-each-ref --sort -committerdate --format %(refname) %(objectname) %(*objectname) [59ms]
2024-09-22 06:31:17.078 [info] > git config --get commit.template [26ms]
2024-09-22 06:31:17.087 [info] > git for-each-ref --format=%(refname)%00%(upstream:short)%00%(objectname)%00%(upstream:track)%00%(upstream:remotename)%00%(upstream:remoteref) refs/heads/master refs/remotes/master [11ms]
2024-09-22 06:31:17.106 [info] > git status -z -uall [73ms]
2024-09-22 06:31:22.223 [info] > git remote --verbose [49ms]
2024-09-22 06:31:22.223 [info] > git for-each-ref --sort -committerdate --format %(refname) %(objectname) %(*objectname) [72ms]
2024-09-22 06:31:22.272 [info] > git config --get commit.template [52ms]
2024-09-22 06:31:22.283 [info] > git for-each-ref --format=%(refname)%00%(upstream:short)%00%(objectname)%00%(upstream:track)%00%(upstream:remotename)%00%(upstream:remoteref) refs/heads/master refs/remotes/master [13ms]
2024-09-22 06:31:22.314 [info] > git status -z -uall [120ms]
2024-09-22 06:31:27.404 [info] > git remote --verbose [36ms]
2024-09-22 06:31:27.404 [info] > git for-each-ref --sort -committerdate --format %(refname) %(objectname) %(*objectname) [60ms]
2024-09-22 06:31:27.409 [info] > git config --get commit.template [11ms]
2024-09-22 06:31:27.439 [info] > git for-each-ref --format=%(refname)%00%(upstream:short)%00%(objectname)%00%(upstream:track)%00%(upstream:remotename)%00%(upstream:remoteref) refs/heads/master refs/remotes/master [13ms]
2024-09-22 06:31:27.453 [info] > git status -z -uall [70ms]
2024-09-22 06:31:32.572 [info] > git remote --verbose [45ms]
2024-09-22 06:31:32.572 [info] > git for-each-ref --sort -committerdate --format %(refname) %(objectname) %(*objectname) [70ms]
2024-09-22 06:31:32.600 [info] > git config --get commit.template [32ms]
2024-09-22 06:31:32.615 [info] > git for-each-ref --format=%(refname)%00%(upstream:short)%00%(objectname)%00%(upstream:track)%00%(upstream:remotename)%00%(upstream:remoteref) refs/heads/master refs/remotes/master [18ms]
2024-09-22 06:31:32.632 [info] > git status -z -uall [88ms]
2024-09-22 06:31:33.209 [info] > git show --textconv :c/LinkList.c++ [27ms]
2024-09-22 06:31:33.223 [info] > git ls-files --stage -- /root/thsunest01/c/LinkList.c++ [21ms]
2024-09-22 06:31:33.256 [info] > git cat-file -s bf3d8a5b9ea3a471f71e804ba3de308c72bc26c8 [12ms]
2024-09-22 06:31:37.713 [info] > git remote --verbose [36ms]
2024-09-22 06:31:37.714 [info] > git for-each-ref --sort -committerdate --format %(refname) %(objectname) %(*objectname) [54ms]
2024-09-22 06:31:37.736 [info] > git config --get commit.template [25ms]
2024-09-22 06:31:37.743 [info] > git for-each-ref --format=%(refname)%00%(upstream:short)%00%(objectname)%00%(upstream:track)%00%(upstream:remotename)%00%(upstream:remoteref) refs/heads/master refs/remotes/master [9ms]
2024-09-22 06:31:37.758 [info] > git status -z -uall [65ms]
2024-09-22 06:31:42.144 [info] > git remote --verbose [361ms]
2024-09-22 06:31:42.144 [info] > git for-each-ref --sort -committerdate --format %(refname) %(objectname) %(*objectname) [393ms]
2024-09-22 06:31:42.154 [info] > git config --get commit.template [92ms]
2024-09-22 06:31:42.188 [info] > git for-each-ref --format=%(refname)%00%(upstream:short)%00%(objectname)%00%(upstream:track)%00%(upstream:remotename)%00%(upstream:remoteref) refs/heads/th refs/remotes/th [14ms]
2024-09-22 06:31:42.856 [info] > git remote --verbose [49ms]
2024-09-22 06:31:42.857 [info] > git for-each-ref --sort -committerdate --format %(refname) %(objectname) %(*objectname) [68ms]
2024-09-22 06:31:42.860 [info] > git config --get commit.template [16ms]
2024-09-22 06:31:42.888 [info] > git status -z -uall [65ms]
2024-09-22 06:31:42.892 [info] > git for-each-ref --format=%(refname)%00%(upstream:short)%00%(objectname)%00%(upstream:track)%00%(upstream:remotename)%00%(upstream:remoteref) refs/heads/master refs/remotes/master [13ms]
2024-09-22 06:31:43.361 [info] > git status -z -uall [1553ms]
2024-09-22 06:31:48.014 [info] > git remote --verbose [49ms]
2024-09-22 06:31:48.014 [info] > git for-each-ref --sort -committerdate --format %(refname) %(objectname) %(*objectname) [76ms]
2024-09-22 06:31:48.040 [info] > git config --get commit.template [31ms]
2024-09-22 06:31:48.049 [info] > git for-each-ref --format=%(refname)%00%(upstream:short)%00%(objectname)%00%(upstream:track)%00%(upstream:remotename)%00%(upstream:remoteref) refs/heads/master refs/remotes/master [11ms]
2024-09-22 06:31:48.068 [info] > git status -z -uall [84ms]
2024-09-22 06:31:50.241 [info] > git remote --verbose [352ms]
2024-09-22 06:31:50.242 [info] > git for-each-ref --sort -committerdate --format %(refname) %(objectname) %(*objectname) [378ms]
2024-09-22 06:31:50.258 [info] > git config --get commit.template [167ms]
2024-09-22 06:31:50.316 [info] > git for-each-ref --format=%(refname)%00%(upstream:short)%00%(objectname)%00%(upstream:track)%00%(upstream:remotename)%00%(upstream:remoteref) refs/heads/th refs/remotes/th [29ms]
2024-09-22 06:31:51.838 [info] > git status -z -uall [1927ms]
2024-09-22 06:31:53.221 [info] > git remote --verbose [76ms]
2024-09-22 06:31:53.222 [info] > git for-each-ref --sort -committerdate --format %(refname) %(objectname) %(*objectname) [115ms]
2024-09-22 06:31:53.271 [info] > git config --get commit.template [51ms]
2024-09-22 06:31:53.284 [info] > git for-each-ref --format=%(refname)%00%(upstream:short)%00%(objectname)%00%(upstream:track)%00%(upstream:remotename)%00%(upstream:remoteref) refs/heads/master refs/remotes/master [16ms]
2024-09-22 06:31:53.301 [info] > git status -z -uall [118ms]
2024-09-22 06:31:57.352 [info] > git remote --verbose [333ms]
2024-09-22 06:31:57.353 [info] > git for-each-ref --sort -committerdate --format %(refname) %(objectname) %(*objectname) [362ms]
2024-09-22 06:31:57.395 [info] > git config --get commit.template [183ms]
2024-09-22 06:31:57.410 [info] > git for-each-ref --format=%(refname)%00%(upstream:short)%00%(objectname)%00%(upstream:track)%00%(upstream:remotename)%00%(upstream:remoteref) refs/heads/th refs/remotes/th [17ms]
2024-09-22 06:31:58.436 [info] > git remote --verbose [72ms]
2024-09-22 06:31:58.437 [info] > git for-each-ref --sort -committerdate --format %(refname) %(objectname) %(*objectname) [99ms]
2024-09-22 06:31:58.445 [info] > git config --get commit.template [21ms]
2024-09-22 06:31:58.483 [info] > git status -z -uall [94ms]
2024-09-22 06:31:58.487 [info] > git for-each-ref --format=%(refname)%00%(upstream:short)%00%(objectname)%00%(upstream:track)%00%(upstream:remotename)%00%(upstream:remoteref) refs/heads/master refs/remotes/master [13ms]
2024-09-22 06:31:58.929 [info] > git status -z -uall [1881ms]
2024-09-22 06:32:03.595 [info] > git remote --verbose [32ms]
2024-09-22 06:32:03.596 [info] > git for-each-ref --sort -committerdate --format %(refname) %(objectname) %(*objectname) [62ms]
2024-09-22 06:32:03.648 [info] > git config --get commit.template [27ms]
2024-09-22 06:32:03.655 [info] > git for-each-ref --format=%(refname)%00%(upstream:short)%00%(objectname)%00%(upstream:track)%00%(upstream:remotename)%00%(upstream:remoteref) refs/heads/master refs/remotes/master [8ms]
2024-09-22 06:32:03.657 [info] > git status -z -uall [69ms]
2024-09-22 06:32:04.441 [info] > git remote --verbose [378ms]
2024-09-22 06:32:04.442 [info] > git for-each-ref --sort -committerdate --format %(refname) %(objectname) %(*objectname) [409ms]
2024-09-22 06:32:04.451 [info] > git config --get commit.template [84ms]
2024-09-22 06:32:04.506 [info] > git for-each-ref --format=%(refname)%00%(upstream:short)%00%(objectname)%00%(upstream:track)%00%(upstream:remotename)%00%(upstream:remoteref) refs/heads/th refs/remotes/th [18ms]
2024-09-22 06:32:05.935 [info] > git status -z -uall [1841ms]
2024-09-22 06:32:08.815 [info] > git remote --verbose [68ms]
2024-09-22 06:32:08.815 [info] > git for-each-ref --sort -committerdate --format %(refname) %(objectname) %(*objectname) [105ms]
2024-09-22 06:32:08.857 [info] > git config --get commit.template [44ms]
2024-09-22 06:32:08.868 [info] > git for-each-ref --format=%(refname)%00%(upstream:short)%00%(objectname)%00%(upstream:track)%00%(upstream:remotename)%00%(upstream:remoteref) refs/heads/master refs/remotes/master [13ms]
2024-09-22 06:32:08.887 [info] > git status -z -uall [108ms]
2024-09-22 06:32:11.515 [info] > git remote --verbose [372ms]
2024-09-22 06:32:11.516 [info] > git for-each-ref --sort -committerdate --format %(refname) %(objectname) %(*objectname) [414ms]
2024-09-22 06:32:11.560 [info] > git config --get commit.template [47ms]
2024-09-22 06:32:11.571 [info] > git for-each-ref --format=%(refname)%00%(upstream:short)%00%(objectname)%00%(upstream:track)%00%(upstream:remotename)%00%(upstream:remoteref) refs/heads/th refs/remotes/th [13ms]
2024-09-22 06:32:13.321 [info] > git status -z -uall [2138ms]
2024-09-22 06:32:14.518 [info] > git remote --verbose [62ms]
2024-09-22 06:32:14.518 [info] > git for-each-ref --sort -committerdate --format %(refname) %(objectname) %(*objectname) [82ms]
2024-09-22 06:32:14.549 [info] > git status -z -uall [69ms]
2024-09-22 06:32:14.550 [info] > git config --get commit.template [33ms]
2024-09-22 06:32:14.555 [info] > git for-each-ref --format=%(refname)%00%(upstream:short)%00%(objectname)%00%(upstream:track)%00%(upstream:remotename)%00%(upstream:remoteref) refs/heads/master refs/remotes/master [7ms]
2024-09-22 06:32:18.531 [info] > git remote --verbose [38ms]
2024-09-22 06:32:18.532 [info] > git for-each-ref --sort -committerdate --format %(refname) %(objectname) %(*objectname) [76ms]
2024-09-22 06:32:18.817 [info] > git config --get commit.template [10ms]
2024-09-22 06:32:18.899 [info] > git for-each-ref --format=%(refname)%00%(upstream:short)%00%(objectname)%00%(upstream:track)%00%(upstream:remotename)%00%(upstream:remoteref) refs/heads/th refs/remotes/th [36ms]
2024-09-22 06:32:19.728 [info] > git remote --verbose [92ms]
2024-09-22 06:32:19.728 [info] > git for-each-ref --sort -committerdate --format %(refname) %(objectname) %(*objectname) [128ms]
2024-09-22 06:32:19.785 [info] > git status -z -uall [110ms]
2024-09-22 06:32:19.787 [info] > git config --get commit.template [67ms]
2024-09-22 06:32:19.789 [info] > git for-each-ref --format=%(refname)%00%(upstream:short)%00%(objectname)%00%(upstream:track)%00%(upstream:remotename)%00%(upstream:remoteref) refs/heads/master refs/remotes/master [5ms]
2024-09-22 06:32:20.351 [info] > git status -z -uall [1826ms]
2024-09-22 06:32:24.923 [info] > git remote --verbose [44ms]
2024-09-22 06:32:24.924 [info] > git for-each-ref --sort -committerdate --format %(refname) %(objectname) %(*objectname) [82ms]
2024-09-22 06:32:24.989 [info] > git config --get commit.template [36ms]
2024-09-22 06:32:25.004 [info] > git for-each-ref --format=%(refname)%00%(upstream:short)%00%(objectname)%00%(upstream:track)%00%(upstream:remotename)%00%(upstream:remoteref) refs/heads/master refs/remotes/master [16ms]
2024-09-22 06:32:25.023 [info] > git status -z -uall [105ms]
2024-09-22 06:32:25.895 [info] > git remote --verbose [364ms]
2024-09-22 06:32:25.896 [info] > git for-each-ref --sort -committerdate --format %(refname) %(objectname) %(*objectname) [406ms]
2024-09-22 06:32:25.911 [info] > git config --get commit.template [123ms]
2024-09-22 06:32:25.960 [info] > git for-each-ref --format=%(refname)%00%(upstream:short)%00%(objectname)%00%(upstream:track)%00%(upstream:remotename)%00%(upstream:remoteref) refs/heads/th refs/remotes/th [13ms]
2024-09-22 06:32:27.150 [info] > git status -z -uall [1579ms]
2024-09-22 06:32:30.231 [info] > git remote --verbose [90ms]
2024-09-22 06:32:30.231 [info] > git for-each-ref --sort -committerdate --format %(refname) %(objectname) %(*objectname) [133ms]
2024-09-22 06:32:30.287 [info] > git status -z -uall [106ms]
2024-09-22 06:32:30.291 [info] > git config --get commit.template [67ms]
2024-09-22 06:32:30.297 [info] > git for-each-ref --format=%(refname)%00%(upstream:short)%00%(objectname)%00%(upstream:track)%00%(upstream:remotename)%00%(upstream:remoteref) refs/heads/master refs/remotes/master [13ms]
2024-09-22 06:32:32.651 [info] > git remote --verbose [348ms]
2024-09-22 06:32:32.652 [info] > git for-each-ref --sort -committerdate --format %(refname) %(objectname) %(*objectname) [377ms]
2024-09-22 06:32:32.656 [info] > git config --get commit.template [15ms]
2024-09-22 06:32:32.701 [info] > git for-each-ref --format=%(refname)%00%(upstream:short)%00%(objectname)%00%(upstream:track)%00%(upstream:remotename)%00%(upstream:remoteref) refs/heads/th refs/remotes/th [15ms]
2024-09-22 06:32:33.869 [info] > git status -z -uall [1540ms]
2024-09-22 06:32:35.409 [info] > git for-each-ref --sort -committerdate --format %(refname) %(objectname) %(*objectname) [70ms]
2024-09-22 06:32:35.459 [info] > git remote --verbose [95ms]
2024-09-22 06:32:35.479 [info] > git config --get commit.template [33ms]
2024-09-22 06:32:35.506 [info] > git for-each-ref --format=%(refname)%00%(upstream:short)%00%(objectname)%00%(upstream:track)%00%(upstream:remotename)%00%(upstream:remoteref) refs/heads/master refs/remotes/master [30ms]
2024-09-22 06:32:35.519 [info] > git status -z -uall [115ms]
2024-09-22 06:32:39.362 [info] > git remote --verbose [349ms]
2024-09-22 06:32:39.363 [info] > git for-each-ref --sort -committerdate --format %(refname) %(objectname) %(*objectname) [372ms]
2024-09-22 06:32:39.395 [info] > git config --get commit.template [266ms]
2024-09-22 06:32:39.411 [info] > git for-each-ref --format=%(refname)%00%(upstream:short)%00%(objectname)%00%(upstream:track)%00%(upstream:remotename)%00%(upstream:remoteref) refs/heads/th refs/remotes/th [17ms]
2024-09-22 06:32:40.639 [info] > git remote --verbose [62ms]
2024-09-22 06:32:40.639 [info] > git for-each-ref --sort -committerdate --format %(refname) %(objectname) %(*objectname) [87ms]
2024-09-22 06:32:40.643 [info] > git config --get commit.template [13ms]
2024-09-22 06:32:40.675 [info] > git status -z -uall [74ms]
2024-09-22 06:32:40.676 [info] > git for-each-ref --format=%(refname)%00%(upstream:short)%00%(objectname)%00%(upstream:track)%00%(upstream:remotename)%00%(upstream:remoteref) refs/heads/master refs/remotes/master [11ms]
2024-09-22 06:32:40.871 [info] > git status -z -uall [1836ms]
2024-09-22 06:32:45.764 [info] > git remote --verbose [24ms]
2024-09-22 06:32:45.765 [info] > git for-each-ref --sort -committerdate --format %(refname) %(objectname) %(*objectname) [48ms]
2024-09-22 06:32:45.809 [info] > git config --get commit.template [24ms]
2024-09-22 06:32:45.819 [info] > git for-each-ref --format=%(refname)%00%(upstream:short)%00%(objectname)%00%(upstream:track)%00%(upstream:remotename)%00%(upstream:remoteref) refs/heads/master refs/remotes/master [12ms]
2024-09-22 06:32:45.836 [info] > git status -z -uall [76ms]
2024-09-22 06:32:46.353 [info] > git remote --verbose [282ms]
2024-09-22 06:32:46.354 [info] > git for-each-ref --sort -committerdate --format %(refname) %(objectname) %(*objectname) [308ms]
2024-09-22 06:32:46.433 [info] > git config --get commit.template [226ms]
2024-09-22 06:32:46.461 [info] > git for-each-ref --format=%(refname)%00%(upstream:short)%00%(objectname)%00%(upstream:track)%00%(upstream:remotename)%00%(upstream:remoteref) refs/heads/th refs/remotes/th [38ms]
2024-09-22 06:32:48.135 [info] > git status -z -uall [2039ms]
2024-09-22 06:32:50.947 [info] > git remote --verbose [51ms]
2024-09-22 06:32:50.947 [info] > git for-each-ref --sort -committerdate --format %(refname) %(objectname) %(*objectname) [73ms]
2024-09-22 06:32:50.979 [info] > git config --get commit.template [36ms]
2024-09-22 06:32:50.992 [info] > git for-each-ref --format=%(refname)%00%(upstream:short)%00%(objectname)%00%(upstream:track)%00%(upstream:remotename)%00%(upstream:remoteref) refs/heads/master refs/remotes/master [16ms]
2024-09-22 06:32:51.002 [info] > git status -z -uall [84ms]
2024-09-22 06:32:53.342 [info] > git remote --verbose [26ms]
2024-09-22 06:32:53.343 [info] > git for-each-ref --sort -committerdate --format %(refname) %(objectname) %(*objectname) [51ms]
2024-09-22 06:32:53.656 [info] > git config --get commit.template [7ms]
2024-09-22 06:32:53.713 [info] > git for-each-ref --format=%(refname)%00%(upstream:short)%00%(objectname)%00%(upstream:track)%00%(upstream:remotename)%00%(upstream:remoteref) refs/heads/th refs/remotes/th [17ms]
2024-09-22 06:32:55.182 [info] > git status -z -uall [1844ms]
2024-09-22 06:32:56.487 [info] > git remote --verbose [107ms]
2024-09-22 06:32:56.488 [info] > git for-each-ref --sort -committerdate --format %(refname) %(objectname) %(*objectname) [135ms]
2024-09-22 06:32:56.495 [info] > git config --get commit.template [27ms]
2024-09-22 06:32:56.532 [info] > git status -z -uall [132ms]
2024-09-22 06:32:56.547 [info] > git for-each-ref --format=%(refname)%00%(upstream:short)%00%(objectname)%00%(upstream:track)%00%(upstream:remotename)%00%(upstream:remoteref) refs/heads/master refs/remotes/master [18ms]
2024-09-22 06:33:00.675 [info] > git remote --verbose [329ms]
2024-09-22 06:33:00.676 [info] > git for-each-ref --sort -committerdate --format %(refname) %(objectname) %(*objectname) [360ms]
2024-09-22 06:33:00.680 [info] > git config --get commit.template [130ms]
2024-09-22 06:33:00.728 [info] > git for-each-ref --format=%(refname)%00%(upstream:short)%00%(objectname)%00%(upstream:track)%00%(upstream:remotename)%00%(upstream:remoteref) refs/heads/th refs/remotes/th [15ms]
2024-09-22 06:33:01.682 [info] > git remote --verbose [68ms]
2024-09-22 06:33:01.682 [info] > git for-each-ref --sort -committerdate --format %(refname) %(objectname) %(*objectname) [98ms]
2024-09-22 06:33:01.690 [info] > git config --get commit.template [17ms]
2024-09-22 06:33:01.736 [info] > git status -z -uall [93ms]
2024-09-22 06:33:01.740 [info] > git for-each-ref --format=%(refname)%00%(upstream:short)%00%(objectname)%00%(upstream:track)%00%(upstream:remotename)%00%(upstream:remoteref) refs/heads/master refs/remotes/master [12ms]
2024-09-22 06:33:02.116 [info] > git status -z -uall [1744ms]
2024-09-22 06:33:06.927 [info] > git remote --verbose [80ms]
2024-09-22 06:33:06.928 [info] > git for-each-ref --sort -committerdate --format %(refname) %(objectname) %(*objectname) [119ms]
2024-09-22 06:33:06.973 [info] > git config --get commit.template [49ms]
2024-09-22 06:33:06.979 [info] > git status -z -uall [99ms]
2024-09-22 06:33:06.983 [info] > git for-each-ref --format=%(refname)%00%(upstream:short)%00%(objectname)%00%(upstream:track)%00%(upstream:remotename)%00%(upstream:remoteref) refs/heads/master refs/remotes/master [12ms]
2024-09-22 06:33:07.661 [info] > git remote --verbose [379ms]
2024-09-22 06:33:07.662 [info] > git for-each-ref --sort -committerdate --format %(refname) %(objectname) %(*objectname) [414ms]
2024-09-22 06:33:07.665 [info] > git config --get commit.template [100ms]
2024-09-22 06:33:07.728 [info] > git for-each-ref --format=%(refname)%00%(upstream:short)%00%(objectname)%00%(upstream:track)%00%(upstream:remotename)%00%(upstream:remoteref) refs/heads/th refs/remotes/th [19ms]
2024-09-22 06:33:09.664 [info] > git status -z -uall [2346ms]
2024-09-22 06:33:12.124 [info] > git remote --verbose [42ms]
2024-09-22 06:33:12.125 [info] > git for-each-ref --sort -committerdate --format %(refname) %(objectname) %(*objectname) [83ms]
2024-09-22 06:33:12.186 [info] > git status -z -uall [66ms]
2024-09-22 06:33:12.189 [info] > git config --get commit.template [33ms]
2024-09-22 06:33:12.194 [info] > git for-each-ref --format=%(refname)%00%(upstream:short)%00%(objectname)%00%(upstream:track)%00%(upstream:remotename)%00%(upstream:remoteref) refs/heads/master refs/remotes/master [9ms]
2024-09-22 06:33:15.650 [info] > git remote --verbose [349ms]
2024-09-22 06:33:15.650 [info] > git for-each-ref --sort -committerdate --format %(refname) %(objectname) %(*objectname) [384ms]
2024-09-22 06:33:15.653 [info] > git config --get commit.template [13ms]
2024-09-22 06:33:15.712 [info] > git for-each-ref --format=%(refname)%00%(upstream:short)%00%(objectname)%00%(upstream:track)%00%(upstream:remotename)%00%(upstream:remoteref) refs/heads/th refs/remotes/th [14ms]
2024-09-22 06:33:17.350 [info] > git remote --verbose [85ms]
2024-09-22 06:33:17.351 [info] > git for-each-ref --sort -committerdate --format %(refname) %(objectname) %(*objectname) [115ms]
2024-09-22 06:33:17.354 [info] > git config --get commit.template [13ms]
2024-09-22 06:33:17.406 [info] > git for-each-ref --format=%(refname)%00%(upstream:short)%00%(objectname)%00%(upstream:track)%00%(upstream:remotename)%00%(upstream:remoteref) refs/heads/master refs/remotes/master [10ms]
2024-09-22 06:33:17.409 [info] > git status -z -uall [112ms]
2024-09-22 06:33:17.628 [info] > git status -z -uall [2293ms]
2024-09-22 06:33:22.606 [info] > git remote --verbose [85ms]
2024-09-22 06:33:22.607 [info] > git for-each-ref --sort -committerdate --format %(refname) %(objectname) %(*objectname) [128ms]
2024-09-22 06:33:22.641 [info] > git status -z -uall [80ms]
2024-09-22 06:33:22.643 [info] > git config --get commit.template [41ms]
2024-09-22 06:33:22.647 [info] > git for-each-ref --format=%(refname)%00%(upstream:short)%00%(objectname)%00%(upstream:track)%00%(upstream:remotename)%00%(upstream:remoteref) refs/heads/master refs/remotes/master [7ms]
2024-09-22 06:33:27.786 [info] > git remote --verbose [57ms]
2024-09-22 06:33:27.787 [info] > git for-each-ref --sort -committerdate --format %(refname) %(objectname) %(*objectname) [87ms]
2024-09-22 06:33:27.840 [info] > git config --get commit.template [57ms]
2024-09-22 06:33:27.857 [info] > git for-each-ref --format=%(refname)%00%(upstream:short)%00%(objectname)%00%(upstream:track)%00%(upstream:remotename)%00%(upstream:remoteref) refs/heads/master refs/remotes/master [28ms]
2024-09-22 06:33:27.888 [info] > git status -z -uall [135ms]
2024-09-22 06:33:30.611 [info] > git remote --verbose [318ms]
2024-09-22 06:33:30.613 [info] > git for-each-ref --sort -committerdate --format %(refname) %(objectname) %(*objectname) [342ms]
2024-09-22 06:33:30.672 [info] > git config --get commit.template [106ms]
2024-09-22 06:33:30.699 [info] > git for-each-ref --format=%(refname)%00%(upstream:short)%00%(objectname)%00%(upstream:track)%00%(upstream:remotename)%00%(upstream:remoteref) refs/heads/th refs/remotes/th [35ms]
2024-09-22 06:33:31.780 [info] > git status -z -uall [1468ms]
2024-09-22 06:33:32.975 [info] > git remote --verbose [31ms]
2024-09-22 06:33:32.975 [info] > git for-each-ref --sort -committerdate --format %(refname) %(objectname) %(*objectname) [53ms]
2024-09-22 06:33:33.037 [info] > git config --get commit.template [35ms]
2024-09-22 06:33:33.045 [info] > git for-each-ref --format=%(refname)%00%(upstream:short)%00%(objectname)%00%(upstream:track)%00%(upstream:remotename)%00%(upstream:remoteref) refs/heads/master refs/remotes/master [15ms]
2024-09-22 06:33:33.056 [info] > git status -z -uall [87ms]
2024-09-22 06:33:37.257 [info] > git remote --verbose [319ms]
2024-09-22 06:33:37.258 [info] > git for-each-ref --sort -committerdate --format %(refname) %(objectname) %(*objectname) [349ms]
2024-09-22 06:33:37.259 [info] > git config --get commit.template [26ms]
2024-09-22 06:33:37.307 [info] > git for-each-ref --format=%(refname)%00%(upstream:short)%00%(objectname)%00%(upstream:track)%00%(upstream:remotename)%00%(upstream:remoteref) refs/heads/th refs/remotes/th [21ms]
2024-09-22 06:33:38.212 [info] > git remote --verbose [76ms]
2024-09-22 06:33:38.212 [info] > git for-each-ref --sort -committerdate --format %(refname) %(objectname) %(*objectname) [108ms]
2024-09-22 06:33:38.220 [info] > git config --get commit.template [14ms]
2024-09-22 06:33:38.260 [info] > git for-each-ref --format=%(refname)%00%(upstream:short)%00%(objectname)%00%(upstream:track)%00%(upstream:remotename)%00%(upstream:remoteref) refs/heads/master refs/remotes/master [15ms]
2024-09-22 06:33:38.271 [info] > git status -z -uall [105ms]
2024-09-22 06:33:38.740 [info] > git status -z -uall [1778ms]
2024-09-22 06:33:43.355 [info] > git remote --verbose [29ms]
2024-09-22 06:33:43.356 [info] > git for-each-ref --sort -committerdate --format %(refname) %(objectname) %(*objectname) [52ms]
2024-09-22 06:33:43.417 [info] > git config --get commit.template [32ms]
2024-09-22 06:33:43.458 [info] > git for-each-ref --format=%(refname)%00%(upstream:short)%00%(objectname)%00%(upstream:track)%00%(upstream:remotename)%00%(upstream:remoteref) refs/heads/master refs/remotes/master [14ms]
2024-09-22 06:33:43.475 [info] > git status -z -uall [126ms]
2024-09-22 06:33:43.907 [info] > git remote --verbose [29ms]
2024-09-22 06:33:43.908 [info] > git for-each-ref --sort -committerdate --format %(refname) %(objectname) %(*objectname) [55ms]
2024-09-22 06:33:44.215 [info] > git config --get commit.template [147ms]
2024-09-22 06:33:44.254 [info] > git for-each-ref --format=%(refname)%00%(upstream:short)%00%(objectname)%00%(upstream:track)%00%(upstream:remotename)%00%(upstream:remoteref) refs/heads/th refs/remotes/th [12ms]
2024-09-22 06:33:45.831 [info] > git status -z -uall [1929ms]
2024-09-22 06:33:48.603 [info] > git remote --verbose [36ms]
2024-09-22 06:33:48.604 [info] > git for-each-ref --sort -committerdate --format %(refname) %(objectname) %(*objectname) [70ms]
2024-09-22 06:33:48.680 [info] > git config --get commit.template [45ms]
2024-09-22 06:33:48.687 [info] > git for-each-ref --format=%(refname)%00%(upstream:short)%00%(objectname)%00%(upstream:track)%00%(upstream:remotename)%00%(upstream:remoteref) refs/heads/master refs/remotes/master [11ms]
2024-09-22 06:33:48.696 [info] > git status -z -uall [98ms]
2024-09-22 06:33:51.036 [info] > git remote --verbose [34ms]
2024-09-22 06:33:51.037 [info] > git for-each-ref --sort -committerdate --format %(refname) %(objectname) %(*objectname) [65ms]
2024-09-22 06:33:51.414 [info] > git config --get commit.template [194ms]
2024-09-22 06:33:51.429 [info] > git for-each-ref --format=%(refname)%00%(upstream:short)%00%(objectname)%00%(upstream:track)%00%(upstream:remotename)%00%(upstream:remoteref) refs/heads/th refs/remotes/th [17ms]
2024-09-22 06:33:53.164 [info] > git status -z -uall [2135ms]
2024-09-22 06:33:54.365 [info] > git remote --verbose [75ms]
2024-09-22 06:33:54.365 [info] > git for-each-ref --sort -committerdate --format %(refname) %(objectname) %(*objectname) [101ms]
2024-09-22 06:33:54.408 [info] > git config --get commit.template [43ms]
2024-09-22 06:33:54.418 [info] > git for-each-ref --format=%(refname)%00%(upstream:short)%00%(objectname)%00%(upstream:track)%00%(upstream:remotename)%00%(upstream:remoteref) refs/heads/master refs/remotes/master [20ms]
2024-09-22 06:33:54.430 [info] > git status -z -uall [113ms]
2024-09-22 06:33:58.700 [info] > git remote --verbose [365ms]
2024-09-22 06:33:58.701 [info] > git for-each-ref --sort -committerdate --format %(refname) %(objectname) %(*objectname) [404ms]
2024-09-22 06:33:58.765 [info] > git config --get commit.template [77ms]
2024-09-22 06:33:58.781 [info] > git for-each-ref --format=%(refname)%00%(upstream:short)%00%(objectname)%00%(upstream:track)%00%(upstream:remotename)%00%(upstream:remoteref) refs/heads/th refs/remotes/th [19ms]
2024-09-22 06:33:59.586 [info] > git remote --verbose [80ms]
2024-09-22 06:33:59.587 [info] > git for-each-ref --sort -committerdate --format %(refname) %(objectname) %(*objectname) [111ms]
2024-09-22 06:33:59.589 [info] > git config --get commit.template [8ms]
2024-09-22 06:33:59.621 [info] > git status -z -uall [80ms]
2024-09-22 06:33:59.628 [info] > git for-each-ref --format=%(refname)%00%(upstream:short)%00%(objectname)%00%(upstream:track)%00%(upstream:remotename)%00%(upstream:remoteref) refs/heads/master refs/remotes/master [9ms]
2024-09-22 06:33:59.883 [info] > git status -z -uall [1508ms]
2024-09-22 06:34:04.759 [info] > git remote --verbose [63ms]
2024-09-22 06:34:04.760 [info] > git for-each-ref --sort -committerdate --format %(refname) %(objectname) %(*objectname) [93ms]
2024-09-22 06:34:04.795 [info] > git config --get commit.template [39ms]
2024-09-22 06:34:04.805 [info] > git for-each-ref --format=%(refname)%00%(upstream:short)%00%(objectname)%00%(upstream:track)%00%(upstream:remotename)%00%(upstream:remoteref) refs/heads/master refs/remotes/master [11ms]
2024-09-22 06:34:04.816 [info] > git status -z -uall [93ms]
2024-09-22 06:34:05.392 [info] > git remote --verbose [337ms]
2024-09-22 06:34:05.393 [info] > git for-each-ref --sort -committerdate --format %(refname) %(objectname) %(*objectname) [369ms]
2024-09-22 06:34:05.438 [info] > git config --get commit.template [211ms]
2024-09-22 06:34:05.447 [info] > git for-each-ref --format=%(refname)%00%(upstream:short)%00%(objectname)%00%(upstream:track)%00%(upstream:remotename)%00%(upstream:remoteref) refs/heads/th refs/remotes/th [13ms]
2024-09-22 06:34:06.418 [info] > git status -z -uall [1337ms]
2024-09-22 06:34:09.956 [info] > git remote --verbose [68ms]
2024-09-22 06:34:09.957 [info] > git for-each-ref --sort -committerdate --format %(refname) %(objectname) %(*objectname) [100ms]
2024-09-22 06:34:10.006 [info] > git config --get commit.template [55ms]
2024-09-22 06:34:10.016 [info] > git for-each-ref --format=%(refname)%00%(upstream:short)%00%(objectname)%00%(upstream:track)%00%(upstream:remotename)%00%(upstream:remoteref) refs/heads/master refs/remotes/master [16ms]
2024-09-22 06:34:10.034 [info] > git status -z -uall [117ms]
2024-09-22 06:34:11.874 [info] > git remote --verbose [307ms]
2024-09-22 06:34:11.875 [info] > git for-each-ref --sort -committerdate --format %(refname) %(objectname) %(*objectname) [331ms]
2024-09-22 06:34:11.934 [info] > git config --get commit.template [174ms]
2024-09-22 06:34:11.944 [info] > git for-each-ref --format=%(refname)%00%(upstream:short)%00%(objectname)%00%(upstream:track)%00%(upstream:remotename)%00%(upstream:remoteref) refs/heads/th refs/remotes/th [16ms]
2024-09-22 06:34:13.141 [info] > git status -z -uall [1550ms]
2024-09-22 06:34:15.172 [info] > git remote --verbose [33ms]
2024-09-22 06:34:15.173 [info] > git for-each-ref --sort -committerdate --format %(refname) %(objectname) %(*objectname) [72ms]
2024-09-22 06:34:15.236 [info] > git config --get commit.template [33ms]
2024-09-22 06:34:15.247 [info] > git for-each-ref --format=%(refname)%00%(upstream:short)%00%(objectname)%00%(upstream:track)%00%(upstream:remotename)%00%(upstream:remoteref) refs/heads/master refs/remotes/master [13ms]
2024-09-22 06:34:15.251 [info] > git status -z -uall [84ms]
2024-09-22 06:34:20.404 [info] > git remote --verbose [86ms]
2024-09-22 06:34:20.405 [info] > git for-each-ref --sort -committerdate --format %(refname) %(objectname) %(*objectname) [115ms]
2024-09-22 06:34:20.409 [info] > git config --get commit.template [33ms]
2024-09-22 06:34:20.455 [info] > git status -z -uall [110ms]
2024-09-22 06:34:20.456 [info] > git for-each-ref --format=%(refname)%00%(upstream:short)%00%(objectname)%00%(upstream:track)%00%(upstream:remotename)%00%(upstream:remoteref) refs/heads/master refs/remotes/master [12ms]
2024-09-22 06:34:25.605 [info] > git remote --verbose [59ms]
2024-09-22 06:34:25.606 [info] > git for-each-ref --sort -committerdate --format %(refname) %(objectname) %(*objectname) [91ms]
2024-09-22 06:34:25.649 [info] > git config --get commit.template [47ms]
2024-09-22 06:34:25.676 [info] > git for-each-ref --format=%(refname)%00%(upstream:short)%00%(objectname)%00%(upstream:track)%00%(upstream:remotename)%00%(upstream:remoteref) refs/heads/master refs/remotes/master [29ms]
2024-09-22 06:34:25.707 [info] > git status -z -uall [135ms]
2024-09-22 06:34:30.831 [info] > git remote --verbose [48ms]
2024-09-22 06:34:30.832 [info] > git for-each-ref --sort -committerdate --format %(refname) %(objectname) %(*objectname) [73ms]
2024-09-22 06:34:30.864 [info] > git config --get commit.template [36ms]
2024-09-22 06:34:30.883 [info] > git for-each-ref --format=%(refname)%00%(upstream:short)%00%(objectname)%00%(upstream:track)%00%(upstream:remotename)%00%(upstream:remoteref) refs/heads/master refs/remotes/master [21ms]
2024-09-22 06:34:30.942 [info] > git status -z -uall [138ms]
2024-09-22 06:34:36.074 [info] > git remote --verbose [54ms]
2024-09-22 06:34:36.075 [info] > git for-each-ref --sort -committerdate --format %(refname) %(objectname) %(*objectname) [77ms]
2024-09-22 06:34:36.111 [info] > git config --get commit.template [46ms]
2024-09-22 06:34:36.131 [info] > git for-each-ref --format=%(refname)%00%(upstream:short)%00%(objectname)%00%(upstream:track)%00%(upstream:remotename)%00%(upstream:remoteref) refs/heads/master refs/remotes/master [26ms]
2024-09-22 06:34:36.165 [info] > git status -z -uall [125ms]
2024-09-22 06:34:41.309 [info] > git remote --verbose [63ms]
2024-09-22 06:34:41.310 [info] > git for-each-ref --sort -committerdate --format %(refname) %(objectname) %(*objectname) [91ms]
2024-09-22 06:34:41.316 [info] > git config --get commit.template [18ms]
2024-09-22 06:34:41.369 [info] > git for-each-ref --format=%(refname)%00%(upstream:short)%00%(objectname)%00%(upstream:track)%00%(upstream:remotename)%00%(upstream:remoteref) refs/heads/master refs/remotes/master [23ms]
2024-09-22 06:34:41.393 [info] > git status -z -uall [122ms]
2024-09-22 06:34:44.669 [info] > git remote --verbose [386ms]
2024-09-22 06:34:44.670 [info] > git for-each-ref --sort -committerdate --format %(refname) %(objectname) %(*objectname) [413ms]
2024-09-22 06:34:44.675 [info] > git config --get commit.template [216ms]
2024-09-22 06:34:44.719 [info] > git for-each-ref --format=%(refname)%00%(upstream:short)%00%(objectname)%00%(upstream:track)%00%(upstream:remotename)%00%(upstream:remoteref) refs/heads/th refs/remotes/th [20ms]
2024-09-22 06:34:45.814 [info] > git status -z -uall [1502ms]
2024-09-22 06:34:47.172 [info] > git remote --verbose [74ms]
2024-09-22 06:34:47.173 [info] > git for-each-ref --sort -committerdate --format %(refname) %(objectname) %(*objectname) [105ms]
2024-09-22 06:34:47.177 [info] > git config --get commit.template [17ms]
2024-09-22 06:34:47.228 [info] > git for-each-ref --format=%(refname)%00%(upstream:short)%00%(objectname)%00%(upstream:track)%00%(upstream:remotename)%00%(upstream:remoteref) refs/heads/master refs/remotes/master [16ms]
2024-09-22 06:34:47.239 [info] > git status -z -uall [116ms]
2024-09-22 06:34:51.159 [info] > git remote --verbose [157ms]
2024-09-22 06:34:51.159 [info] > git for-each-ref --sort -committerdate --format %(refname) %(objectname) %(*objectname) [195ms]
2024-09-22 06:34:51.379 [info] > git config --get commit.template [222ms]
2024-09-22 06:34:51.386 [info] > git for-each-ref --format=%(refname)%00%(upstream:short)%00%(objectname)%00%(upstream:track)%00%(upstream:remotename)%00%(upstream:remoteref) refs/heads/th refs/remotes/th [11ms]
2024-09-22 06:34:52.394 [info] > git remote --verbose [57ms]
2024-09-22 06:34:52.395 [info] > git for-each-ref --sort -committerdate --format %(refname) %(objectname) %(*objectname) [77ms]
2024-09-22 06:34:52.400 [info] > git config --get commit.template [15ms]
2024-09-22 06:34:52.431 [info] > git for-each-ref --format=%(refname)%00%(upstream:short)%00%(objectname)%00%(upstream:track)%00%(upstream:remotename)%00%(upstream:remoteref) refs/heads/master refs/remotes/master [4ms]
2024-09-22 06:34:52.434 [info] > git status -z -uall [79ms]
2024-09-22 06:34:52.880 [info] > git status -z -uall [1849ms]
2024-09-22 06:34:57.573 [info] > git remote --verbose [48ms]
2024-09-22 06:34:57.574 [info] > git for-each-ref --sort -committerdate --format %(refname) %(objectname) %(*objectname) [79ms]
2024-09-22 06:34:57.601 [info] > git config --get commit.template [30ms]
2024-09-22 06:34:57.609 [info] > git for-each-ref --format=%(refname)%00%(upstream:short)%00%(objectname)%00%(upstream:track)%00%(upstream:remotename)%00%(upstream:remoteref) refs/heads/master refs/remotes/master [9ms]
2024-09-22 06:34:57.616 [info] > git status -z -uall [69ms]
2024-09-22 06:34:58.399 [info] > git remote --verbose [365ms]
2024-09-22 06:34:58.400 [info] > git for-each-ref --sort -committerdate --format %(refname) %(objectname) %(*objectname) [400ms]
2024-09-22 06:34:58.403 [info] > git config --get commit.template [30ms]
2024-09-22 06:34:58.446 [info] > git for-each-ref --format=%(refname)%00%(upstream:short)%00%(objectname)%00%(upstream:track)%00%(upstream:remotename)%00%(upstream:remoteref) refs/heads/th refs/remotes/th [13ms]
2024-09-22 06:34:59.643 [info] > git status -z -uall [1581ms]
2024-09-22 06:35:02.807 [info] > git remote --verbose [85ms]
2024-09-22 06:35:02.808 [info] > git for-each-ref --sort -committerdate --format %(refname) %(objectname) %(*objectname) [129ms]
2024-09-22 06:35:02.858 [info] > git config --get commit.template [54ms]
2024-09-22 06:35:02.870 [info] > git for-each-ref --format=%(refname)%00%(upstream:short)%00%(objectname)%00%(upstream:track)%00%(upstream:remotename)%00%(upstream:remoteref) refs/heads/master refs/remotes/master [14ms]
2024-09-22 06:35:02.888 [info] > git status -z -uall [133ms]
2024-09-22 06:35:05.157 [info] > git remote --verbose [324ms]
2024-09-22 06:35:05.157 [info] > git for-each-ref --sort -committerdate --format %(refname) %(objectname) %(*objectname) [357ms]
2024-09-22 06:35:05.160 [info] > git config --get commit.template [23ms]
2024-09-22 06:35:05.202 [info] > git for-each-ref --format=%(refname)%00%(upstream:short)%00%(objectname)%00%(upstream:track)%00%(upstream:remotename)%00%(upstream:remoteref) refs/heads/th refs/remotes/th [14ms]
2024-09-22 06:35:06.461 [info] > git status -z -uall [1602ms]
2024-09-22 06:35:08.125 [info] > git remote --verbose [157ms]
2024-09-22 06:35:08.126 [info] > git for-each-ref --sort -committerdate --format %(refname) %(objectname) %(*objectname) [190ms]
2024-09-22 06:35:08.139 [info] > git config --get commit.template [39ms]
2024-09-22 06:35:08.190 [info] > git for-each-ref --format=%(refname)%00%(upstream:short)%00%(objectname)%00%(upstream:track)%00%(upstream:remotename)%00%(upstream:remoteref) refs/heads/master refs/remotes/master [14ms]
2024-09-22 06:35:08.192 [info] > git status -z -uall [165ms]
2024-09-22 06:35:11.979 [info] > git remote --verbose [348ms]
2024-09-22 06:35:11.980 [info] > git for-each-ref --sort -committerdate --format %(refname) %(objectname) %(*objectname) [386ms]
2024-09-22 06:35:11.989 [info] > git config --get commit.template [16ms]
2024-09-22 06:35:12.032 [info] > git for-each-ref --format=%(refname)%00%(upstream:short)%00%(objectname)%00%(upstream:track)%00%(upstream:remotename)%00%(upstream:remoteref) refs/heads/th refs/remotes/th [13ms]
2024-09-22 06:35:13.316 [info] > git remote --verbose [62ms]
2024-09-22 06:35:13.316 [info] > git for-each-ref --sort -committerdate --format %(refname) %(objectname) %(*objectname) [88ms]
2024-09-22 06:35:13.320 [info] > git config --get commit.template [11ms]
2024-09-22 06:35:13.352 [info] > git status -z -uall [73ms]
2024-09-22 06:35:13.358 [info] > git for-each-ref --format=%(refname)%00%(upstream:short)%00%(objectname)%00%(upstream:track)%00%(upstream:remotename)%00%(upstream:remoteref) refs/heads/master refs/remotes/master [11ms]
2024-09-22 06:35:13.597 [info] > git status -z -uall [1935ms]
2024-09-22 06:35:18.483 [info] > git remote --verbose [42ms]
2024-09-22 06:35:18.484 [info] > git for-each-ref --sort -committerdate --format %(refname) %(objectname) %(*objectname) [76ms]
2024-09-22 06:35:18.554 [info] > git config --get commit.template [37ms]
2024-09-22 06:35:18.577 [info] > git for-each-ref --format=%(refname)%00%(upstream:short)%00%(objectname)%00%(upstream:track)%00%(upstream:remotename)%00%(upstream:remoteref) refs/heads/master refs/remotes/master [26ms]
2024-09-22 06:35:18.602 [info] > git status -z -uall [127ms]
2024-09-22 06:35:18.984 [info] > git remote --verbose [231ms]
2024-09-22 06:35:18.985 [info] > git for-each-ref --sort -committerdate --format %(refname) %(objectname) %(*objectname) [267ms]
2024-09-22 06:35:19.132 [info] > git config --get commit.template [157ms]
2024-09-22 06:35:19.191 [info] > git for-each-ref --format=%(refname)%00%(upstream:short)%00%(objectname)%00%(upstream:track)%00%(upstream:remotename)%00%(upstream:remoteref) refs/heads/th refs/remotes/th [13ms]
2024-09-22 06:35:20.233 [info] > git status -z -uall [1446ms]
2024-09-22 06:35:23.752 [info] > git remote --verbose [41ms]
2024-09-22 06:35:23.755 [info] > git for-each-ref --sort -committerdate --format %(refname) %(objectname) %(*objectname) [79ms]
2024-09-22 06:35:23.839 [info] > git config --get commit.template [50ms]
2024-09-22 06:35:23.850 [info] > git for-each-ref --format=%(refname)%00%(upstream:short)%00%(objectname)%00%(upstream:track)%00%(upstream:remotename)%00%(upstream:remoteref) refs/heads/master refs/remotes/master [18ms]
2024-09-22 06:35:23.871 [info] > git status -z -uall [123ms]
2024-09-22 06:35:25.494 [info] > git remote --verbose [40ms]
2024-09-22 06:35:25.495 [info] > git for-each-ref --sort -committerdate --format %(refname) %(objectname) %(*objectname) [79ms]
2024-09-22 06:35:25.875 [info] > git config --get commit.template [56ms]
2024-09-22 06:35:25.881 [info] > git for-each-ref --format=%(refname)%00%(upstream:short)%00%(objectname)%00%(upstream:track)%00%(upstream:remotename)%00%(upstream:remoteref) refs/heads/th refs/remotes/th [10ms]
2024-09-22 06:35:27.344 [info] > git status -z -uall [1854ms]
2024-09-22 06:35:29.042 [info] > git remote --verbose [72ms]
2024-09-22 06:35:29.043 [info] > git for-each-ref --sort -committerdate --format %(refname) %(objectname) %(*objectname) [114ms]
2024-09-22 06:35:29.084 [info] > git status -z -uall [79ms]
2024-09-22 06:35:29.087 [info] > git config --get commit.template [47ms]
2024-09-22 06:35:29.092 [info] > git for-each-ref --format=%(refname)%00%(upstream:short)%00%(objectname)%00%(upstream:track)%00%(upstream:remotename)%00%(upstream:remoteref) refs/heads/master refs/remotes/master [9ms]
2024-09-22 06:35:34.239 [info] > git remote --verbose [73ms]
2024-09-22 06:35:34.240 [info] > git for-each-ref --sort -committerdate --format %(refname) %(objectname) %(*objectname) [104ms]
2024-09-22 06:35:34.281 [info] > git config --get commit.template [47ms]
2024-09-22 06:35:34.292 [info] > git for-each-ref --format=%(refname)%00%(upstream:short)%00%(objectname)%00%(upstream:track)%00%(upstream:remotename)%00%(upstream:remoteref) refs/heads/master refs/remotes/master [17ms]
2024-09-22 06:35:34.337 [info] > git status -z -uall [136ms]
2024-09-22 06:35:36.963 [info] > git remote --verbose [46ms]
2024-09-22 06:35:36.965 [info] > git for-each-ref --sort -committerdate --format %(refname) %(objectname) %(*objectname) [78ms]
2024-09-22 06:35:37.308 [info] > git config --get commit.template [317ms]
2024-09-22 06:35:37.321 [info] > git for-each-ref --format=%(refname)%00%(upstream:short)%00%(objectname)%00%(upstream:track)%00%(upstream:remotename)%00%(upstream:remoteref) refs/heads/th refs/remotes/th [37ms]
2024-09-22 06:35:38.539 [info] > git status -z -uall [1581ms]
2024-09-22 06:35:39.768 [info] > git remote --verbose [63ms]
2024-09-22 06:35:39.769 [info] > git for-each-ref --sort -committerdate --format %(refname) %(objectname) %(*objectname) [81ms]
2024-09-22 06:35:39.813 [info] > git config --get commit.template [48ms]
2024-09-22 06:35:39.831 [info] > git for-each-ref --format=%(refname)%00%(upstream:short)%00%(objectname)%00%(upstream:track)%00%(upstream:remotename)%00%(upstream:remoteref) refs/heads/master refs/remotes/master [24ms]
2024-09-22 06:35:39.897 [info] > git status -z -uall [171ms]
2024-09-22 06:35:44.995 [info] > git remote --verbose [29ms]
2024-09-22 06:35:44.995 [info] > git for-each-ref --sort -committerdate --format %(refname) %(objectname) %(*objectname) [56ms]
2024-09-22 06:35:45.065 [info] > git config --get commit.template [24ms]
2024-09-22 06:35:45.107 [info] > git for-each-ref --format=%(refname)%00%(upstream:short)%00%(objectname)%00%(upstream:track)%00%(upstream:remotename)%00%(upstream:remoteref) refs/heads/master refs/remotes/master [15ms]
2024-09-22 06:35:45.133 [info] > git status -z -uall [144ms]
2024-09-22 06:35:48.175 [info] > git remote --verbose [316ms]
2024-09-22 06:35:48.176 [info] > git for-each-ref --sort -committerdate --format %(refname) %(objectname) %(*objectname) [340ms]
2024-09-22 06:35:48.179 [info] > git config --get commit.template [13ms]
2024-09-22 06:35:48.220 [info] > git for-each-ref --format=%(refname)%00%(upstream:short)%00%(objectname)%00%(upstream:track)%00%(upstream:remotename)%00%(upstream:remoteref) refs/heads/th refs/remotes/th [11ms]
2024-09-22 06:35:49.513 [info] > git status -z -uall [1633ms]
2024-09-22 06:35:50.828 [info] > git remote --verbose [61ms]
2024-09-22 06:35:50.828 [info] > git for-each-ref --sort -committerdate --format %(refname) %(objectname) %(*objectname) [81ms]
2024-09-22 06:35:50.833 [info] > git config --get commit.template [12ms]
2024-09-22 06:35:50.917 [info] > git for-each-ref --format=%(refname)%00%(upstream:short)%00%(objectname)%00%(upstream:track)%00%(upstream:remotename)%00%(upstream:remoteref) refs/heads/master refs/remotes/master [47ms]
2024-09-22 06:35:50.946 [info] > git status -z -uall [160ms]
2024-09-22 06:35:56.044 [info] > git remote --verbose [43ms]
2024-09-22 06:35:56.044 [info] > git for-each-ref --sort -committerdate --format %(refname) %(objectname) %(*objectname) [63ms]
2024-09-22 06:35:56.073 [info] > git config --get commit.template [32ms]
2024-09-22 06:35:56.080 [info] > git for-each-ref --format=%(refname)%00%(upstream:short)%00%(objectname)%00%(upstream:track)%00%(upstream:remotename)%00%(upstream:remoteref) refs/heads/master refs/remotes/master [8ms]
2024-09-22 06:35:56.086 [info] > git status -z -uall [68ms]
2024-09-22 06:35:58.712 [info] > git remote --verbose [62ms]
2024-09-22 06:35:58.716 [info] > git for-each-ref --sort -committerdate --format %(refname) %(objectname) %(*objectname) [119ms]
2024-09-22 06:35:59.412 [info] > git for-each-ref --format=%(refname)%00%(upstream:short)%00%(objectname)%00%(upstream:track)%00%(upstream:remotename)%00%(upstream:remoteref) refs/heads/th refs/remotes/th [290ms]
2024-09-22 06:35:59.654 [info] > git config --get commit.template [852ms]
2024-09-22 06:36:02.706 [info] > git remote --verbose [223ms]
2024-09-22 06:36:02.731 [info] > git for-each-ref --sort -committerdate --format %(refname) %(objectname) %(*objectname) [358ms]
2024-09-22 06:36:02.842 [info] > git config --get commit.template [153ms]
2024-09-22 06:36:02.865 [info] > git for-each-ref --format=%(refname)%00%(upstream:short)%00%(objectname)%00%(upstream:track)%00%(upstream:remotename)%00%(upstream:remoteref) refs/heads/master refs/remotes/master [72ms]
2024-09-22 06:36:02.955 [info] > git status -z -uall [361ms]
2024-09-22 06:36:04.994 [info] > git status -z -uall [6300ms]
2024-09-22 06:36:09.423 [info] > git remote --verbose [80ms]
2024-09-22 06:36:09.426 [info] > git for-each-ref --sort -committerdate --format %(refname) %(objectname) %(*objectname) [230ms]
2024-09-22 06:36:09.453 [info] > git config --get commit.template [36ms]
2024-09-22 06:36:09.468 [info] > git for-each-ref --format=%(refname)%00%(upstream:short)%00%(objectname)%00%(upstream:track)%00%(upstream:remotename)%00%(upstream:remoteref) refs/heads/master refs/remotes/master [18ms]
2024-09-22 06:36:09.503 [info] > git status -z -uall [117ms]
2024-09-22 06:36:13.596 [info] > git remote --verbose [46ms]
2024-09-22 06:36:13.597 [info] > git for-each-ref --sort -committerdate --format %(refname) %(objectname) %(*objectname) [80ms]
2024-09-22 06:36:13.963 [info] > git config --get commit.template [42ms]
2024-09-22 06:36:14.015 [info] > git for-each-ref --format=%(refname)%00%(upstream:short)%00%(objectname)%00%(upstream:track)%00%(upstream:remotename)%00%(upstream:remoteref) refs/heads/th refs/remotes/th [18ms]
2024-09-22 06:36:15.208 [info] > git remote --verbose [27ms]
2024-09-22 06:36:15.209 [info] > git for-each-ref --sort -committerdate --format %(refname) %(objectname) %(*objectname) [46ms]
2024-09-22 06:36:15.261 [info] > git config --get commit.template [32ms]
2024-09-22 06:36:15.270 [info] > git for-each-ref --format=%(refname)%00%(upstream:short)%00%(objectname)%00%(upstream:track)%00%(upstream:remotename)%00%(upstream:remoteref) refs/heads/master refs/remotes/master [10ms]
2024-09-22 06:36:15.276 [info] > git status -z -uall [75ms]
2024-09-22 06:36:15.841 [info] > git status -z -uall [2264ms]
2024-09-22 06:36:20.378 [info] > git remote --verbose [51ms]
2024-09-22 06:36:20.379 [info] > git for-each-ref --sort -committerdate --format %(refname) %(objectname) %(*objectname) [70ms]
2024-09-22 06:36:20.408 [info] > git config --get commit.template [33ms]
2024-09-22 06:36:20.415 [info] > git for-each-ref --format=%(refname)%00%(upstream:short)%00%(objectname)%00%(upstream:track)%00%(upstream:remotename)%00%(upstream:remoteref) refs/heads/master refs/remotes/master [9ms]
2024-09-22 06:36:20.431 [info] > git status -z -uall [82ms]
2024-09-22 06:36:25.582 [info] > git remote --verbose [71ms]
2024-09-22 06:36:25.583 [info] > git for-each-ref --sort -committerdate --format %(refname) %(objectname) %(*objectname) [98ms]
2024-09-22 06:36:25.620 [info] > git config --get commit.template [41ms]
2024-09-22 06:36:25.629 [info] > git for-each-ref --format=%(refname)%00%(upstream:short)%00%(objectname)%00%(upstream:track)%00%(upstream:remotename)%00%(upstream:remoteref) refs/heads/master refs/remotes/master [12ms]
2024-09-22 06:36:25.638 [info] > git status -z -uall [100ms]
2024-09-22 06:36:30.758 [info] > git remote --verbose [48ms]
2024-09-22 06:36:30.759 [info] > git for-each-ref --sort -committerdate --format %(refname) %(objectname) %(*objectname) [77ms]
2024-09-22 06:36:30.795 [info] > git config --get commit.template [40ms]
2024-09-22 06:36:30.803 [info] > git for-each-ref --format=%(refname)%00%(upstream:short)%00%(objectname)%00%(upstream:track)%00%(upstream:remotename)%00%(upstream:remoteref) refs/heads/master refs/remotes/master [11ms]
2024-09-22 06:36:30.820 [info] > git status -z -uall [88ms]
2024-09-22 06:36:33.699 [info] > git remote --verbose [305ms]
2024-09-22 06:36:33.700 [info] > git for-each-ref --sort -committerdate --format %(refname) %(objectname) %(*objectname) [329ms]
2024-09-22 06:36:33.710 [info] > git config --get commit.template [173ms]
2024-09-22 06:36:33.754 [info] > git for-each-ref --format=%(refname)%00%(upstream:short)%00%(objectname)%00%(upstream:track)%00%(upstream:remotename)%00%(upstream:remoteref) refs/heads/th refs/remotes/th [11ms]
2024-09-22 06:36:35.740 [info] > git status -z -uall [2327ms]
2024-09-22 06:36:35.936 [info] > git remote --verbose [58ms]
2024-09-22 06:36:35.936 [info] > git for-each-ref --sort -committerdate --format %(refname) %(objectname) %(*objectname) [80ms]
2024-09-22 06:36:36.936 [info] > git status -z -uall [1037ms]
2024-09-22 06:36:36.937 [info] > git config --get commit.template [1014ms]
2024-09-22 06:36:36.992 [info] > git for-each-ref --format=%(refname)%00%(upstream:short)%00%(objectname)%00%(upstream:track)%00%(upstream:remotename)%00%(upstream:remoteref) refs/heads/master refs/remotes/master [17ms]
2024-09-22 06:36:41.267 [info] > git remote --verbose [354ms]
2024-09-22 06:36:41.268 [info] > git for-each-ref --sort -committerdate --format %(refname) %(objectname) %(*objectname) [388ms]
2024-09-22 06:36:41.271 [info] > git config --get commit.template [6ms]
2024-09-22 06:36:41.319 [info] > git for-each-ref --format=%(refname)%00%(upstream:short)%00%(objectname)%00%(upstream:track)%00%(upstream:remotename)%00%(upstream:remoteref) refs/heads/th refs/remotes/th [10ms]
2024-09-22 06:36:42.118 [info] > git remote --verbose [68ms]
2024-09-22 06:36:42.118 [info] > git for-each-ref --sort -committerdate --format %(refname) %(objectname) %(*objectname) [94ms]
2024-09-22 06:36:42.122 [info] > git config --get commit.template [11ms]
2024-09-22 06:36:42.154 [info] > git status -z -uall [79ms]
2024-09-22 06:36:42.161 [info] > git for-each-ref --format=%(refname)%00%(upstream:short)%00%(objectname)%00%(upstream:track)%00%(upstream:remotename)%00%(upstream:remoteref) refs/heads/master refs/remotes/master [7ms]
2024-09-22 06:36:42.736 [info] > git status -z -uall [1792ms]
2024-09-22 06:36:47.368 [info] > git remote --verbose [101ms]
2024-09-22 06:36:47.368 [info] > git for-each-ref --sort -committerdate --format %(refname) %(objectname) %(*objectname) [147ms]
2024-09-22 06:36:47.381 [info] > git config --get commit.template [22ms]
2024-09-22 06:36:47.437 [info] > git for-each-ref --format=%(refname)%00%(upstream:short)%00%(objectname)%00%(upstream:track)%00%(upstream:remotename)%00%(upstream:remoteref) refs/heads/master refs/remotes/master [15ms]
2024-09-22 06:36:47.439 [info] > git status -z -uall [132ms]
2024-09-22 06:36:48.245 [info] > git remote --verbose [333ms]
2024-09-22 06:36:48.246 [info] > git for-each-ref --sort -committerdate --format %(refname) %(objectname) %(*objectname) [377ms]
2024-09-22 06:36:48.252 [info] > git config --get commit.template [144ms]
2024-09-22 06:36:48.303 [info] > git for-each-ref --format=%(refname)%00%(upstream:short)%00%(objectname)%00%(upstream:track)%00%(upstream:remotename)%00%(upstream:remoteref) refs/heads/th refs/remotes/th [12ms]
2024-09-22 06:36:49.938 [info] > git status -z -uall [1990ms]
2024-09-22 06:36:52.643 [info] > git remote --verbose [86ms]
2024-09-22 06:36:52.644 [info] > git for-each-ref --sort -committerdate --format %(refname) %(objectname) %(*objectname) [133ms]
2024-09-22 06:36:52.699 [info] > git config --get commit.template [60ms]
2024-09-22 06:36:52.713 [info] > git status -z -uall [116ms]
2024-09-22 06:36:52.714 [info] > git for-each-ref --format=%(refname)%00%(upstream:short)%00%(objectname)%00%(upstream:track)%00%(upstream:remotename)%00%(upstream:remoteref) refs/heads/master refs/remotes/master [19ms]
2024-09-22 06:36:55.210 [info] > git remote --verbose [44ms]
2024-09-22 06:36:55.210 [info] > git for-each-ref --sort -committerdate --format %(refname) %(objectname) %(*objectname) [92ms]
2024-09-22 06:36:55.516 [info] > git config --get commit.template [4ms]
2024-09-22 06:36:55.561 [info] > git for-each-ref --format=%(refname)%00%(upstream:short)%00%(objectname)%00%(upstream:track)%00%(upstream:remotename)%00%(upstream:remoteref) refs/heads/th refs/remotes/th [11ms]
2024-09-22 06:36:57.560 [info] > git status -z -uall [2355ms]
2024-09-22 06:36:58.813 [info] > git remote --verbose [83ms]
2024-09-22 06:36:58.814 [info] > git for-each-ref --sort -committerdate --format %(refname) %(objectname) %(*objectname) [114ms]
2024-09-22 06:36:58.863 [info] > git status -z -uall [96ms]
2024-09-22 06:36:58.864 [info] > git config --get commit.template [55ms]
2024-09-22 06:36:58.908 [info] > git for-each-ref --format=%(refname)%00%(upstream:short)%00%(objectname)%00%(upstream:track)%00%(upstream:remotename)%00%(upstream:remoteref) refs/heads/master refs/remotes/master [51ms]
2024-09-22 06:37:03.164 [info] > git remote --verbose [392ms]
2024-09-22 06:37:03.165 [info] > git for-each-ref --sort -committerdate --format %(refname) %(objectname) %(*objectname) [430ms]
2024-09-22 06:37:03.168 [info] > git config --get commit.template [220ms]
2024-09-22 06:37:03.216 [info] > git for-each-ref --format=%(refname)%00%(upstream:short)%00%(objectname)%00%(upstream:track)%00%(upstream:remotename)%00%(upstream:remoteref) refs/heads/th refs/remotes/th [12ms]
2024-09-22 06:37:04.076 [info] > git remote --verbose [73ms]
2024-09-22 06:37:04.076 [info] > git for-each-ref --sort -committerdate --format %(refname) %(objectname) %(*objectname) [100ms]
2024-09-22 06:37:04.084 [info] > git config --get commit.template [20ms]
2024-09-22 06:37:04.122 [info] > git status -z -uall [92ms]
2024-09-22 06:37:04.126 [info] > git for-each-ref --format=%(refname)%00%(upstream:short)%00%(objectname)%00%(upstream:track)%00%(upstream:remotename)%00%(upstream:remoteref) refs/heads/master refs/remotes/master [8ms]
2024-09-22 06:37:04.607 [info] > git status -z -uall [1796ms]
2024-09-22 06:37:09.285 [info] > git remote --verbose [74ms]
2024-09-22 06:37:09.285 [info] > git for-each-ref --sort -committerdate --format %(refname) %(objectname) %(*objectname) [109ms]
2024-09-22 06:37:09.322 [info] > git config --get commit.template [42ms]
2024-09-22 06:37:09.324 [info] > git status -z -uall [79ms]
2024-09-22 06:37:09.329 [info] > git for-each-ref --format=%(refname)%00%(upstream:short)%00%(objectname)%00%(upstream:track)%00%(upstream:remotename)%00%(upstream:remoteref) refs/heads/master refs/remotes/master [9ms]
2024-09-22 06:37:10.109 [info] > git remote --verbose [334ms]
2024-09-22 06:37:10.110 [info] > git for-each-ref --sort -committerdate --format %(refname) %(objectname) %(*objectname) [373ms]
2024-09-22 06:37:10.114 [info] > git config --get commit.template [8ms]
2024-09-22 06:37:10.162 [info] > git for-each-ref --format=%(refname)%00%(upstream:short)%00%(objectname)%00%(upstream:track)%00%(upstream:remotename)%00%(upstream:remoteref) refs/heads/th refs/remotes/th [13ms]
2024-09-22 06:37:11.707 [info] > git status -z -uall [1901ms]
2024-09-22 06:37:14.478 [info] > git remote --verbose [61ms]
2024-09-22 06:37:14.478 [info] > git for-each-ref --sort -committerdate --format %(refname) %(objectname) %(*objectname) [94ms]
2024-09-22 06:37:14.515 [info] > git status -z -uall [70ms]
2024-09-22 06:37:14.518 [info] > git config --get commit.template [43ms]
2024-09-22 06:37:14.521 [info] > git for-each-ref --format=%(refname)%00%(upstream:short)%00%(objectname)%00%(upstream:track)%00%(upstream:remotename)%00%(upstream:remoteref) refs/heads/master refs/remotes/master [8ms]
2024-09-22 06:37:17.239 [info] > git remote --verbose [355ms]
2024-09-22 06:37:17.240 [info] > git for-each-ref --sort -committerdate --format %(refname) %(objectname) %(*objectname) [392ms]
2024-09-22 06:37:17.244 [info] > git config --get commit.template [10ms]
2024-09-22 06:37:17.289 [info] > git for-each-ref --format=%(refname)%00%(upstream:short)%00%(objectname)%00%(upstream:track)%00%(upstream:remotename)%00%(upstream:remoteref) refs/heads/th refs/remotes/th [13ms]
2024-09-22 06:37:18.746 [info] > git status -z -uall [1831ms]
2024-09-22 06:37:20.041 [info] > git remote --verbose [117ms]
2024-09-22 06:37:20.041 [info] > git for-each-ref --sort -committerdate --format %(refname) %(objectname) %(*objectname) [146ms]
2024-09-22 06:37:20.044 [info] > git config --get commit.template [38ms]
2024-09-22 06:37:20.050 [info] > git status -z -uall [95ms]
2024-09-22 06:37:20.099 [info] > git for-each-ref --format=%(refname)%00%(upstream:short)%00%(objectname)%00%(upstream:track)%00%(upstream:remotename)%00%(upstream:remoteref) refs/heads/master refs/remotes/master [13ms]
2024-09-22 06:37:24.146 [info] > git remote --verbose [241ms]
2024-09-22 06:37:24.147 [info] > git for-each-ref --sort -committerdate --format %(refname) %(objectname) %(*objectname) [275ms]
2024-09-22 06:37:24.278 [info] > git config --get commit.template [199ms]
2024-09-22 06:37:24.289 [info] > git for-each-ref --format=%(refname)%00%(upstream:short)%00%(objectname)%00%(upstream:track)%00%(upstream:remotename)%00%(upstream:remoteref) refs/heads/th refs/remotes/th [20ms]
2024-09-22 06:37:25.236 [info] > git remote --verbose [74ms]
2024-09-22 06:37:25.237 [info] > git for-each-ref --sort -committerdate --format %(refname) %(objectname) %(*objectname) [101ms]
2024-09-22 06:37:25.284 [info] > git config --get commit.template [54ms]
2024-09-22 06:37:25.302 [info] > git for-each-ref --format=%(refname)%00%(upstream:short)%00%(objectname)%00%(upstream:track)%00%(upstream:remotename)%00%(upstream:remoteref) refs/heads/master refs/remotes/master [21ms]
2024-09-22 06:37:25.310 [info] > git status -z -uall [119ms]
2024-09-22 06:37:25.495 [info] > git status -z -uall [1562ms]
2024-09-22 06:37:30.521 [info] > git remote --verbose [115ms]
2024-09-22 06:37:30.521 [info] > git for-each-ref --sort -committerdate --format %(refname) %(objectname) %(*objectname) [160ms]
2024-09-22 06:37:30.525 [info] > git config --get commit.template [19ms]
2024-09-22 06:37:30.586 [info] > git status -z -uall [121ms]
2024-09-22 06:37:30.589 [info] > git for-each-ref --format=%(refname)%00%(upstream:short)%00%(objectname)%00%(upstream:track)%00%(upstream:remotename)%00%(upstream:remoteref) refs/heads/master refs/remotes/master [20ms]
2024-09-22 06:37:35.732 [info] > git remote --verbose [41ms]
2024-09-22 06:37:35.733 [info] > git for-each-ref --sort -committerdate --format %(refname) %(objectname) %(*objectname) [81ms]
2024-09-22 06:37:35.818 [info] > git status -z -uall [91ms]
2024-09-22 06:37:35.822 [info] > git config --get commit.template [49ms]
2024-09-22 06:37:35.830 [info] > git for-each-ref --format=%(refname)%00%(upstream:short)%00%(objectname)%00%(upstream:track)%00%(upstream:remotename)%00%(upstream:remoteref) refs/heads/master refs/remotes/master [13ms]
2024-09-22 06:37:41.017 [info] > git remote --verbose [80ms]
2024-09-22 06:37:41.018 [info] > git for-each-ref --sort -committerdate --format %(refname) %(objectname) %(*objectname) [118ms]
2024-09-22 06:37:41.058 [info] > git status -z -uall [83ms]
2024-09-22 06:37:41.062 [info] > git config --get commit.template [46ms]
2024-09-22 06:37:41.069 [info] > git for-each-ref --format=%(refname)%00%(upstream:short)%00%(objectname)%00%(upstream:track)%00%(upstream:remotename)%00%(upstream:remoteref) refs/heads/master refs/remotes/master [12ms]
2024-09-22 06:37:42.582 [info] > git show --textconv :c/栈.c++ [29ms]
2024-09-22 06:37:42.600 [info] > git ls-files --stage -- /root/thsunest01/c/栈.c++ [18ms]
2024-09-22 06:37:42.649 [info] > git cat-file -s e8adbfb3b6de1a38a89747d7619caf3890de1239 [18ms]
2024-09-22 06:37:46.256 [info] > git remote --verbose [81ms]
2024-09-22 06:37:46.256 [info] > git for-each-ref --sort -committerdate --format %(refname) %(objectname) %(*objectname) [121ms]
2024-09-22 06:37:46.297 [info] > git status -z -uall [85ms]
2024-09-22 06:37:46.298 [info] > git config --get commit.template [45ms]
2024-09-22 06:37:46.308 [info] > git for-each-ref --format=%(refname)%00%(upstream:short)%00%(objectname)%00%(upstream:track)%00%(upstream:remotename)%00%(upstream:remoteref) refs/heads/master refs/remotes/master [12ms]
2024-09-22 06:37:51.530 [info] > git remote --verbose [97ms]
2024-09-22 06:37:51.531 [info] > git for-each-ref --sort -committerdate --format %(refname) %(objectname) %(*objectname) [149ms]
2024-09-22 06:37:51.579 [info] > git config --get commit.template [52ms]
2024-09-22 06:37:51.580 [info] > git status -z -uall [103ms]
2024-09-22 06:37:51.588 [info] > git for-each-ref --format=%(refname)%00%(upstream:short)%00%(objectname)%00%(upstream:track)%00%(upstream:remotename)%00%(upstream:remoteref) refs/heads/master refs/remotes/master [12ms]
2024-09-22 06:37:56.734 [info] > git remote --verbose [61ms]
2024-09-22 06:37:56.735 [info] > git for-each-ref --sort -committerdate --format %(refname) %(objectname) %(*objectname) [88ms]
2024-09-22 06:37:56.769 [info] > git config --get commit.template [39ms]
2024-09-22 06:37:56.781 [info] > git for-each-ref --format=%(refname)%00%(upstream:short)%00%(objectname)%00%(upstream:track)%00%(upstream:remotename)%00%(upstream:remoteref) refs/heads/master refs/remotes/master [14ms]
2024-09-22 06:37:56.782 [info] > git status -z -uall [80ms]
2024-09-22 06:38:01.899 [info] > git remote --verbose [40ms]
2024-09-22 06:38:01.900 [info] > git for-each-ref --sort -committerdate --format %(refname) %(objectname) %(*objectname) [61ms]
2024-09-22 06:38:01.938 [info] > git config --get commit.template [43ms]
2024-09-22 06:38:01.956 [info] > git for-each-ref --format=%(refname)%00%(upstream:short)%00%(objectname)%00%(upstream:track)%00%(upstream:remotename)%00%(upstream:remoteref) refs/heads/master refs/remotes/master [19ms]
2024-09-22 06:38:01.984 [info] > git status -z -uall [109ms]
2024-09-22 06:38:07.118 [info] > git remote --verbose [57ms]
2024-09-22 06:38:07.118 [info] > git for-each-ref --sort -committerdate --format %(refname) %(objectname) %(*objectname) [88ms]
2024-09-22 06:38:07.146 [info] > git config --get commit.template [42ms]
2024-09-22 06:38:07.198 [info] > git for-each-ref --format=%(refname)%00%(upstream:short)%00%(objectname)%00%(upstream:track)%00%(upstream:remotename)%00%(upstream:remoteref) refs/heads/master refs/remotes/master [22ms]
2024-09-22 06:38:07.275 [info] > git status -z -uall [194ms]
2024-09-22 06:38:12.363 [info] > git remote --verbose [39ms]
2024-09-22 06:38:12.363 [info] > git for-each-ref --sort -committerdate --format %(refname) %(objectname) %(*objectname) [58ms]
2024-09-22 06:38:12.385 [info] > git config --get commit.template [25ms]
2024-09-22 06:38:12.403 [info] > git for-each-ref --format=%(refname)%00%(upstream:short)%00%(objectname)%00%(upstream:track)%00%(upstream:remotename)%00%(upstream:remoteref) refs/heads/master refs/remotes/master [19ms]
2024-09-22 06:38:12.432 [info] > git status -z -uall [91ms]
2024-09-22 06:38:17.532 [info] > git remote --verbose [42ms]
2024-09-22 06:38:17.533 [info] > git for-each-ref --sort -committerdate --format %(refname) %(objectname) %(*objectname) [60ms]
2024-09-22 06:38:17.570 [info] > git config --get commit.template [42ms]
2024-09-22 06:38:17.582 [info] > git for-each-ref --format=%(refname)%00%(upstream:short)%00%(objectname)%00%(upstream:track)%00%(upstream:remotename)%00%(upstream:remoteref) refs/heads/master refs/remotes/master [16ms]
2024-09-22 06:38:17.617 [info] > git status -z -uall [109ms]
2024-09-22 06:38:18.212 [info] > git remote --verbose [330ms]
2024-09-22 06:38:18.213 [info] > git for-each-ref --sort -committerdate --format %(refname) %(objectname) %(*objectname) [350ms]
2024-09-22 06:38:18.217 [info] > git config --get commit.template [148ms]
2024-09-22 06:38:18.257 [info] > git for-each-ref --format=%(refname)%00%(upstream:short)%00%(objectname)%00%(upstream:track)%00%(upstream:remotename)%00%(upstream:remoteref) refs/heads/th refs/remotes/th [23ms]
2024-09-22 06:38:19.704 [info] > git status -z -uall [1801ms]
2024-09-22 06:38:22.734 [info] > git remote --verbose [31ms]
2024-09-22 06:38:22.735 [info] > git for-each-ref --sort -committerdate --format %(refname) %(objectname) %(*objectname) [63ms]
2024-09-22 06:38:22.791 [info] > git config --get commit.template [31ms]
2024-09-22 06:38:22.800 [info] > git for-each-ref --format=%(refname)%00%(upstream:short)%00%(objectname)%00%(upstream:track)%00%(upstream:remotename)%00%(upstream:remoteref) refs/heads/master refs/remotes/master [12ms]
2024-09-22 06:38:22.812 [info] > git status -z -uall [85ms]
2024-09-22 06:38:25.271 [info] > git remote --verbose [382ms]
2024-09-22 06:38:25.273 [info] > git for-each-ref --sort -committerdate --format %(refname) %(objectname) %(*objectname) [411ms]
2024-09-22 06:38:25.291 [info] > git config --get commit.template [264ms]
2024-09-22 06:38:25.341 [info] > git for-each-ref --format=%(refname)%00%(upstream:short)%00%(objectname)%00%(upstream:track)%00%(upstream:remotename)%00%(upstream:remoteref) refs/heads/th refs/remotes/th [20ms]
2024-09-22 06:38:26.644 [info] > git status -z -uall [1730ms]
2024-09-22 06:38:27.950 [info] > git remote --verbose [61ms]
2024-09-22 06:38:27.951 [info] > git for-each-ref --sort -committerdate --format %(refname) %(objectname) %(*objectname) [90ms]
2024-09-22 06:38:27.974 [info] > git config --get commit.template [27ms]
2024-09-22 06:38:28.043 [info] > git status -z -uall [127ms]
2024-09-22 06:38:28.044 [info] > git for-each-ref --format=%(refname)%00%(upstream:short)%00%(objectname)%00%(upstream:track)%00%(upstream:remotename)%00%(upstream:remoteref) refs/heads/master refs/remotes/master [29ms]
2024-09-22 06:38:32.176 [info] > git remote --verbose [349ms]
2024-09-22 06:38:32.177 [info] > git for-each-ref --sort -committerdate --format %(refname) %(objectname) %(*objectname) [381ms]
2024-09-22 06:38:32.196 [info] > git config --get commit.template [69ms]
2024-09-22 06:38:32.241 [info] > git for-each-ref --format=%(refname)%00%(upstream:short)%00%(objectname)%00%(upstream:track)%00%(upstream:remotename)%00%(upstream:remoteref) refs/heads/th refs/remotes/th [16ms]
2024-09-22 06:38:33.167 [info] > git remote --verbose [25ms]
2024-09-22 06:38:33.168 [info] > git for-each-ref --sort -committerdate --format %(refname) %(objectname) %(*objectname) [47ms]
2024-09-22 06:38:33.234 [info] > git config --get commit.template [39ms]
2024-09-22 06:38:33.244 [info] > git for-each-ref --format=%(refname)%00%(upstream:short)%00%(objectname)%00%(upstream:track)%00%(upstream:remotename)%00%(upstream:remoteref) refs/heads/master refs/remotes/master [14ms]
2024-09-22 06:38:33.271 [info] > git status -z -uall [111ms]
2024-09-22 06:38:33.441 [info] > git status -z -uall [1587ms]
2024-09-22 06:38:38.424 [info] > git remote --verbose [62ms]
2024-09-22 06:38:38.425 [info] > git for-each-ref --sort -committerdate --format %(refname) %(objectname) %(*objectname) [97ms]
2024-09-22 06:38:38.461 [info] > git config --get commit.template [41ms]
2024-09-22 06:38:38.473 [info] > git for-each-ref --format=%(refname)%00%(upstream:short)%00%(objectname)%00%(upstream:track)%00%(upstream:remotename)%00%(upstream:remoteref) refs/heads/master refs/remotes/master [14ms]
2024-09-22 06:38:38.490 [info] > git status -z -uall [102ms]
2024-09-22 06:38:38.898 [info] > git remote --verbose [314ms]
2024-09-22 06:38:38.899 [info] > git for-each-ref --sort -committerdate --format %(refname) %(objectname) %(*objectname) [349ms]
2024-09-22 06:38:38.968 [info] > git config --get commit.template [132ms]
2024-09-22 06:38:39.004 [info] > git for-each-ref --format=%(refname)%00%(upstream:short)%00%(objectname)%00%(upstream:track)%00%(upstream:remotename)%00%(upstream:remoteref) refs/heads/th refs/remotes/th [14ms]
2024-09-22 06:38:40.074 [info] > git status -z -uall [1466ms]
2024-09-22 06:38:43.670 [info] > git remote --verbose [85ms]
2024-09-22 06:38:43.671 [info] > git for-each-ref --sort -committerdate --format %(refname) %(objectname) %(*objectname) [122ms]
2024-09-22 06:38:43.710 [info] > git status -z -uall [89ms]
2024-09-22 06:38:43.714 [info] > git config --get commit.template [47ms]
2024-09-22 06:38:43.719 [info] > git for-each-ref --format=%(refname)%00%(upstream:short)%00%(objectname)%00%(upstream:track)%00%(upstream:remotename)%00%(upstream:remoteref) refs/heads/master refs/remotes/master [12ms]
2024-09-22 06:38:45.549 [info] > git remote --verbose [235ms]
2024-09-22 06:38:45.551 [info] > git for-each-ref --sort -committerdate --format %(refname) %(objectname) %(*objectname) [287ms]
2024-09-22 06:38:45.689 [info] > git config --get commit.template [243ms]
2024-09-22 06:38:45.702 [info] > git for-each-ref --format=%(refname)%00%(upstream:short)%00%(objectname)%00%(upstream:track)%00%(upstream:remotename)%00%(upstream:remoteref) refs/heads/th refs/remotes/th [18ms]
2024-09-22 06:38:47.407 [info] > git status -z -uall [2067ms]
2024-09-22 06:38:48.896 [info] > git remote --verbose [79ms]
2024-09-22 06:38:48.896 [info] > git for-each-ref --sort -committerdate --format %(refname) %(objectname) %(*objectname) [119ms]
2024-09-22 06:38:48.946 [info] > git config --get commit.template [55ms]
2024-09-22 06:38:48.957 [info] > git for-each-ref --format=%(refname)%00%(upstream:short)%00%(objectname)%00%(upstream:track)%00%(upstream:remotename)%00%(upstream:remoteref) refs/heads/master refs/remotes/master [14ms]
2024-09-22 06:38:48.968 [info] > git status -z -uall [115ms]
2024-09-22 06:38:54.149 [info] > git remote --verbose [78ms]
2024-09-22 06:38:54.149 [info] > git for-each-ref --sort -committerdate --format %(refname) %(objectname) %(*objectname) [113ms]
2024-09-22 06:38:54.192 [info] > git status -z -uall [88ms]
2024-09-22 06:38:54.193 [info] > git config --get commit.template [47ms]
2024-09-22 06:38:54.244 [info] > git for-each-ref --format=%(refname)%00%(upstream:short)%00%(objectname)%00%(upstream:track)%00%(upstream:remotename)%00%(upstream:remoteref) refs/heads/master refs/remotes/master [13ms]
2024-09-22 06:38:59.364 [info] > git remote --verbose [53ms]
2024-09-22 06:38:59.364 [info] > git for-each-ref --sort -committerdate --format %(refname) %(objectname) %(*objectname) [78ms]
2024-09-22 06:38:59.400 [info] > git config --get commit.template [40ms]
2024-09-22 06:38:59.421 [info] > git for-each-ref --format=%(refname)%00%(upstream:short)%00%(objectname)%00%(upstream:track)%00%(upstream:remotename)%00%(upstream:remoteref) refs/heads/master refs/remotes/master [27ms]
2024-09-22 06:38:59.451 [info] > git status -z -uall [118ms]
2024-09-22 06:39:01.808 [info] > git remote --verbose [265ms]
2024-09-22 06:39:01.809 [info] > git for-each-ref --sort -committerdate --format %(refname) %(objectname) %(*objectname) [282ms]
2024-09-22 06:39:01.820 [info] > git config --get commit.template [130ms]
2024-09-22 06:39:01.941 [info] > git for-each-ref --format=%(refname)%00%(upstream:short)%00%(objectname)%00%(upstream:track)%00%(upstream:remotename)%00%(upstream:remoteref) refs/heads/th refs/remotes/th [71ms]
2024-09-22 06:39:03.133 [info] > git status -z -uall [1574ms]
2024-09-22 06:39:04.576 [info] > git remote --verbose [71ms]
2024-09-22 06:39:04.576 [info] > git for-each-ref --sort -committerdate --format %(refname) %(objectname) %(*objectname) [94ms]
2024-09-22 06:39:04.645 [info] > git for-each-ref --format=%(refname)%00%(upstream:short)%00%(objectname)%00%(upstream:track)%00%(upstream:remotename)%00%(upstream:remoteref) refs/heads/master refs/remotes/master [2ms]
2024-09-22 06:39:04.646 [info] > git config --get commit.template [76ms]
2024-09-22 06:39:04.692 [info] > git status -z -uall [167ms]
2024-09-22 06:39:08.327 [info] > git remote --verbose [31ms]
2024-09-22 06:39:08.328 [info] > git for-each-ref --sort -committerdate --format %(refname) %(objectname) %(*objectname) [62ms]
2024-09-22 06:39:08.618 [info] > git config --get commit.template [62ms]
2024-09-22 06:39:08.670 [info] > git for-each-ref --format=%(refname)%00%(upstream:short)%00%(objectname)%00%(upstream:track)%00%(upstream:remotename)%00%(upstream:remoteref) refs/heads/th refs/remotes/th [18ms]
2024-09-22 06:39:09.821 [info] > git remote --verbose [70ms]
2024-09-22 06:39:09.833 [info] > git for-each-ref --sort -committerdate --format %(refname) %(objectname) %(*objectname) [91ms]
2024-09-22 06:39:09.836 [info] > git config --get commit.template [30ms]
2024-09-22 06:39:09.866 [info] > git status -z -uall [92ms]
2024-09-22 06:39:09.871 [info] > git for-each-ref --format=%(refname)%00%(upstream:short)%00%(objectname)%00%(upstream:track)%00%(upstream:remotename)%00%(upstream:remoteref) refs/heads/master refs/remotes/master [9ms]
2024-09-22 06:39:10.399 [info] > git status -z -uall [2077ms]
2024-09-22 06:39:14.980 [info] > git remote --verbose [52ms]
2024-09-22 06:39:14.980 [info] > git for-each-ref --sort -committerdate --format %(refname) %(objectname) %(*objectname) [74ms]
2024-09-22 06:39:14.982 [info] > git config --get commit.template [5ms]
2024-09-22 06:39:15.038 [info] > git for-each-ref --format=%(refname)%00%(upstream:short)%00%(objectname)%00%(upstream:track)%00%(upstream:remotename)%00%(upstream:remoteref) refs/heads/master refs/remotes/master [26ms]
2024-09-22 06:39:15.043 [info] > git status -z -uall [96ms]
2024-09-22 06:39:15.799 [info] > git remote --verbose [273ms]
2024-09-22 06:39:15.799 [info] > git for-each-ref --sort -committerdate --format %(refname) %(objectname) %(*objectname) [296ms]
2024-09-22 06:39:15.896 [info] > git config --get commit.template [227ms]
2024-09-22 06:39:15.929 [info] > git for-each-ref --format=%(refname)%00%(upstream:short)%00%(objectname)%00%(upstream:track)%00%(upstream:remotename)%00%(upstream:remoteref) refs/heads/th refs/remotes/th [47ms]
2024-09-22 06:39:17.319 [info] > git status -z -uall [1773ms]
2024-09-22 06:39:20.163 [info] > git remote --verbose [38ms]
2024-09-22 06:39:20.164 [info] > git for-each-ref --sort -committerdate --format %(refname) %(objectname) %(*objectname) [73ms]
2024-09-22 06:39:20.222 [info] > git config --get commit.template [29ms]
2024-09-22 06:39:20.230 [info] > git for-each-ref --format=%(refname)%00%(upstream:short)%00%(objectname)%00%(upstream:track)%00%(upstream:remotename)%00%(upstream:remoteref) refs/heads/master refs/remotes/master [9ms]
2024-09-22 06:39:20.236 [info] > git status -z -uall [78ms]
2024-09-22 06:39:25.347 [info] > git remote --verbose [38ms]
2024-09-22 06:39:25.348 [info] > git for-each-ref --sort -committerdate --format %(refname) %(objectname) %(*objectname) [72ms]
2024-09-22 06:39:25.421 [info] > git config --get commit.template [33ms]
2024-09-22 06:39:25.429 [info] > git for-each-ref --format=%(refname)%00%(upstream:short)%00%(objectname)%00%(upstream:track)%00%(upstream:remotename)%00%(upstream:remoteref) refs/heads/master refs/remotes/master [10ms]
2024-09-22 06:39:25.446 [info] > git status -z -uall [104ms]
2024-09-22 06:39:26.054 [info] > git remote --verbose [318ms]
2024-09-22 06:39:26.055 [info] > git for-each-ref --sort -committerdate --format %(refname) %(objectname) %(*objectname) [349ms]
2024-09-22 06:39:26.064 [info] > git config --get commit.template [26ms]
2024-09-22 06:39:26.106 [info] > git for-each-ref --format=%(refname)%00%(upstream:short)%00%(objectname)%00%(upstream:track)%00%(upstream:remotename)%00%(upstream:remoteref) refs/heads/th refs/remotes/th [12ms]
2024-09-22 06:39:27.096 [info] > git status -z -uall [1334ms]
2024-09-22 06:39:30.628 [info] > git remote --verbose [86ms]
2024-09-22 06:39:30.629 [info] > git for-each-ref --sort -committerdate --format %(refname) %(objectname) %(*objectname) [128ms]
2024-09-22 06:39:30.632 [info] > git config --get commit.template [14ms]
2024-09-22 06:39:30.678 [info] > git for-each-ref --format=%(refname)%00%(upstream:short)%00%(objectname)%00%(upstream:track)%00%(upstream:remotename)%00%(upstream:remoteref) refs/heads/master refs/remotes/master [17ms]
2024-09-22 06:39:30.694 [info] > git status -z -uall [116ms]
2024-09-22 06:39:32.624 [info] > git remote --verbose [363ms]
2024-09-22 06:39:32.626 [info] > git for-each-ref --sort -committerdate --format %(refname) %(objectname) %(*objectname) [398ms]
2024-09-22 06:39:32.664 [info] > git config --get commit.template [41ms]
2024-09-22 06:39:32.675 [info] > git for-each-ref --format=%(refname)%00%(upstream:short)%00%(objectname)%00%(upstream:track)%00%(upstream:remotename)%00%(upstream:remoteref) refs/heads/th refs/remotes/th [14ms]
2024-09-22 06:39:34.559 [info] > git status -z -uall [2269ms]
2024-09-22 06:39:35.875 [info] > git remote --verbose [90ms]
2024-09-22 06:39:35.875 [info] > git for-each-ref --sort -committerdate --format %(refname) %(objectname) %(*objectname) [124ms]
2024-09-22 06:39:35.921 [info] > git config --get commit.template [50ms]
2024-09-22 06:39:35.936 [info] > git for-each-ref --format=%(refname)%00%(upstream:short)%00%(objectname)%00%(upstream:track)%00%(upstream:remotename)%00%(upstream:remoteref) refs/heads/master refs/remotes/master [17ms]
2024-09-22 06:39:35.940 [info] > git status -z -uall [114ms]
2024-09-22 06:39:40.159 [info] > git remote --verbose [42ms]
2024-09-22 06:39:40.159 [info] > git for-each-ref --sort -committerdate --format %(refname) %(objectname) %(*objectname) [76ms]
2024-09-22 06:39:40.506 [info] > git config --get commit.template [7ms]
2024-09-22 06:39:40.556 [info] > git for-each-ref --format=%(refname)%00%(upstream:short)%00%(objectname)%00%(upstream:track)%00%(upstream:remotename)%00%(upstream:remoteref) refs/heads/th refs/remotes/th [14ms]
2024-09-22 06:39:41.131 [info] > git remote --verbose [96ms]
2024-09-22 06:39:41.132 [info] > git for-each-ref --sort -committerdate --format %(refname) %(objectname) %(*objectname) [139ms]
2024-09-22 06:39:41.137 [info] > git config --get commit.template [11ms]
2024-09-22 06:39:41.169 [info] > git status -z -uall [100ms]
2024-09-22 06:39:41.179 [info] > git for-each-ref --format=%(refname)%00%(upstream:short)%00%(objectname)%00%(upstream:track)%00%(upstream:remotename)%00%(upstream:remoteref) refs/heads/master refs/remotes/master [12ms]
2024-09-22 06:39:41.961 [info] > git status -z -uall [1815ms]
2024-09-22 06:39:46.313 [info] > git remote --verbose [66ms]
2024-09-22 06:39:46.313 [info] > git for-each-ref --sort -committerdate --format %(refname) %(objectname) %(*objectname) [94ms]
2024-09-22 06:39:46.348 [info] > git config --get commit.template [38ms]
2024-09-22 06:39:46.356 [info] > git status -z -uall [74ms]
2024-09-22 06:39:46.358 [info] > git for-each-ref --format=%(refname)%00%(upstream:short)%00%(objectname)%00%(upstream:track)%00%(upstream:remotename)%00%(upstream:remoteref) refs/heads/master refs/remotes/master [12ms]
2024-09-22 06:39:47.182 [info] > git remote --verbose [33ms]
2024-09-22 06:39:47.183 [info] > git for-each-ref --sort -committerdate --format %(refname) %(objectname) %(*objectname) [64ms]
2024-09-22 06:39:47.490 [info] > git config --get commit.template [90ms]
2024-09-22 06:39:47.554 [info] > git for-each-ref --format=%(refname)%00%(upstream:short)%00%(objectname)%00%(upstream:track)%00%(upstream:remotename)%00%(upstream:remoteref) refs/heads/th refs/remotes/th [23ms]
2024-09-22 06:39:48.555 [info] > git status -z -uall [1377ms]
2024-09-22 06:39:51.528 [info] > git remote --verbose [69ms]
2024-09-22 06:39:51.528 [info] > git for-each-ref --sort -committerdate --format %(refname) %(objectname) %(*objectname) [105ms]
2024-09-22 06:39:51.565 [info] > git status -z -uall [75ms]
2024-09-22 06:39:51.568 [info] > git config --get commit.template [43ms]
2024-09-22 06:39:51.573 [info] > git for-each-ref --format=%(refname)%00%(upstream:short)%00%(objectname)%00%(upstream:track)%00%(upstream:remotename)%00%(upstream:remoteref) refs/heads/master refs/remotes/master [10ms]
2024-09-22 06:39:56.741 [info] > git remote --verbose [66ms]
2024-09-22 06:39:56.742 [info] > git for-each-ref --sort -committerdate --format %(refname) %(objectname) %(*objectname) [107ms]
2024-09-22 06:39:56.781 [info] > git config --get commit.template [42ms]
2024-09-22 06:39:56.782 [info] > git status -z -uall [75ms]
2024-09-22 06:39:56.786 [info] > git for-each-ref --format=%(refname)%00%(upstream:short)%00%(objectname)%00%(upstream:track)%00%(upstream:remotename)%00%(upstream:remoteref) refs/heads/master refs/remotes/master [8ms]
2024-09-22 06:40:02.010 [info] > git remote --verbose [122ms]
2024-09-22 06:40:02.011 [info] > git for-each-ref --sort -committerdate --format %(refname) %(objectname) %(*objectname) [170ms]
2024-09-22 06:40:02.057 [info] > git config --get commit.template [58ms]
2024-09-22 06:40:02.064 [info] > git for-each-ref --format=%(refname)%00%(upstream:short)%00%(objectname)%00%(upstream:track)%00%(upstream:remotename)%00%(upstream:remoteref) refs/heads/master refs/remotes/master [14ms]
2024-09-22 06:40:02.083 [info] > git status -z -uall [133ms]
2024-09-22 06:40:07.244 [info] > git remote --verbose [75ms]
2024-09-22 06:40:07.245 [info] > git for-each-ref --sort -committerdate --format %(refname) %(objectname) %(*objectname) [113ms]
2024-09-22 06:40:07.282 [info] > git config --get commit.template [40ms]
2024-09-22 06:40:07.300 [info] > git for-each-ref --format=%(refname)%00%(upstream:short)%00%(objectname)%00%(upstream:track)%00%(upstream:remotename)%00%(upstream:remoteref) refs/heads/master refs/remotes/master [22ms]
2024-09-22 06:40:07.330 [info] > git status -z -uall [126ms]
2024-09-22 06:40:12.464 [info] > git remote --verbose [40ms]
2024-09-22 06:40:12.465 [info] > git for-each-ref --sort -committerdate --format %(refname) %(objectname) %(*objectname) [76ms]
2024-09-22 06:40:12.533 [info] > git config --get commit.template [42ms]
2024-09-22 06:40:12.540 [info] > git for-each-ref --format=%(refname)%00%(upstream:short)%00%(objectname)%00%(upstream:track)%00%(upstream:remotename)%00%(upstream:remoteref) refs/heads/master refs/remotes/master [14ms]
2024-09-22 06:40:12.555 [info] > git status -z -uall [102ms]
2024-09-22 06:40:17.687 [info] > git remote --verbose [54ms]
2024-09-22 06:40:17.705 [info] > git for-each-ref --sort -committerdate --format %(refname) %(objectname) %(*objectname) [82ms]
2024-09-22 06:40:17.709 [info] > git config --get commit.template [31ms]
2024-09-22 06:40:17.751 [info] > git for-each-ref --format=%(refname)%00%(upstream:short)%00%(objectname)%00%(upstream:track)%00%(upstream:remotename)%00%(upstream:remoteref) refs/heads/master refs/remotes/master [14ms]
2024-09-22 06:40:17.782 [info] > git status -z -uall [128ms]
2024-09-22 06:40:22.912 [info] > git remote --verbose [45ms]
2024-09-22 06:40:22.912 [info] > git for-each-ref --sort -committerdate --format %(refname) %(objectname) %(*objectname) [74ms]
2024-09-22 06:40:22.961 [info] > git config --get commit.template [51ms]
2024-09-22 06:40:22.980 [info] > git for-each-ref --format=%(refname)%00%(upstream:short)%00%(objectname)%00%(upstream:track)%00%(upstream:remotename)%00%(upstream:remoteref) refs/heads/master refs/remotes/master [26ms]
2024-09-22 06:40:23.011 [info] > git status -z -uall [124ms]
2024-09-22 06:40:28.088 [info] > git remote --verbose [26ms]
2024-09-22 06:40:28.088 [info] > git for-each-ref --sort -committerdate --format %(refname) %(objectname) %(*objectname) [39ms]
2024-09-22 06:40:28.114 [info] > git config --get commit.template [27ms]
2024-09-22 06:40:28.135 [info] > git for-each-ref --format=%(refname)%00%(upstream:short)%00%(objectname)%00%(upstream:track)%00%(upstream:remotename)%00%(upstream:remoteref) refs/heads/master refs/remotes/master [24ms]
2024-09-22 06:40:28.170 [info] > git status -z -uall [97ms]
2024-09-22 06:40:33.308 [info] > git remote --verbose [61ms]
2024-09-22 06:40:33.310 [info] > git for-each-ref --sort -committerdate --format %(refname) %(objectname) %(*objectname) [86ms]
2024-09-22 06:40:33.345 [info] > git config --get commit.template [40ms]
2024-09-22 06:40:33.357 [info] > git for-each-ref --format=%(refname)%00%(upstream:short)%00%(objectname)%00%(upstream:track)%00%(upstream:remotename)%00%(upstream:remoteref) refs/heads/master refs/remotes/master [19ms]
2024-09-22 06:40:33.377 [info] > git status -z -uall [108ms]
2024-09-22 06:40:34.634 [info] > git check-ignore -v -z --stdin [25ms]
2024-09-22 06:40:38.442 [info] > git remote --verbose [25ms]
2024-09-22 06:40:38.443 [info] > git for-each-ref --sort -committerdate --format %(refname) %(objectname) %(*objectname) [41ms]
2024-09-22 06:40:38.482 [info] > git config --get commit.template [22ms]
2024-09-22 06:40:38.496 [info] > git for-each-ref --format=%(refname)%00%(upstream:short)%00%(objectname)%00%(upstream:track)%00%(upstream:remotename)%00%(upstream:remoteref) refs/heads/master refs/remotes/master [16ms]
2024-09-22 06:40:38.522 [info] > git status -z -uall [89ms]
2024-09-22 06:40:39.558 [info] > git check-ignore -v -z --stdin [92ms]
2024-09-22 06:40:40.580 [info] > git check-ignore -v -z --stdin [30ms]
2024-09-22 06:40:43.616 [info] > git remote --verbose [46ms]
2024-09-22 06:40:43.616 [info] > git for-each-ref --sort -committerdate --format %(refname) %(objectname) %(*objectname) [62ms]
2024-09-22 06:40:43.637 [info] > git config --get commit.template [24ms]
2024-09-22 06:40:43.650 [info] > git for-each-ref --format=%(refname)%00%(upstream:short)%00%(objectname)%00%(upstream:track)%00%(upstream:remotename)%00%(upstream:remoteref) refs/heads/master refs/remotes/master [15ms]
2024-09-22 06:40:43.667 [info] > git status -z -uall [83ms]
2024-09-22 06:40:48.748 [info] > git remote --verbose [44ms]
2024-09-22 06:40:48.749 [info] > git for-each-ref --sort -committerdate --format %(refname) %(objectname) %(*objectname) [58ms]
2024-09-22 06:40:48.768 [info] > git config --get commit.template [23ms]
2024-09-22 06:40:48.783 [info] > git for-each-ref --format=%(refname)%00%(upstream:short)%00%(objectname)%00%(upstream:track)%00%(upstream:remotename)%00%(upstream:remoteref) refs/heads/master refs/remotes/master [16ms]
2024-09-22 06:40:48.800 [info] > git status -z -uall [81ms]
2024-09-22 06:40:49.932 [info] > git show --textconv HEAD:.local/share/code-server/extensions/vadimcn.vscode-lldb-1.10.0/lldb/lib/python3.9/distutils/tests/test_build.py [31ms]
2024-09-22 06:40:49.936 [info] > git ls-tree -l HEAD -- /root/thsunest01/.local/share/code-server/extensions/vadimcn.vscode-lldb-1.10.0/lldb/lib/python3.9/distutils/tests/test_build.py [18ms]
2024-09-22 06:40:50.692 [info] > git check-ignore -v -z --stdin [268ms]
2024-09-22 06:40:52.469 [info] > git check-ignore -v -z --stdin [32ms]
2024-09-22 06:40:53.930 [info] > git remote --verbose [55ms]
2024-09-22 06:40:53.930 [info] > git for-each-ref --sort -committerdate --format %(refname) %(objectname) %(*objectname) [82ms]
2024-09-22 06:40:53.988 [info] > git config --get commit.template [65ms]
2024-09-22 06:40:54.000 [info] > git for-each-ref --format=%(refname)%00%(upstream:short)%00%(objectname)%00%(upstream:track)%00%(upstream:remotename)%00%(upstream:remoteref) refs/heads/master refs/remotes/master [25ms]
2024-09-22 06:40:54.043 [info] > git status -z -uall [146ms]
2024-09-22 06:40:58.935 [info] > git show --textconv HEAD:.local/share/code-server/extensions/vadimcn.vscode-lldb-1.10.0/lldb/lib/python3.9/distutils/command/__init__.py [35ms]
2024-09-22 06:40:58.952 [info] > git ls-tree -l HEAD -- /root/thsunest01/.local/share/code-server/extensions/vadimcn.vscode-lldb-1.10.0/lldb/lib/python3.9/distutils/command/__init__.py [34ms]
2024-09-22 06:40:59.112 [info] > git remote --verbose [18ms]
2024-09-22 06:40:59.112 [info] > git for-each-ref --sort -committerdate --format %(refname) %(objectname) %(*objectname) [35ms]
2024-09-22 06:40:59.202 [info] > git config --get commit.template [57ms]
2024-09-22 06:40:59.203 [info] > git for-each-ref --format=%(refname)%00%(upstream:short)%00%(objectname)%00%(upstream:track)%00%(upstream:remotename)%00%(upstream:remoteref) refs/heads/master refs/remotes/master [27ms]
2024-09-22 06:40:59.264 [info] > git status -z -uall [157ms]
2024-09-22 06:40:59.484 [info] > git check-ignore -v -z --stdin [29ms]
2024-09-22 06:41:01.363 [info] > git show --textconv HEAD:.local/share/code-server/extensions/vadimcn.vscode-lldb-1.10.0/lldb/lib/python3.9/distutils/command/bdist_wininst.py [23ms]
2024-09-22 06:41:01.374 [info] > git ls-tree -l HEAD -- /root/thsunest01/.local/share/code-server/extensions/vadimcn.vscode-lldb-1.10.0/lldb/lib/python3.9/distutils/command/bdist_wininst.py [17ms]
2024-09-22 06:41:01.919 [info] > git check-ignore -v -z --stdin [21ms]
2024-09-22 06:41:02.502 [info] > git show --textconv HEAD:.local/share/code-server/extensions/vadimcn.vscode-lldb-1.10.0/lldb/lib/python3.9/distutils/command/bdist_dumb.py [27ms]
2024-09-22 06:41:02.508 [info] > git ls-tree -l HEAD -- /root/thsunest01/.local/share/code-server/extensions/vadimcn.vscode-lldb-1.10.0/lldb/lib/python3.9/distutils/command/bdist_dumb.py [16ms]
2024-09-22 06:41:03.039 [info] > git check-ignore -v -z --stdin [15ms]
2024-09-22 06:41:04.383 [info] > git remote --verbose [53ms]
2024-09-22 06:41:04.383 [info] > git for-each-ref --sort -committerdate --format %(refname) %(objectname) %(*objectname) [87ms]
2024-09-22 06:41:04.414 [info] > git config --get commit.template [34ms]
2024-09-22 06:41:04.440 [info] > git check-ignore -v -z --stdin [30ms]
2024-09-22 06:41:04.452 [info] > git for-each-ref --format=%(refname)%00%(upstream:short)%00%(objectname)%00%(upstream:track)%00%(upstream:remotename)%00%(upstream:remoteref) refs/heads/master refs/remotes/master [13ms]
2024-09-22 06:41:04.459 [info] > git status -z -uall [107ms]
2024-09-22 06:41:04.637 [info] > git show --textconv HEAD:.local/share/code-server/extensions/vadimcn.vscode-lldb-1.10.0/lldb/lib/python3.9/ctypes/test/test_repr.py [101ms]
2024-09-22 06:41:04.638 [info] > git ls-tree -l HEAD -- /root/thsunest01/.local/share/code-server/extensions/vadimcn.vscode-lldb-1.10.0/lldb/lib/python3.9/ctypes/test/test_repr.py [68ms]
2024-09-22 06:41:07.023 [info] > git check-ignore -v -z --stdin [34ms]
2024-09-22 06:41:08.282 [info] > git check-ignore -v -z --stdin [50ms]
2024-09-22 06:41:09.132 [info] > git check-ignore -v -z --stdin [17ms]
2024-09-22 06:41:09.555 [info] > git for-each-ref --sort -committerdate --format %(refname) %(objectname) %(*objectname) [66ms]
2024-09-22 06:41:09.558 [info] > git remote --verbose [51ms]
2024-09-22 06:41:09.562 [info] > git config --get commit.template [11ms]
2024-09-22 06:41:09.589 [info] > git for-each-ref --format=%(refname)%00%(upstream:short)%00%(objectname)%00%(upstream:track)%00%(upstream:remotename)%00%(upstream:remoteref) refs/heads/master refs/remotes/master [8ms]
2024-09-22 06:41:09.600 [info] > git status -z -uall [70ms]
2024-09-22 06:41:10.586 [info] > git check-ignore -v -z --stdin [20ms]
2024-09-22 06:41:12.141 [info] > git check-ignore -v -z --stdin [33ms]
2024-09-22 06:41:12.542 [info] > git show --textconv HEAD:.local/share/code-server/extensions/vadimcn.vscode-lldb-1.10.0/lldb/lib/lldb-python/lldb/plugins/scripted_process.py [31ms]
2024-09-22 06:41:12.553 [info] > git ls-tree -l HEAD -- /root/thsunest01/.local/share/code-server/extensions/vadimcn.vscode-lldb-1.10.0/lldb/lib/lldb-python/lldb/plugins/scripted_process.py [19ms]
2024-09-22 06:41:13.077 [info] > git check-ignore -v -z --stdin [15ms]
2024-09-22 06:41:14.679 [info] > git remote --verbose [24ms]
2024-09-22 06:41:14.680 [info] > git for-each-ref --sort -committerdate --format %(refname) %(objectname) %(*objectname) [46ms]
2024-09-22 06:41:14.723 [info] > git config --get commit.template [24ms]
2024-09-22 06:41:14.737 [info] > git for-each-ref --format=%(refname)%00%(upstream:short)%00%(objectname)%00%(upstream:track)%00%(upstream:remotename)%00%(upstream:remoteref) refs/heads/master refs/remotes/master [12ms]
2024-09-22 06:41:14.752 [info] > git status -z -uall [76ms]
2024-09-22 06:41:14.988 [info] > git check-ignore -v -z --stdin [25ms]
2024-09-22 06:41:17.107 [info] > git check-ignore -v -z --stdin [26ms]
2024-09-22 06:41:17.780 [info] > git check-ignore -v -z --stdin [14ms]
2024-09-22 06:41:19.841 [info] > git remote --verbose [43ms]
2024-09-22 06:41:19.842 [info] > git for-each-ref --sort -committerdate --format %(refname) %(objectname) %(*objectname) [62ms]
2024-09-22 06:41:19.869 [info] > git config --get commit.template [34ms]
2024-09-22 06:41:19.877 [info] > git for-each-ref --format=%(refname)%00%(upstream:short)%00%(objectname)%00%(upstream:track)%00%(upstream:remotename)%00%(upstream:remoteref) refs/heads/master refs/remotes/master [11ms]
2024-09-22 06:41:19.886 [info] > git status -z -uall [72ms]
2024-09-22 06:41:21.890 [info] > git check-ignore -v -z --stdin [110ms]
2024-09-22 06:41:25.026 [info] > git remote --verbose [51ms]
2024-09-22 06:41:25.027 [info] > git for-each-ref --sort -committerdate --format %(refname) %(objectname) %(*objectname) [84ms]
2024-09-22 06:41:25.053 [info] > git config --get commit.template [29ms]
2024-09-22 06:41:25.085 [info] > git check-ignore -v -z --stdin [34ms]
2024-09-22 06:41:25.101 [info] > git for-each-ref --format=%(refname)%00%(upstream:short)%00%(objectname)%00%(upstream:track)%00%(upstream:remotename)%00%(upstream:remoteref) refs/heads/master refs/remotes/master [24ms]
2024-09-22 06:41:25.107 [info] > git status -z -uall [109ms]
2024-09-22 06:41:30.219 [info] > git remote --verbose [54ms]
2024-09-22 06:41:30.221 [info] > git for-each-ref --sort -committerdate --format %(refname) %(objectname) %(*objectname) [76ms]
2024-09-22 06:41:30.246 [info] > git config --get commit.template [33ms]
2024-09-22 06:41:30.252 [info] > git for-each-ref --format=%(refname)%00%(upstream:short)%00%(objectname)%00%(upstream:track)%00%(upstream:remotename)%00%(upstream:remoteref) refs/heads/master refs/remotes/master [7ms]
2024-09-22 06:41:30.261 [info] > git status -z -uall [73ms]
2024-09-22 06:41:35.068 [info] > git check-ignore -v -z --stdin [17ms]
2024-09-22 06:41:35.356 [info] > git remote --verbose [48ms]
2024-09-22 06:41:35.356 [info] > git for-each-ref --sort -committerdate --format %(refname) %(objectname) %(*objectname) [69ms]
2024-09-22 06:41:35.388 [info] > git config --get commit.template [33ms]
2024-09-22 06:41:35.401 [info] > git for-each-ref --format=%(refname)%00%(upstream:short)%00%(objectname)%00%(upstream:track)%00%(upstream:remotename)%00%(upstream:remoteref) refs/heads/master refs/remotes/master [18ms]
2024-09-22 06:41:35.425 [info] > git status -z -uall [100ms]
2024-09-22 06:41:35.941 [info] > git check-ignore -v -z --stdin [16ms]
2024-09-22 06:41:37.174 [info] > git check-ignore -v -z --stdin [18ms]
2024-09-22 06:41:37.838 [info] > git check-ignore -v -z --stdin [20ms]
2024-09-22 06:41:40.532 [info] > git remote --verbose [46ms]
2024-09-22 06:41:40.533 [info] > git for-each-ref --sort -committerdate --format %(refname) %(objectname) %(*objectname) [68ms]
2024-09-22 06:41:40.564 [info] > git config --get commit.template [33ms]
2024-09-22 06:41:40.575 [info] > git for-each-ref --format=%(refname)%00%(upstream:short)%00%(objectname)%00%(upstream:track)%00%(upstream:remotename)%00%(upstream:remoteref) refs/heads/master refs/remotes/master [16ms]
2024-09-22 06:41:40.591 [info] > git status -z -uall [85ms]
2024-09-22 06:41:41.937 [info] > git show --textconv HEAD:c/栈.c++ [61ms]
2024-09-22 06:41:41.966 [info] > git ls-tree -l HEAD -- /root/thsunest01/c/栈.c++ [55ms]
2024-09-22 06:41:45.318 [info] > git check-ignore -v -z --stdin [39ms]
2024-09-22 06:41:45.693 [info] > git remote --verbose [40ms]
2024-09-22 06:41:45.694 [info] > git for-each-ref --sort -committerdate --format %(refname) %(objectname) %(*objectname) [61ms]
2024-09-22 06:41:45.728 [info] > git config --get commit.template [37ms]
2024-09-22 06:41:45.736 [info] > git for-each-ref --format=%(refname)%00%(upstream:short)%00%(objectname)%00%(upstream:track)%00%(upstream:remotename)%00%(upstream:remoteref) refs/heads/master refs/remotes/master [11ms]
2024-09-22 06:41:45.753 [info] > git status -z -uall [81ms]
2024-09-22 06:41:48.105 [info] > git show --textconv :c/栈.c++ [18ms]
2024-09-22 06:41:48.117 [info] > git ls-files --stage -- /root/thsunest01/c/栈.c++ [13ms]
2024-09-22 06:41:48.150 [info] > git cat-file -s e8adbfb3b6de1a38a89747d7619caf3890de1239 [13ms]
2024-09-22 06:41:49.030 [info] > git show --textconv :c/LinkList.c++ [26ms]
2024-09-22 06:41:49.043 [info] > git ls-files --stage -- /root/thsunest01/c/LinkList.c++ [14ms]
2024-09-22 06:41:49.078 [info] > git cat-file -s bf3d8a5b9ea3a471f71e804ba3de308c72bc26c8 [14ms]
2024-09-22 06:41:50.839 [info] > git remote --verbose [24ms]
2024-09-22 06:41:50.839 [info] > git for-each-ref --sort -committerdate --format %(refname) %(objectname) %(*objectname) [48ms]
2024-09-22 06:41:50.893 [info] > git config --get commit.template [32ms]
2024-09-22 06:41:50.905 [info] > git for-each-ref --format=%(refname)%00%(upstream:short)%00%(objectname)%00%(upstream:track)%00%(upstream:remotename)%00%(upstream:remoteref) refs/heads/master refs/remotes/master [15ms]
2024-09-22 06:41:50.945 [info] > git status -z -uall [109ms]
2024-09-22 06:41:50.945 [info] > git show --textconv :c/栈.c++ [17ms]
2024-09-22 06:41:50.956 [info] > git ls-files --stage -- /root/thsunest01/c/栈.c++ [12ms]
2024-09-22 06:41:50.987 [info] > git cat-file -s e8adbfb3b6de1a38a89747d7619caf3890de1239 [11ms]
2024-09-22 06:41:56.038 [info] > git remote --verbose [37ms]
2024-09-22 06:41:56.038 [info] > git for-each-ref --sort -committerdate --format %(refname) %(objectname) %(*objectname) [57ms]
2024-09-22 06:41:56.062 [info] > git config --get commit.template [29ms]
2024-09-22 06:41:56.073 [info] > git for-each-ref --format=%(refname)%00%(upstream:short)%00%(objectname)%00%(upstream:track)%00%(upstream:remotename)%00%(upstream:remoteref) refs/heads/master refs/remotes/master [13ms]
2024-09-22 06:41:56.108 [info] > git status -z -uall [94ms]
2024-09-22 06:42:01.213 [info] > git remote --verbose [44ms]
2024-09-22 06:42:01.214 [info] > git for-each-ref --sort -committerdate --format %(refname) %(objectname) %(*objectname) [66ms]
2024-09-22 06:42:01.218 [info] > git config --get commit.template [12ms]
2024-09-22 06:42:01.252 [info] > git for-each-ref --format=%(refname)%00%(upstream:short)%00%(objectname)%00%(upstream:track)%00%(upstream:remotename)%00%(upstream:remoteref) refs/heads/master refs/remotes/master [13ms]
2024-09-22 06:42:01.265 [info] > git status -z -uall [81ms]
2024-09-22 06:42:06.386 [info] > git remote --verbose [48ms]
2024-09-22 06:42:06.387 [info] > git for-each-ref --sort -committerdate --format %(refname) %(objectname) %(*objectname) [77ms]
2024-09-22 06:42:06.414 [info] > git config --get commit.template [31ms]
2024-09-22 06:42:06.423 [info] > git for-each-ref --format=%(refname)%00%(upstream:short)%00%(objectname)%00%(upstream:track)%00%(upstream:remotename)%00%(upstream:remoteref) refs/heads/master refs/remotes/master [10ms]
2024-09-22 06:42:06.440 [info] > git status -z -uall [83ms]
2024-09-22 06:42:11.568 [info] > git remote --verbose [53ms]
2024-09-22 06:42:11.569 [info] > git for-each-ref --sort -committerdate --format %(refname) %(objectname) %(*objectname) [84ms]
2024-09-22 06:42:11.580 [info] > git config --get commit.template [18ms]
2024-09-22 06:42:11.627 [info] > git for-each-ref --format=%(refname)%00%(upstream:short)%00%(objectname)%00%(upstream:track)%00%(upstream:remotename)%00%(upstream:remoteref) refs/heads/master refs/remotes/master [22ms]
2024-09-22 06:42:11.674 [info] > git status -z -uall [139ms]
2024-09-22 06:42:16.813 [info] > git remote --verbose [62ms]
2024-09-22 06:42:16.814 [info] > git for-each-ref --sort -committerdate --format %(refname) %(objectname) %(*objectname) [88ms]
2024-09-22 06:42:16.849 [info] > git config --get commit.template [40ms]
2024-09-22 06:42:16.866 [info] > git for-each-ref --format=%(refname)%00%(upstream:short)%00%(objectname)%00%(upstream:track)%00%(upstream:remotename)%00%(upstream:remoteref) refs/heads/master refs/remotes/master [20ms]
2024-09-22 06:42:16.896 [info] > git status -z -uall [122ms]
2024-09-22 06:42:21.989 [info] > git remote --verbose [32ms]
2024-09-22 06:42:21.990 [info] > git for-each-ref --sort -committerdate --format %(refname) %(objectname) %(*objectname) [54ms]
2024-09-22 06:42:22.051 [info] > git config --get commit.template [39ms]
2024-09-22 06:42:22.054 [info] > git for-each-ref --format=%(refname)%00%(upstream:short)%00%(objectname)%00%(upstream:track)%00%(upstream:remotename)%00%(upstream:remoteref) refs/heads/master refs/remotes/master [12ms]
2024-09-22 06:42:22.070 [info] > git status -z -uall [93ms]
2024-09-22 06:42:27.169 [info] > git remote --verbose [35ms]
2024-09-22 06:42:27.170 [info] > git for-each-ref --sort -committerdate --format %(refname) %(objectname) %(*objectname) [58ms]
2024-09-22 06:42:27.197 [info] > git config --get commit.template [30ms]
2024-09-22 06:42:27.210 [info] > git for-each-ref --format=%(refname)%00%(upstream:short)%00%(objectname)%00%(upstream:track)%00%(upstream:remotename)%00%(upstream:remoteref) refs/heads/master refs/remotes/master [18ms]
2024-09-22 06:42:27.233 [info] > git status -z -uall [84ms]
2024-09-22 06:42:32.350 [info] > git remote --verbose [46ms]
2024-09-22 06:42:32.350 [info] > git for-each-ref --sort -committerdate --format %(refname) %(objectname) %(*objectname) [72ms]
2024-09-22 06:42:32.388 [info] > git config --get commit.template [41ms]
2024-09-22 06:42:32.411 [info] > git for-each-ref --format=%(refname)%00%(upstream:short)%00%(objectname)%00%(upstream:track)%00%(upstream:remotename)%00%(upstream:remoteref) refs/heads/master refs/remotes/master [30ms]
2024-09-22 06:42:32.463 [info] > git status -z -uall [141ms]
2024-09-22 06:42:37.564 [info] > git remote --verbose [42ms]
2024-09-22 06:42:37.564 [info] > git for-each-ref --sort -committerdate --format %(refname) %(objectname) %(*objectname) [64ms]
2024-09-22 06:42:37.596 [info] > git config --get commit.template [36ms]
2024-09-22 06:42:37.604 [info] > git for-each-ref --format=%(refname)%00%(upstream:short)%00%(objectname)%00%(upstream:track)%00%(upstream:remotename)%00%(upstream:remoteref) refs/heads/master refs/remotes/master [16ms]
2024-09-22 06:42:37.623 [info] > git status -z -uall [81ms]
2024-09-22 06:42:42.760 [info] > git remote --verbose [57ms]
2024-09-22 06:42:42.761 [info] > git for-each-ref --sort -committerdate --format %(refname) %(objectname) %(*objectname) [86ms]
2024-09-22 06:42:42.797 [info] > git config --get commit.template [45ms]
2024-09-22 06:42:42.813 [info] > git for-each-ref --format=%(refname)%00%(upstream:short)%00%(objectname)%00%(upstream:track)%00%(upstream:remotename)%00%(upstream:remoteref) refs/heads/master refs/remotes/master [19ms]
2024-09-22 06:42:42.845 [info] > git status -z -uall [119ms]
2024-09-22 06:42:47.944 [info] > git remote --verbose [44ms]
2024-09-22 06:42:47.945 [info] > git for-each-ref --sort -committerdate --format %(refname) %(objectname) %(*objectname) [64ms]
2024-09-22 06:42:47.968 [info] > git config --get commit.template [26ms]
2024-09-22 06:42:47.980 [info] > git for-each-ref --format=%(refname)%00%(upstream:short)%00%(objectname)%00%(upstream:track)%00%(upstream:remotename)%00%(upstream:remoteref) refs/heads/master refs/remotes/master [15ms]
2024-09-22 06:42:47.993 [info] > git status -z -uall [74ms]
2024-09-22 06:42:53.099 [info] > git remote --verbose [45ms]
2024-09-22 06:42:53.099 [info] > git for-each-ref --sort -committerdate --format %(refname) %(objectname) %(*objectname) [68ms]
2024-09-22 06:42:53.127 [info] > git config --get commit.template [30ms]
2024-09-22 06:42:53.140 [info] > git for-each-ref --format=%(refname)%00%(upstream:short)%00%(objectname)%00%(upstream:track)%00%(upstream:remotename)%00%(upstream:remoteref) refs/heads/master refs/remotes/master [15ms]
2024-09-22 06:42:53.167 [info] > git status -z -uall [91ms]
2024-09-22 06:42:58.292 [info] > git remote --verbose [56ms]
2024-09-22 06:42:58.292 [info] > git for-each-ref --sort -committerdate --format %(refname) %(objectname) %(*objectname) [83ms]
2024-09-22 06:42:58.294 [info] > git config --get commit.template [11ms]
2024-09-22 06:42:58.323 [info] > git for-each-ref --format=%(refname)%00%(upstream:short)%00%(objectname)%00%(upstream:track)%00%(upstream:remotename)%00%(upstream:remoteref) refs/heads/master refs/remotes/master [9ms]
2024-09-22 06:42:58.336 [info] > git status -z -uall [83ms]
2024-09-22 06:43:03.569 [info] > git remote --verbose [48ms]
2024-09-22 06:43:03.570 [info] > git for-each-ref --sort -committerdate --format %(refname) %(objectname) %(*objectname) [74ms]
2024-09-22 06:43:03.591 [info] > git config --get commit.template [26ms]
2024-09-22 06:43:03.599 [info] > git for-each-ref --format=%(refname)%00%(upstream:short)%00%(objectname)%00%(upstream:track)%00%(upstream:remotename)%00%(upstream:remoteref) refs/heads/master refs/remotes/master [10ms]
2024-09-22 06:43:03.629 [info] > git status -z -uall [88ms]
2024-09-22 06:43:08.769 [info] > git remote --verbose [58ms]
2024-09-22 06:43:08.769 [info] > git for-each-ref --sort -committerdate --format %(refname) %(objectname) %(*objectname) [86ms]
2024-09-22 06:43:08.776 [info] > git config --get commit.template [17ms]
2024-09-22 06:43:08.833 [info] > git for-each-ref --format=%(refname)%00%(upstream:short)%00%(objectname)%00%(upstream:track)%00%(upstream:remotename)%00%(upstream:remoteref) refs/heads/master refs/remotes/master [22ms]
2024-09-22 06:43:08.874 [info] > git status -z -uall [142ms]
2024-09-22 06:43:13.997 [info] > git remote --verbose [48ms]
2024-09-22 06:43:13.998 [info] > git for-each-ref --sort -committerdate --format %(refname) %(objectname) %(*objectname) [75ms]
2024-09-22 06:43:14.031 [info] > git config --get commit.template [39ms]
2024-09-22 06:43:14.054 [info] > git for-each-ref --format=%(refname)%00%(upstream:short)%00%(objectname)%00%(upstream:track)%00%(upstream:remotename)%00%(upstream:remoteref) refs/heads/master refs/remotes/master [26ms]
2024-09-22 06:43:14.097 [info] > git status -z -uall [129ms]
2024-09-22 06:43:19.189 [info] > git remote --verbose [36ms]
2024-09-22 06:43:19.190 [info] > git for-each-ref --sort -committerdate --format %(refname) %(objectname) %(*objectname) [55ms]
2024-09-22 06:43:19.212 [info] > git config --get commit.template [25ms]
2024-09-22 06:43:19.222 [info] > git for-each-ref --format=%(refname)%00%(upstream:short)%00%(objectname)%00%(upstream:track)%00%(upstream:remotename)%00%(upstream:remoteref) refs/heads/master refs/remotes/master [12ms]
2024-09-22 06:43:19.259 [info] > git status -z -uall [90ms]
2024-09-22 06:43:24.394 [info] > git remote --verbose [57ms]
2024-09-22 06:43:24.396 [info] > git for-each-ref --sort -committerdate --format %(refname) %(objectname) %(*objectname) [86ms]
2024-09-22 06:43:24.438 [info] > git config --get commit.template [48ms]
2024-09-22 06:43:24.461 [info] > git for-each-ref --format=%(refname)%00%(upstream:short)%00%(objectname)%00%(upstream:track)%00%(upstream:remotename)%00%(upstream:remoteref) refs/heads/master refs/remotes/master [30ms]
2024-09-22 06:43:24.503 [info] > git status -z -uall [144ms]
2024-09-22 06:43:29.632 [info] > git remote --verbose [54ms]
2024-09-22 06:43:29.633 [info] > git for-each-ref --sort -committerdate --format %(refname) %(objectname) %(*objectname) [79ms]
2024-09-22 06:43:29.666 [info] > git config --get commit.template [40ms]
2024-09-22 06:43:29.680 [info] > git for-each-ref --format=%(refname)%00%(upstream:short)%00%(objectname)%00%(upstream:track)%00%(upstream:remotename)%00%(upstream:remoteref) refs/heads/master refs/remotes/master [17ms]
2024-09-22 06:43:29.703 [info] > git status -z -uall [102ms]
2024-09-22 06:43:34.831 [info] > git remote --verbose [51ms]
2024-09-22 06:43:34.832 [info] > git for-each-ref --sort -committerdate --format %(refname) %(objectname) %(*objectname) [80ms]
2024-09-22 06:43:34.881 [info] > git config --get commit.template [52ms]
2024-09-22 06:43:34.883 [info] > git for-each-ref --format=%(refname)%00%(upstream:short)%00%(objectname)%00%(upstream:track)%00%(upstream:remotename)%00%(upstream:remoteref) refs/heads/master refs/remotes/master [22ms]
2024-09-22 06:43:34.922 [info] > git status -z -uall [120ms]
2024-09-22 06:43:40.048 [info] > git remote --verbose [51ms]
2024-09-22 06:43:40.049 [info] > git for-each-ref --sort -committerdate --format %(refname) %(objectname) %(*objectname) [77ms]
2024-09-22 06:43:40.100 [info] > git config --get commit.template [57ms]
2024-09-22 06:43:40.120 [info] > git for-each-ref --format=%(refname)%00%(upstream:short)%00%(objectname)%00%(upstream:track)%00%(upstream:remotename)%00%(upstream:remoteref) refs/heads/master refs/remotes/master [29ms]
2024-09-22 06:43:40.163 [info] > git status -z -uall [145ms]
2024-09-22 06:43:45.308 [info] > git remote --verbose [45ms]
2024-09-22 06:43:45.308 [info] > git for-each-ref --sort -committerdate --format %(refname) %(objectname) %(*objectname) [74ms]
2024-09-22 06:43:45.342 [info] > git config --get commit.template [37ms]
2024-09-22 06:43:45.356 [info] > git for-each-ref --format=%(refname)%00%(upstream:short)%00%(objectname)%00%(upstream:track)%00%(upstream:remotename)%00%(upstream:remoteref) refs/heads/master refs/remotes/master [16ms]
2024-09-22 06:43:45.393 [info] > git status -z -uall [109ms]
2024-09-22 06:43:50.513 [info] > git remote --verbose [47ms]
2024-09-22 06:43:50.514 [info] > git for-each-ref --sort -committerdate --format %(refname) %(objectname) %(*objectname) [71ms]
2024-09-22 06:43:50.551 [info] > git config --get commit.template [40ms]
2024-09-22 06:43:50.569 [info] > git for-each-ref --format=%(refname)%00%(upstream:short)%00%(objectname)%00%(upstream:track)%00%(upstream:remotename)%00%(upstream:remoteref) refs/heads/master refs/remotes/master [23ms]
2024-09-22 06:43:50.593 [info] > git status -z -uall [106ms]
2024-09-22 06:43:55.676 [info] > git remote --verbose [37ms]
2024-09-22 06:43:55.676 [info] > git for-each-ref --sort -committerdate --format %(refname) %(objectname) %(*objectname) [53ms]
2024-09-22 06:43:55.706 [info] > git config --get commit.template [34ms]
2024-09-22 06:43:55.718 [info] > git for-each-ref --format=%(refname)%00%(upstream:short)%00%(objectname)%00%(upstream:track)%00%(upstream:remotename)%00%(upstream:remoteref) refs/heads/master refs/remotes/master [14ms]
2024-09-22 06:43:55.744 [info] > git status -z -uall [90ms]
2024-09-22 06:44:00.874 [info] > git remote --verbose [64ms]
2024-09-22 06:44:00.875 [info] > git for-each-ref --sort -committerdate --format %(refname) %(objectname) %(*objectname) [90ms]
2024-09-22 06:44:00.904 [info] > git config --get commit.template [34ms]
2024-09-22 06:44:00.916 [info] > git for-each-ref --format=%(refname)%00%(upstream:short)%00%(objectname)%00%(upstream:track)%00%(upstream:remotename)%00%(upstream:remoteref) refs/heads/master refs/remotes/master [13ms]
2024-09-22 06:44:00.941 [info] > git status -z -uall [111ms]
2024-09-22 06:44:06.061 [info] > git remote --verbose [47ms]
2024-09-22 06:44:06.062 [info] > git for-each-ref --sort -committerdate --format %(refname) %(objectname) %(*objectname) [79ms]
2024-09-22 06:44:06.105 [info] > git config --get commit.template [53ms]
2024-09-22 06:44:06.122 [info] > git for-each-ref --format=%(refname)%00%(upstream:short)%00%(objectname)%00%(upstream:track)%00%(upstream:remotename)%00%(upstream:remoteref) refs/heads/master refs/remotes/master [20ms]
2024-09-22 06:44:06.157 [info] > git status -z -uall [128ms]
2024-09-22 06:44:11.285 [info] > git remote --verbose [45ms]
2024-09-22 06:44:11.286 [info] > git for-each-ref --sort -committerdate --format %(refname) %(objectname) %(*objectname) [72ms]
2024-09-22 06:44:11.317 [info] > git config --get commit.template [34ms]
2024-09-22 06:44:11.336 [info] > git for-each-ref --format=%(refname)%00%(upstream:short)%00%(objectname)%00%(upstream:track)%00%(upstream:remotename)%00%(upstream:remoteref) refs/heads/master refs/remotes/master [23ms]
2024-09-22 06:44:11.379 [info] > git status -z -uall [120ms]
2024-09-22 06:44:16.507 [info] > git remote --verbose [45ms]
2024-09-22 06:44:16.508 [info] > git for-each-ref --sort -committerdate --format %(refname) %(objectname) %(*objectname) [71ms]
2024-09-22 06:44:16.536 [info] > git config --get commit.template [32ms]
2024-09-22 06:44:16.551 [info] > git for-each-ref --format=%(refname)%00%(upstream:short)%00%(objectname)%00%(upstream:track)%00%(upstream:remotename)%00%(upstream:remoteref) refs/heads/master refs/remotes/master [18ms]
2024-09-22 06:44:16.574 [info] > git status -z -uall [94ms]
2024-09-22 06:44:21.691 [info] > git remote --verbose [49ms]
2024-09-22 06:44:21.692 [info] > git for-each-ref --sort -committerdate --format %(refname) %(objectname) %(*objectname) [76ms]
2024-09-22 06:44:21.728 [info] > git config --get commit.template [40ms]
2024-09-22 06:44:21.737 [info] > git for-each-ref --format=%(refname)%00%(upstream:short)%00%(objectname)%00%(upstream:track)%00%(upstream:remotename)%00%(upstream:remoteref) refs/heads/master refs/remotes/master [13ms]
2024-09-22 06:44:21.764 [info] > git status -z -uall [99ms]
2024-09-22 06:44:26.891 [info] > git remote --verbose [50ms]
2024-09-22 06:44:26.892 [info] > git for-each-ref --sort -committerdate --format %(refname) %(objectname) %(*objectname) [82ms]
2024-09-22 06:44:26.923 [info] > git config --get commit.template [35ms]
2024-09-22 06:44:26.951 [info] > git for-each-ref --format=%(refname)%00%(upstream:short)%00%(objectname)%00%(upstream:track)%00%(upstream:remotename)%00%(upstream:remoteref) refs/heads/master refs/remotes/master [31ms]
2024-09-22 06:44:26.977 [info] > git status -z -uall [114ms]
2024-09-22 06:44:32.109 [info] > git remote --verbose [49ms]
2024-09-22 06:44:32.109 [info] > git for-each-ref --sort -committerdate --format %(refname) %(objectname) %(*objectname) [78ms]
2024-09-22 06:44:32.137 [info] > git config --get commit.template [30ms]
2024-09-22 06:44:32.153 [info] > git for-each-ref --format=%(refname)%00%(upstream:short)%00%(objectname)%00%(upstream:track)%00%(upstream:remotename)%00%(upstream:remoteref) refs/heads/master refs/remotes/master [18ms]
2024-09-22 06:44:32.195 [info] > git status -z -uall [113ms]
2024-09-22 06:44:37.305 [info] > git remote --verbose [24ms]
2024-09-22 06:44:37.306 [info] > git for-each-ref --sort -committerdate --format %(refname) %(objectname) %(*objectname) [52ms]
2024-09-22 06:44:37.351 [info] > git config --get commit.template [25ms]
2024-09-22 06:44:37.368 [info] > git for-each-ref --format=%(refname)%00%(upstream:short)%00%(objectname)%00%(upstream:track)%00%(upstream:remotename)%00%(upstream:remoteref) refs/heads/master refs/remotes/master [20ms]
2024-09-22 06:44:37.400 [info] > git status -z -uall [100ms]
2024-09-22 06:44:42.538 [info] > git remote --verbose [58ms]
2024-09-22 06:44:42.539 [info] > git for-each-ref --sort -committerdate --format %(refname) %(objectname) %(*objectname) [86ms]
2024-09-22 06:44:42.572 [info] > git config --get commit.template [43ms]
2024-09-22 06:44:42.589 [info] > git for-each-ref --format=%(refname)%00%(upstream:short)%00%(objectname)%00%(upstream:track)%00%(upstream:remotename)%00%(upstream:remoteref) refs/heads/master refs/remotes/master [21ms]
2024-09-22 06:44:42.629 [info] > git status -z -uall [125ms]
2024-09-22 06:44:47.758 [info] > git remote --verbose [50ms]
2024-09-22 06:44:47.759 [info] > git for-each-ref --sort -committerdate --format %(refname) %(objectname) %(*objectname) [76ms]
2024-09-22 06:44:47.797 [info] > git config --get commit.template [44ms]
2024-09-22 06:44:47.814 [info] > git for-each-ref --format=%(refname)%00%(upstream:short)%00%(objectname)%00%(upstream:track)%00%(upstream:remotename)%00%(upstream:remoteref) refs/heads/master refs/remotes/master [21ms]
2024-09-22 06:44:47.841 [info] > git status -z -uall [112ms]
2024-09-22 06:44:52.961 [info] > git remote --verbose [49ms]
2024-09-22 06:44:52.962 [info] > git for-each-ref --sort -committerdate --format %(refname) %(objectname) %(*objectname) [75ms]
2024-09-22 06:44:53.008 [info] > git config --get commit.template [49ms]
2024-09-22 06:44:53.026 [info] > git for-each-ref --format=%(refname)%00%(upstream:short)%00%(objectname)%00%(upstream:track)%00%(upstream:remotename)%00%(upstream:remoteref) refs/heads/master refs/remotes/master [21ms]
2024-09-22 06:44:53.042 [info] > git status -z -uall [108ms]
2024-09-22 06:44:58.168 [info] > git remote --verbose [44ms]
2024-09-22 06:44:58.168 [info] > git for-each-ref --sort -committerdate --format %(refname) %(objectname) %(*objectname) [69ms]
2024-09-22 06:44:58.200 [info] > git config --get commit.template [36ms]
2024-09-22 06:44:58.223 [info] > git for-each-ref --format=%(refname)%00%(upstream:short)%00%(objectname)%00%(upstream:track)%00%(upstream:remotename)%00%(upstream:remoteref) refs/heads/master refs/remotes/master [30ms]
2024-09-22 06:44:58.270 [info] > git status -z -uall [128ms]
2024-09-22 06:45:03.384 [info] > git remote --verbose [42ms]
2024-09-22 06:45:03.384 [info] > git for-each-ref --sort -committerdate --format %(refname) %(objectname) %(*objectname) [68ms]
2024-09-22 06:45:03.413 [info] > git config --get commit.template [31ms]
2024-09-22 06:45:03.428 [info] > git for-each-ref --format=%(refname)%00%(upstream:short)%00%(objectname)%00%(upstream:track)%00%(upstream:remotename)%00%(upstream:remoteref) refs/heads/master refs/remotes/master [18ms]
2024-09-22 06:45:03.462 [info] > git status -z -uall [100ms]
2024-09-22 06:45:08.591 [info] > git remote --verbose [47ms]
2024-09-22 06:45:08.592 [info] > git for-each-ref --sort -committerdate --format %(refname) %(objectname) %(*objectname) [72ms]
2024-09-22 06:45:08.623 [info] > git config --get commit.template [34ms]
2024-09-22 06:45:08.635 [info] > git for-each-ref --format=%(refname)%00%(upstream:short)%00%(objectname)%00%(upstream:track)%00%(upstream:remotename)%00%(upstream:remoteref) refs/heads/master refs/remotes/master [13ms]
2024-09-22 06:45:08.654 [info] > git status -z -uall [88ms]
2024-09-22 06:45:13.780 [info] > git remote --verbose [51ms]
2024-09-22 06:45:13.781 [info] > git for-each-ref --sort -committerdate --format %(refname) %(objectname) %(*objectname) [79ms]
2024-09-22 06:45:13.815 [info] > git config --get commit.template [38ms]
2024-09-22 06:45:13.841 [info] > git for-each-ref --format=%(refname)%00%(upstream:short)%00%(objectname)%00%(upstream:track)%00%(upstream:remotename)%00%(upstream:remoteref) refs/heads/master refs/remotes/master [30ms]
2024-09-22 06:45:13.874 [info] > git status -z -uall [122ms]
2024-09-22 06:45:19.021 [info] > git remote --verbose [65ms]
2024-09-22 06:45:19.021 [info] > git for-each-ref --sort -committerdate --format %(refname) %(objectname) %(*objectname) [93ms]
2024-09-22 06:45:19.026 [info] > git config --get commit.template [16ms]
2024-09-22 06:45:19.072 [info] > git for-each-ref --format=%(refname)%00%(upstream:short)%00%(objectname)%00%(upstream:track)%00%(upstream:remotename)%00%(upstream:remoteref) refs/heads/master refs/remotes/master [16ms]
2024-09-22 06:45:19.109 [info] > git status -z -uall [130ms]
2024-09-22 06:45:24.236 [info] > git remote --verbose [51ms]
2024-09-22 06:45:24.237 [info] > git for-each-ref --sort -committerdate --format %(refname) %(objectname) %(*objectname) [78ms]
2024-09-22 06:45:24.277 [info] > git config --get commit.template [44ms]
2024-09-22 06:45:24.286 [info] > git for-each-ref --format=%(refname)%00%(upstream:short)%00%(objectname)%00%(upstream:track)%00%(upstream:remotename)%00%(upstream:remoteref) refs/heads/master refs/remotes/master [14ms]
2024-09-22 06:45:24.324 [info] > git status -z -uall [114ms]
2024-09-22 06:45:29.443 [info] > git remote --verbose [44ms]
2024-09-22 06:45:29.443 [info] > git for-each-ref --sort -committerdate --format %(refname) %(objectname) %(*objectname) [67ms]
2024-09-22 06:45:29.475 [info] > git config --get commit.template [35ms]
2024-09-22 06:45:29.496 [info] > git for-each-ref --format=%(refname)%00%(upstream:short)%00%(objectname)%00%(upstream:track)%00%(upstream:remotename)%00%(upstream:remoteref) refs/heads/master refs/remotes/master [23ms]
2024-09-22 06:45:29.516 [info] > git status -z -uall [99ms]
2024-09-22 06:45:34.643 [info] > git remote --verbose [47ms]
2024-09-22 06:45:34.644 [info] > git for-each-ref --sort -committerdate --format %(refname) %(objectname) %(*objectname) [74ms]
2024-09-22 06:45:34.676 [info] > git config --get commit.template [35ms]
2024-09-22 06:45:34.693 [info] > git for-each-ref --format=%(refname)%00%(upstream:short)%00%(objectname)%00%(upstream:track)%00%(upstream:remotename)%00%(upstream:remoteref) refs/heads/master refs/remotes/master [19ms]
2024-09-22 06:45:34.727 [info] > git status -z -uall [110ms]
2024-09-22 06:45:39.859 [info] > git remote --verbose [50ms]
2024-09-22 06:45:39.860 [info] > git for-each-ref --sort -committerdate --format %(refname) %(objectname) %(*objectname) [78ms]
2024-09-22 06:45:39.888 [info] > git config --get commit.template [32ms]
2024-09-22 06:45:39.904 [info] > git for-each-ref --format=%(refname)%00%(upstream:short)%00%(objectname)%00%(upstream:track)%00%(upstream:remotename)%00%(upstream:remoteref) refs/heads/master refs/remotes/master [18ms]
2024-09-22 06:45:39.937 [info] > git status -z -uall [104ms]
2024-09-22 06:45:45.096 [info] > git remote --verbose [56ms]
2024-09-22 06:45:45.096 [info] > git for-each-ref --sort -committerdate --format %(refname) %(objectname) %(*objectname) [87ms]
2024-09-22 06:45:45.162 [info] > git config --get commit.template [65ms]
2024-09-22 06:45:45.168 [info] > git for-each-ref --format=%(refname)%00%(upstream:short)%00%(objectname)%00%(upstream:track)%00%(upstream:remotename)%00%(upstream:remoteref) refs/heads/master refs/remotes/master [15ms]
2024-09-22 06:45:45.175 [info] > git status -z -uall [107ms]
2024-09-22 06:45:50.285 [info] > git remote --verbose [42ms]
2024-09-22 06:45:50.286 [info] > git for-each-ref --sort -committerdate --format %(refname) %(objectname) %(*objectname) [65ms]
2024-09-22 06:45:50.328 [info] > git config --get commit.template [45ms]
2024-09-22 06:45:50.344 [info] > git for-each-ref --format=%(refname)%00%(upstream:short)%00%(objectname)%00%(upstream:track)%00%(upstream:remotename)%00%(upstream:remoteref) refs/heads/master refs/remotes/master [26ms]
2024-09-22 06:45:50.387 [info] > git status -z -uall [127ms]
2024-09-22 06:45:55.523 [info] > git remote --verbose [54ms]
2024-09-22 06:45:55.524 [info] > git for-each-ref --sort -committerdate --format %(refname) %(objectname) %(*objectname) [80ms]
2024-09-22 06:45:55.574 [info] > git config --get commit.template [55ms]
2024-09-22 06:45:55.596 [info] > git for-each-ref --format=%(refname)%00%(upstream:short)%00%(objectname)%00%(upstream:track)%00%(upstream:remotename)%00%(upstream:remoteref) refs/heads/master refs/remotes/master [33ms]
2024-09-22 06:45:55.624 [info] > git status -z -uall [136ms]
2024-09-22 06:46:00.746 [info] > git remote --verbose [45ms]
2024-09-22 06:46:00.747 [info] > git for-each-ref --sort -committerdate --format %(refname) %(objectname) %(*objectname) [69ms]
2024-09-22 06:46:00.774 [info] > git config --get commit.template [31ms]
2024-09-22 06:46:00.791 [info] > git for-each-ref --format=%(refname)%00%(upstream:short)%00%(objectname)%00%(upstream:track)%00%(upstream:remotename)%00%(upstream:remoteref) refs/heads/master refs/remotes/master [19ms]
2024-09-22 06:46:00.814 [info] > git status -z -uall [93ms]
2024-09-22 06:46:05.952 [info] > git remote --verbose [56ms]
2024-09-22 06:46:05.953 [info] > git for-each-ref --sort -committerdate --format %(refname) %(objectname) %(*objectname) [84ms]
2024-09-22 06:46:05.988 [info] > git config --get commit.template [49ms]
2024-09-22 06:46:06.001 [info] > git for-each-ref --format=%(refname)%00%(upstream:short)%00%(objectname)%00%(upstream:track)%00%(upstream:remotename)%00%(upstream:remoteref) refs/heads/master refs/remotes/master [15ms]
2024-09-22 06:46:06.024 [info] > git status -z -uall [108ms]
2024-09-22 06:46:11.129 [info] > git remote --verbose [53ms]
2024-09-22 06:46:11.129 [info] > git for-each-ref --sort -committerdate --format %(refname) %(objectname) %(*objectname) [76ms]
2024-09-22 06:46:11.138 [info] > git config --get commit.template [13ms]
2024-09-22 06:46:11.176 [info] > git for-each-ref --format=%(refname)%00%(upstream:short)%00%(objectname)%00%(upstream:track)%00%(upstream:remotename)%00%(upstream:remoteref) refs/heads/master refs/remotes/master [15ms]
2024-09-22 06:46:11.203 [info] > git status -z -uall [102ms]
2024-09-22 06:46:16.334 [info] > git remote --verbose [48ms]
2024-09-22 06:46:16.335 [info] > git for-each-ref --sort -committerdate --format %(refname) %(objectname) %(*objectname) [75ms]
2024-09-22 06:46:16.365 [info] > git config --get commit.template [35ms]
2024-09-22 06:46:16.384 [info] > git for-each-ref --format=%(refname)%00%(upstream:short)%00%(objectname)%00%(upstream:track)%00%(upstream:remotename)%00%(upstream:remoteref) refs/heads/master refs/remotes/master [22ms]
2024-09-22 06:46:16.469 [info] > git status -z -uall [165ms]
2024-09-22 06:46:21.554 [info] > git remote --verbose [27ms]
2024-09-22 06:46:21.555 [info] > git for-each-ref --sort -committerdate --format %(refname) %(objectname) %(*objectname) [46ms]
2024-09-22 06:46:21.605 [info] > git config --get commit.template [29ms]
2024-09-22 06:46:21.616 [info] > git for-each-ref --format=%(refname)%00%(upstream:short)%00%(objectname)%00%(upstream:track)%00%(upstream:remotename)%00%(upstream:remoteref) refs/heads/master refs/remotes/master [14ms]
2024-09-22 06:46:21.667 [info] > git status -z -uall [119ms]
2024-09-22 06:46:26.764 [info] > git remote --verbose [24ms]
2024-09-22 06:46:26.765 [info] > git for-each-ref --sort -committerdate --format %(refname) %(objectname) %(*objectname) [47ms]
2024-09-22 06:46:26.820 [info] > git config --get commit.template [34ms]
2024-09-22 06:46:26.837 [info] > git for-each-ref --format=%(refname)%00%(upstream:short)%00%(objectname)%00%(upstream:track)%00%(upstream:remotename)%00%(upstream:remoteref) refs/heads/master refs/remotes/master [21ms]
2024-09-22 06:46:26.875 [info] > git status -z -uall [117ms]
2024-09-22 06:46:32.010 [info] > git remote --verbose [45ms]
2024-09-22 06:46:32.011 [info] > git for-each-ref --sort -committerdate --format %(refname) %(objectname) %(*objectname) [70ms]
2024-09-22 06:46:32.042 [info] > git config --get commit.template [35ms]
2024-09-22 06:46:32.052 [info] > git for-each-ref --format=%(refname)%00%(upstream:short)%00%(objectname)%00%(upstream:track)%00%(upstream:remotename)%00%(upstream:remoteref) refs/heads/master refs/remotes/master [12ms]
2024-09-22 06:46:32.072 [info] > git status -z -uall [88ms]
2024-09-22 06:46:37.198 [info] > git remote --verbose [45ms]
2024-09-22 06:46:37.198 [info] > git for-each-ref --sort -committerdate --format %(refname) %(objectname) %(*objectname) [73ms]
2024-09-22 06:46:37.236 [info] > git config --get commit.template [41ms]
2024-09-22 06:46:37.249 [info] > git for-each-ref --format=%(refname)%00%(upstream:short)%00%(objectname)%00%(upstream:track)%00%(upstream:remotename)%00%(upstream:remoteref) refs/heads/master refs/remotes/master [17ms]
2024-09-22 06:46:37.275 [info] > git status -z -uall [103ms]
2024-09-22 06:46:42.408 [info] > git remote --verbose [52ms]
2024-09-22 06:46:42.409 [info] > git for-each-ref --sort -committerdate --format %(refname) %(objectname) %(*objectname) [82ms]
2024-09-22 06:46:42.446 [info] > git config --get commit.template [42ms]
2024-09-22 06:46:42.466 [info] > git for-each-ref --format=%(refname)%00%(upstream:short)%00%(objectname)%00%(upstream:track)%00%(upstream:remotename)%00%(upstream:remoteref) refs/heads/master refs/remotes/master [24ms]
2024-09-22 06:46:42.500 [info] > git status -z -uall [123ms]
2024-09-22 06:46:47.622 [info] > git remote --verbose [43ms]
2024-09-22 06:46:47.622 [info] > git for-each-ref --sort -committerdate --format %(refname) %(objectname) %(*objectname) [68ms]
2024-09-22 06:46:47.652 [info] > git config --get commit.template [34ms]
2024-09-22 06:46:47.667 [info] > git for-each-ref --format=%(refname)%00%(upstream:short)%00%(objectname)%00%(upstream:track)%00%(upstream:remotename)%00%(upstream:remoteref) refs/heads/master refs/remotes/master [17ms]
2024-09-22 06:46:47.716 [info] > git status -z -uall [120ms]
2024-09-22 06:46:52.843 [info] > git remote --verbose [46ms]
2024-09-22 06:46:52.843 [info] > git for-each-ref --sort -committerdate --format %(refname) %(objectname) %(*objectname) [74ms]
2024-09-22 06:46:52.882 [info] > git config --get commit.template [43ms]
2024-09-22 06:46:52.900 [info] > git for-each-ref --format=%(refname)%00%(upstream:short)%00%(objectname)%00%(upstream:track)%00%(upstream:remotename)%00%(upstream:remoteref) refs/heads/master refs/remotes/master [24ms]
2024-09-22 06:46:52.933 [info] > git status -z -uall [118ms]
2024-09-22 06:46:58.052 [info] > git remote --verbose [42ms]
2024-09-22 06:46:58.052 [info] > git for-each-ref --sort -committerdate --format %(refname) %(objectname) %(*objectname) [64ms]
2024-09-22 06:46:58.082 [info] > git config --get commit.template [32ms]
2024-09-22 06:46:58.096 [info] > git for-each-ref --format=%(refname)%00%(upstream:short)%00%(objectname)%00%(upstream:track)%00%(upstream:remotename)%00%(upstream:remoteref) refs/heads/master refs/remotes/master [16ms]
2024-09-22 06:46:58.137 [info] > git status -z -uall [110ms]
2024-09-22 06:47:03.259 [info] > git remote --verbose [57ms]
2024-09-22 06:47:03.260 [info] > git for-each-ref --sort -committerdate --format %(refname) %(objectname) %(*objectname) [81ms]
2024-09-22 06:47:03.295 [info] > git config --get commit.template [42ms]
2024-09-22 06:47:03.302 [info] > git for-each-ref --format=%(refname)%00%(upstream:short)%00%(objectname)%00%(upstream:track)%00%(upstream:remotename)%00%(upstream:remoteref) refs/heads/master refs/remotes/master [14ms]
2024-09-22 06:47:03.349 [info] > git status -z -uall [126ms]
2024-09-22 06:47:08.457 [info] > git remote --verbose [61ms]
2024-09-22 06:47:08.457 [info] > git for-each-ref --sort -committerdate --format %(refname) %(objectname) %(*objectname) [81ms]
2024-09-22 06:47:08.464 [info] > git config --get commit.template [26ms]
2024-09-22 06:47:08.508 [info] > git for-each-ref --format=%(refname)%00%(upstream:short)%00%(objectname)%00%(upstream:track)%00%(upstream:remotename)%00%(upstream:remoteref) refs/heads/master refs/remotes/master [19ms]
2024-09-22 06:47:08.531 [info] > git status -z -uall [119ms]
2024-09-22 06:47:13.644 [info] > git remote --verbose [47ms]
2024-09-22 06:47:13.645 [info] > git for-each-ref --sort -committerdate --format %(refname) %(objectname) %(*objectname) [71ms]
2024-09-22 06:47:13.676 [info] > git config --get commit.template [35ms]
2024-09-22 06:47:13.695 [info] > git for-each-ref --format=%(refname)%00%(upstream:short)%00%(objectname)%00%(upstream:track)%00%(upstream:remotename)%00%(upstream:remoteref) refs/heads/master refs/remotes/master [21ms]
2024-09-22 06:47:13.756 [info] > git status -z -uall [139ms]
2024-09-22 06:47:18.886 [info] > git remote --verbose [52ms]
2024-09-22 06:47:18.887 [info] > git for-each-ref --sort -committerdate --format %(refname) %(objectname) %(*objectname) [80ms]
2024-09-22 06:47:18.925 [info] > git config --get commit.template [42ms]
2024-09-22 06:47:18.935 [info] > git for-each-ref --format=%(refname)%00%(upstream:short)%00%(objectname)%00%(upstream:track)%00%(upstream:remotename)%00%(upstream:remoteref) refs/heads/master refs/remotes/master [14ms]
2024-09-22 06:47:18.979 [info] > git status -z -uall [123ms]
2024-09-22 06:47:24.124 [info] > git remote --verbose [62ms]
2024-09-22 06:47:24.125 [info] > git for-each-ref --sort -committerdate --format %(refname) %(objectname) %(*objectname) [92ms]
2024-09-22 06:47:24.132 [info] > git config --get commit.template [23ms]
2024-09-22 06:47:24.182 [info] > git for-each-ref --format=%(refname)%00%(upstream:short)%00%(objectname)%00%(upstream:track)%00%(upstream:remotename)%00%(upstream:remoteref) refs/heads/master refs/remotes/master [17ms]
2024-09-22 06:47:24.274 [info] > git status -z -uall [195ms]
2024-09-22 06:47:29.398 [info] > git remote --verbose [56ms]
2024-09-22 06:47:29.399 [info] > git for-each-ref --sort -committerdate --format %(refname) %(objectname) %(*objectname) [90ms]
2024-09-22 06:47:29.455 [info] > git config --get commit.template [61ms]
2024-09-22 06:47:29.462 [info] > git for-each-ref --format=%(refname)%00%(upstream:short)%00%(objectname)%00%(upstream:track)%00%(upstream:remotename)%00%(upstream:remoteref) refs/heads/master refs/remotes/master [15ms]
2024-09-22 06:47:29.499 [info] > git status -z -uall [130ms]
2024-09-22 06:47:34.629 [info] > git remote --verbose [57ms]
2024-09-22 06:47:34.630 [info] > git for-each-ref --sort -committerdate --format %(refname) %(objectname) %(*objectname) [84ms]
2024-09-22 06:47:34.667 [info] > git config --get commit.template [42ms]
2024-09-22 06:47:34.682 [info] > git for-each-ref --format=%(refname)%00%(upstream:short)%00%(objectname)%00%(upstream:track)%00%(upstream:remotename)%00%(upstream:remoteref) refs/heads/master refs/remotes/master [19ms]
2024-09-22 06:47:34.700 [info] > git status -z -uall [103ms]
2024-09-22 06:47:39.817 [info] > git remote --verbose [51ms]
2024-09-22 06:47:39.817 [info] > git for-each-ref --sort -committerdate --format %(refname) %(objectname) %(*objectname) [73ms]
2024-09-22 06:47:39.850 [info] > git config --get commit.template [36ms]
2024-09-22 06:47:39.861 [info] > git for-each-ref --format=%(refname)%00%(upstream:short)%00%(objectname)%00%(upstream:track)%00%(upstream:remotename)%00%(upstream:remoteref) refs/heads/master refs/remotes/master [13ms]
2024-09-22 06:47:39.896 [info] > git status -z -uall [107ms]
2024-09-22 06:47:45.024 [info] > git remote --verbose [58ms]
2024-09-22 06:47:45.025 [info] > git for-each-ref --sort -committerdate --format %(refname) %(objectname) %(*objectname) [83ms]
2024-09-22 06:47:45.060 [info] > git config --get commit.template [39ms]
2024-09-22 06:47:45.072 [info] > git for-each-ref --format=%(refname)%00%(upstream:short)%00%(objectname)%00%(upstream:track)%00%(upstream:remotename)%00%(upstream:remoteref) refs/heads/master refs/remotes/master [19ms]
2024-09-22 06:47:45.161 [info] > git status -z -uall [170ms]
2024-09-22 06:47:50.299 [info] > git remote --verbose [63ms]
2024-09-22 06:47:50.300 [info] > git for-each-ref --sort -committerdate --format %(refname) %(objectname) %(*objectname) [87ms]
2024-09-22 06:47:50.335 [info] > git config --get commit.template [37ms]
2024-09-22 06:47:50.346 [info] > git for-each-ref --format=%(refname)%00%(upstream:short)%00%(objectname)%00%(upstream:track)%00%(upstream:remotename)%00%(upstream:remoteref) refs/heads/master refs/remotes/master [13ms]
2024-09-22 06:47:50.430 [info] > git status -z -uall [167ms]
2024-09-22 06:47:55.732 [info] > git remote --verbose [162ms]
2024-09-22 06:47:55.732 [info] > git for-each-ref --sort -committerdate --format %(refname) %(objectname) %(*objectname) [199ms]
2024-09-22 06:47:55.736 [info] > git config --get commit.template [10ms]
2024-09-22 06:47:55.788 [info] > git status -z -uall [147ms]
2024-09-22 06:47:55.809 [info] > git for-each-ref --format=%(refname)%00%(upstream:short)%00%(objectname)%00%(upstream:track)%00%(upstream:remotename)%00%(upstream:remoteref) refs/heads/master refs/remotes/master [31ms]
2024-09-22 06:48:00.344 [info] > git show --textconv :c/栈.c++ [43ms]
2024-09-22 06:48:00.352 [info] > git ls-files --stage -- /root/thsunest01/c/栈.c++ [9ms]
2024-09-22 06:48:00.400 [info] > git cat-file -s e8adbfb3b6de1a38a89747d7619caf3890de1239 [10ms]
2024-09-22 06:48:01.016 [info] > git remote --verbose [101ms]
2024-09-22 06:48:01.016 [info] > git for-each-ref --sort -committerdate --format %(refname) %(objectname) %(*objectname) [152ms]
2024-09-22 06:48:01.101 [info] > git config --get commit.template [86ms]
2024-09-22 06:48:01.156 [info] > git for-each-ref --format=%(refname)%00%(upstream:short)%00%(objectname)%00%(upstream:track)%00%(upstream:remotename)%00%(upstream:remoteref) refs/heads/master refs/remotes/master [61ms]
2024-09-22 06:48:01.313 [info] > git status -z -uall [354ms]
2024-09-22 06:48:06.489 [info] > git remote --verbose [100ms]
2024-09-22 06:48:06.489 [info] > git for-each-ref --sort -committerdate --format %(refname) %(objectname) %(*objectname) [132ms]
2024-09-22 06:48:06.493 [info] > git config --get commit.template [21ms]
2024-09-22 06:48:06.542 [info] > git for-each-ref --format=%(refname)%00%(upstream:short)%00%(objectname)%00%(upstream:track)%00%(upstream:remotename)%00%(upstream:remoteref) refs/heads/master refs/remotes/master [14ms]
2024-09-22 06:48:06.560 [info] > git status -z -uall [136ms]
2024-09-22 06:48:11.761 [info] > git remote --verbose [62ms]
2024-09-22 06:48:11.762 [info] > git for-each-ref --sort -committerdate --format %(refname) %(objectname) %(*objectname) [111ms]
2024-09-22 06:48:11.858 [info] > git config --get commit.template [60ms]
2024-09-22 06:48:11.862 [info] > git for-each-ref --format=%(refname)%00%(upstream:short)%00%(objectname)%00%(upstream:track)%00%(upstream:remotename)%00%(upstream:remoteref) refs/heads/master refs/remotes/master [14ms]
2024-09-22 06:48:11.944 [info] > git status -z -uall [197ms]
2024-09-22 06:48:17.137 [info] > git remote --verbose [62ms]
2024-09-22 06:48:17.138 [info] > git for-each-ref --sort -committerdate --format %(refname) %(objectname) %(*objectname) [118ms]
2024-09-22 06:48:17.206 [info] > git config --get commit.template [16ms]
2024-09-22 06:48:17.268 [info] > git for-each-ref --format=%(refname)%00%(upstream:short)%00%(objectname)%00%(upstream:track)%00%(upstream:remotename)%00%(upstream:remoteref) refs/heads/master refs/remotes/master [15ms]
2024-09-22 06:48:17.295 [info] > git status -z -uall [173ms]
2024-09-22 06:48:22.542 [info] > git remote --verbose [109ms]
2024-09-22 06:48:22.542 [info] > git for-each-ref --sort -committerdate --format %(refname) %(objectname) %(*objectname) [159ms]
2024-09-22 06:48:22.546 [info] > git config --get commit.template [14ms]
2024-09-22 06:48:22.599 [info] > git for-each-ref --format=%(refname)%00%(upstream:short)%00%(objectname)%00%(upstream:track)%00%(upstream:remotename)%00%(upstream:remoteref) refs/heads/master refs/remotes/master [8ms]
2024-09-22 06:48:22.619 [info] > git status -z -uall [139ms]
2024-09-22 06:48:27.831 [info] > git remote --verbose [60ms]
2024-09-22 06:48:27.832 [info] > git for-each-ref --sort -committerdate --format %(refname) %(objectname) %(*objectname) [117ms]
2024-09-22 06:48:27.939 [info] > git config --get commit.template [57ms]
2024-09-22 06:48:27.946 [info] > git for-each-ref --format=%(refname)%00%(upstream:short)%00%(objectname)%00%(upstream:track)%00%(upstream:remotename)%00%(upstream:remoteref) refs/heads/master refs/remotes/master [17ms]
2024-09-22 06:48:27.983 [info] > git status -z -uall [163ms]
2024-09-22 06:48:30.659 [info] > git check-ignore -v -z --stdin [13ms]
2024-09-22 06:48:31.863 [info] > git show --textconv :.vscode/launch.json [65ms]
2024-09-22 06:48:31.875 [info] > git ls-files --stage -- /root/.vscode/launch.json [16ms]
2024-09-22 06:48:31.956 [info] > git check-ignore -v -z --stdin [28ms]
2024-09-22 06:48:33.230 [info] > git remote --verbose [120ms]
2024-09-22 06:48:33.231 [info] > git for-each-ref --sort -committerdate --format %(refname) %(objectname) %(*objectname) [167ms]
2024-09-22 06:48:33.234 [info] > git config --get commit.template [10ms]
2024-09-22 06:48:33.290 [info] > git for-each-ref --format=%(refname)%00%(upstream:short)%00%(objectname)%00%(upstream:track)%00%(upstream:remotename)%00%(upstream:remoteref) refs/heads/master refs/remotes/master [10ms]
2024-09-22 06:48:33.318 [info] > git status -z -uall [161ms]
2024-09-22 06:48:38.524 [info] > git remote --verbose [89ms]
2024-09-22 06:48:38.524 [info] > git for-each-ref --sort -committerdate --format %(refname) %(objectname) %(*objectname) [129ms]
2024-09-22 06:48:38.527 [info] > git config --get commit.template [13ms]
2024-09-22 06:48:38.574 [info] > git for-each-ref --format=%(refname)%00%(upstream:short)%00%(objectname)%00%(upstream:track)%00%(upstream:remotename)%00%(upstream:remoteref) refs/heads/master refs/remotes/master [7ms]
2024-09-22 06:48:38.595 [info] > git status -z -uall [124ms]
2024-09-22 06:48:38.862 [info] > git check-ignore -v -z --stdin [163ms]
2024-09-22 06:48:43.810 [info] > git remote --verbose [89ms]
2024-09-22 06:48:43.811 [info] > git for-each-ref --sort -committerdate --format %(refname) %(objectname) %(*objectname) [139ms]
2024-09-22 06:48:43.817 [info] > git config --get commit.template [10ms]
2024-09-22 06:48:43.862 [info] > git for-each-ref --format=%(refname)%00%(upstream:short)%00%(objectname)%00%(upstream:track)%00%(upstream:remotename)%00%(upstream:remoteref) refs/heads/master refs/remotes/master [10ms]
2024-09-22 06:48:43.900 [info] > git status -z -uall [139ms]
2024-09-22 06:48:49.122 [info] > git remote --verbose [110ms]
2024-09-22 06:48:49.123 [info] > git for-each-ref --sort -committerdate --format %(refname) %(objectname) %(*objectname) [160ms]
2024-09-22 06:48:49.130 [info] > git config --get commit.template [18ms]
2024-09-22 06:48:49.188 [info] > git for-each-ref --format=%(refname)%00%(upstream:short)%00%(objectname)%00%(upstream:track)%00%(upstream:remotename)%00%(upstream:remoteref) refs/heads/master refs/remotes/master [14ms]
2024-09-22 06:48:49.215 [info] > git status -z -uall [160ms]
2024-09-22 06:48:54.466 [info] > git remote --verbose [106ms]
2024-09-22 06:48:54.467 [info] > git for-each-ref --sort -committerdate --format %(refname) %(objectname) %(*objectname) [168ms]
2024-09-22 06:48:54.469 [info] > git config --get commit.template [12ms]
2024-09-22 06:48:54.543 [info] > git for-each-ref --format=%(refname)%00%(upstream:short)%00%(objectname)%00%(upstream:track)%00%(upstream:remotename)%00%(upstream:remoteref) refs/heads/master refs/remotes/master [20ms]
2024-09-22 06:48:54.550 [info] > git status -z -uall [140ms]
2024-09-22 06:48:59.746 [info] > git remote --verbose [51ms]
2024-09-22 06:48:59.746 [info] > git for-each-ref --sort -committerdate --format %(refname) %(objectname) %(*objectname) [103ms]
2024-09-22 06:48:59.837 [info] > git config --get commit.template [48ms]
2024-09-22 06:48:59.842 [info] > git for-each-ref --format=%(refname)%00%(upstream:short)%00%(objectname)%00%(upstream:track)%00%(upstream:remotename)%00%(upstream:remoteref) refs/heads/master refs/remotes/master [10ms]
2024-09-22 06:48:59.872 [info] > git status -z -uall [131ms]
2024-09-22 06:49:05.093 [info] > git remote --verbose [61ms]
2024-09-22 06:49:05.094 [info] > git for-each-ref --sort -committerdate --format %(refname) %(objectname) %(*objectname) [123ms]
2024-09-22 06:49:05.223 [info] > git config --get commit.template [62ms]
2024-09-22 06:49:05.231 [info] > git for-each-ref --format=%(refname)%00%(upstream:short)%00%(objectname)%00%(upstream:track)%00%(upstream:remotename)%00%(upstream:remoteref) refs/heads/master refs/remotes/master [12ms]
2024-09-22 06:49:05.247 [info] > git status -z -uall [162ms]
2024-09-22 06:49:10.451 [info] > git remote --verbose [72ms]
2024-09-22 06:49:10.452 [info] > git for-each-ref --sort -committerdate --format %(refname) %(objectname) %(*objectname) [117ms]
2024-09-22 06:49:10.458 [info] > git config --get commit.template [11ms]
2024-09-22 06:49:10.508 [info] > git for-each-ref --format=%(refname)%00%(upstream:short)%00%(objectname)%00%(upstream:track)%00%(upstream:remotename)%00%(upstream:remoteref) refs/heads/master refs/remotes/master [11ms]
2024-09-22 06:49:10.545 [info] > git status -z -uall [134ms]
2024-09-22 06:49:15.771 [info] > git remote --verbose [102ms]
2024-09-22 06:49:15.773 [info] > git for-each-ref --sort -committerdate --format %(refname) %(objectname) %(*objectname) [155ms]
2024-09-22 06:49:15.778 [info] > git config --get commit.template [21ms]
2024-09-22 06:49:15.843 [info] > git for-each-ref --format=%(refname)%00%(upstream:short)%00%(objectname)%00%(upstream:track)%00%(upstream:remotename)%00%(upstream:remoteref) refs/heads/master refs/remotes/master [20ms]
2024-09-22 06:49:15.992 [info] > git status -z -uall [282ms]
2024-09-22 06:49:21.278 [info] > git remote --verbose [130ms]
2024-09-22 06:49:21.279 [info] > git for-each-ref --sort -committerdate --format %(refname) %(objectname) %(*objectname) [177ms]
2024-09-22 06:49:21.296 [info] > git config --get commit.template [28ms]
2024-09-22 06:49:21.358 [info] > git for-each-ref --format=%(refname)%00%(upstream:short)%00%(objectname)%00%(upstream:track)%00%(upstream:remotename)%00%(upstream:remoteref) refs/heads/master refs/remotes/master [18ms]
2024-09-22 06:49:21.424 [info] > git status -z -uall [223ms]
2024-09-22 06:49:26.731 [info] > git remote --verbose [81ms]
2024-09-22 06:49:26.731 [info] > git for-each-ref --sort -committerdate --format %(refname) %(objectname) %(*objectname) [122ms]
2024-09-22 06:49:26.781 [info] > git config --get commit.template [54ms]
2024-09-22 06:49:26.790 [info] > git for-each-ref --format=%(refname)%00%(upstream:short)%00%(objectname)%00%(upstream:track)%00%(upstream:remotename)%00%(upstream:remoteref) refs/heads/master refs/remotes/master [12ms]
2024-09-22 06:49:26.861 [info] > git status -z -uall [175ms]
2024-09-22 06:49:32.018 [info] > git remote --verbose [33ms]
2024-09-22 06:49:32.018 [info] > git for-each-ref --sort -committerdate --format %(refname) %(objectname) %(*objectname) [68ms]
2024-09-22 06:49:32.094 [info] > git config --get commit.template [43ms]
2024-09-22 06:49:32.111 [info] > git for-each-ref --format=%(refname)%00%(upstream:short)%00%(objectname)%00%(upstream:track)%00%(upstream:remotename)%00%(upstream:remoteref) refs/heads/master refs/remotes/master [19ms]
2024-09-22 06:49:32.210 [info] > git status -z -uall [197ms]
2024-09-22 06:49:32.796 [info] > git show --textconv :.vscode/launch.json [60ms]
2024-09-22 06:49:32.816 [info] > git ls-files --stage -- /root/.vscode/launch.json [21ms]
2024-09-22 06:49:33.524 [info] > git show --textconv :c/LinkList.c++ [44ms]
2024-09-22 06:49:33.552 [info] > git ls-files --stage -- /root/thsunest01/c/LinkList.c++ [32ms]
2024-09-22 06:49:33.604 [info] > git cat-file -s bf3d8a5b9ea3a471f71e804ba3de308c72bc26c8 [18ms]
2024-09-22 06:49:37.384 [info] > git remote --verbose [80ms]
2024-09-22 06:49:37.385 [info] > git for-each-ref --sort -committerdate --format %(refname) %(objectname) %(*objectname) [108ms]
2024-09-22 06:49:37.394 [info] > git config --get commit.template [18ms]
2024-09-22 06:49:37.512 [info] > git for-each-ref --format=%(refname)%00%(upstream:short)%00%(objectname)%00%(upstream:track)%00%(upstream:remotename)%00%(upstream:remoteref) refs/heads/master refs/remotes/master [72ms]
2024-09-22 06:49:37.538 [info] > git status -z -uall [204ms]
2024-09-22 06:49:41.336 [info] > git show --textconv :.vscode/launch.json [37ms]
2024-09-22 06:49:41.346 [info] > git ls-files --stage -- /root/.vscode/launch.json [16ms]
2024-09-22 06:49:42.771 [info] > git remote --verbose [105ms]
2024-09-22 06:49:42.771 [info] > git for-each-ref --sort -committerdate --format %(refname) %(objectname) %(*objectname) [152ms]
2024-09-22 06:49:42.773 [info] > git config --get commit.template [15ms]
2024-09-22 06:49:42.834 [info] > git for-each-ref --format=%(refname)%00%(upstream:short)%00%(objectname)%00%(upstream:track)%00%(upstream:remotename)%00%(upstream:remoteref) refs/heads/master refs/remotes/master [15ms]
2024-09-22 06:49:42.901 [info] > git status -z -uall [193ms]
2024-09-22 06:49:48.178 [info] > git remote --verbose [126ms]
2024-09-22 06:49:48.178 [info] > git for-each-ref --sort -committerdate --format %(refname) %(objectname) %(*objectname) [181ms]
2024-09-22 06:49:48.185 [info] > git config --get commit.template [26ms]
2024-09-22 06:49:48.245 [info] > git for-each-ref --format=%(refname)%00%(upstream:short)%00%(objectname)%00%(upstream:track)%00%(upstream:remotename)%00%(upstream:remoteref) refs/heads/master refs/remotes/master [13ms]
2024-09-22 06:49:48.307 [info] > git status -z -uall [206ms]
2024-09-22 06:49:53.701 [info] > git remote --verbose [191ms]
2024-09-22 06:49:53.701 [info] > git for-each-ref --sort -committerdate --format %(refname) %(objectname) %(*objectname) [259ms]
2024-09-22 06:49:53.714 [info] > git config --get commit.template [40ms]
2024-09-22 06:49:53.770 [info] > git status -z -uall [213ms]
2024-09-22 06:49:53.782 [info] > git for-each-ref --format=%(refname)%00%(upstream:short)%00%(objectname)%00%(upstream:track)%00%(upstream:remotename)%00%(upstream:remoteref) refs/heads/master refs/remotes/master [15ms]
2024-09-22 06:49:58.993 [info] > git remote --verbose [102ms]
2024-09-22 06:49:58.994 [info] > git for-each-ref --sort -committerdate --format %(refname) %(objectname) %(*objectname) [141ms]
2024-09-22 06:49:59.001 [info] > git config --get commit.template [23ms]
2024-09-22 06:49:59.061 [info] > git for-each-ref --format=%(refname)%00%(upstream:short)%00%(objectname)%00%(upstream:track)%00%(upstream:remotename)%00%(upstream:remoteref) refs/heads/master refs/remotes/master [14ms]
2024-09-22 06:49:59.138 [info] > git status -z -uall [206ms]
2024-09-22 06:50:04.406 [info] > git remote --verbose [121ms]
2024-09-22 06:50:04.407 [info] > git for-each-ref --sort -committerdate --format %(refname) %(objectname) %(*objectname) [172ms]
2024-09-22 06:50:04.414 [info] > git config --get commit.template [17ms]
2024-09-22 06:50:04.463 [info] > git for-each-ref --format=%(refname)%00%(upstream:short)%00%(objectname)%00%(upstream:track)%00%(upstream:remotename)%00%(upstream:remoteref) refs/heads/master refs/remotes/master [10ms]
2024-09-22 06:50:04.532 [info] > git status -z -uall [194ms]
2024-09-22 06:50:09.778 [info] > git remote --verbose [100ms]
2024-09-22 06:50:09.778 [info] > git for-each-ref --sort -committerdate --format %(refname) %(objectname) %(*objectname) [144ms]
2024-09-22 06:50:09.787 [info] > git config --get commit.template [19ms]
2024-09-22 06:50:09.855 [info] > git for-each-ref --format=%(refname)%00%(upstream:short)%00%(objectname)%00%(upstream:track)%00%(upstream:remotename)%00%(upstream:remoteref) refs/heads/master refs/remotes/master [17ms]
2024-09-22 06:50:09.939 [info] > git status -z -uall [221ms]
2024-09-22 06:50:15.128 [info] > git remote --verbose [47ms]
2024-09-22 06:50:15.129 [info] > git for-each-ref --sort -committerdate --format %(refname) %(objectname) %(*objectname) [93ms]
2024-09-22 06:50:15.212 [info] > git config --get commit.template [52ms]
2024-09-22 06:50:15.214 [info] > git for-each-ref --format=%(refname)%00%(upstream:short)%00%(objectname)%00%(upstream:track)%00%(upstream:remotename)%00%(upstream:remoteref) refs/heads/master refs/remotes/master [11ms]
2024-09-22 06:50:15.311 [info] > git status -z -uall [194ms]
2024-09-22 06:50:20.559 [info] > git remote --verbose [107ms]
2024-09-22 06:50:20.559 [info] > git for-each-ref --sort -committerdate --format %(refname) %(objectname) %(*objectname) [157ms]
2024-09-22 06:50:20.563 [info] > git config --get commit.template [16ms]
2024-09-22 06:50:20.626 [info] > git for-each-ref --format=%(refname)%00%(upstream:short)%00%(objectname)%00%(upstream:track)%00%(upstream:remotename)%00%(upstream:remoteref) refs/heads/master refs/remotes/master [18ms]
2024-09-22 06:50:20.703 [info] > git status -z -uall [210ms]
2024-09-22 06:50:25.945 [info] > git remote --verbose [98ms]
2024-09-22 06:50:25.945 [info] > git for-each-ref --sort -committerdate --format %(refname) %(objectname) %(*objectname) [145ms]
2024-09-22 06:50:25.948 [info] > git config --get commit.template [10ms]
2024-09-22 06:50:25.998 [info] > git for-each-ref --format=%(refname)%00%(upstream:short)%00%(objectname)%00%(upstream:track)%00%(upstream:remotename)%00%(upstream:remoteref) refs/heads/master refs/remotes/master [9ms]
2024-09-22 06:50:26.093 [info] > git status -z -uall [205ms]
2024-09-22 06:50:31.338 [info] > git remote --verbose [91ms]
2024-09-22 06:50:31.338 [info] > git for-each-ref --sort -committerdate --format %(refname) %(objectname) %(*objectname) [141ms]
2024-09-22 06:50:31.342 [info] > git config --get commit.template [14ms]
2024-09-22 06:50:31.391 [info] > git for-each-ref --format=%(refname)%00%(upstream:short)%00%(objectname)%00%(upstream:track)%00%(upstream:remotename)%00%(upstream:remoteref) refs/heads/master refs/remotes/master [10ms]
2024-09-22 06:50:31.453 [info] > git status -z -uall [167ms]
2024-09-22 06:50:36.684 [info] > git remote --verbose [85ms]
2024-09-22 06:50:36.684 [info] > git for-each-ref --sort -committerdate --format %(refname) %(objectname) %(*objectname) [126ms]
2024-09-22 06:50:36.732 [info] > git config --get commit.template [52ms]
2024-09-22 06:50:36.743 [info] > git for-each-ref --format=%(refname)%00%(upstream:short)%00%(objectname)%00%(upstream:track)%00%(upstream:remotename)%00%(upstream:remoteref) refs/heads/master refs/remotes/master [14ms]
2024-09-22 06:50:36.851 [info] > git status -z -uall [215ms]
2024-09-22 06:50:42.099 [info] > git remote --verbose [88ms]
2024-09-22 06:50:42.099 [info] > git for-each-ref --sort -committerdate --format %(refname) %(objectname) %(*objectname) [132ms]
2024-09-22 06:50:42.156 [info] > git config --get commit.template [60ms]
2024-09-22 06:50:42.166 [info] > git for-each-ref --format=%(refname)%00%(upstream:short)%00%(objectname)%00%(upstream:track)%00%(upstream:remotename)%00%(upstream:remoteref) refs/heads/master refs/remotes/master [14ms]
2024-09-22 06:50:42.281 [info] > git status -z -uall [230ms]
2024-09-22 06:50:47.511 [info] > git remote --verbose [90ms]
2024-09-22 06:50:47.512 [info] > git for-each-ref --sort -committerdate --format %(refname) %(objectname) %(*objectname) [135ms]
2024-09-22 06:50:47.515 [info] > git config --get commit.template [12ms]
2024-09-22 06:50:47.568 [info] > git for-each-ref --format=%(refname)%00%(upstream:short)%00%(objectname)%00%(upstream:track)%00%(upstream:remotename)%00%(upstream:remoteref) refs/heads/master refs/remotes/master [13ms]
2024-09-22 06:50:47.684 [info] > git status -z -uall [225ms]
2024-09-22 06:50:52.981 [info] > git remote --verbose [161ms]
2024-09-22 06:50:52.982 [info] > git for-each-ref --sort -committerdate --format %(refname) %(objectname) %(*objectname) [206ms]
2024-09-22 06:50:52.987 [info] > git config --get commit.template [19ms]
2024-09-22 06:50:53.042 [info] > git for-each-ref --format=%(refname)%00%(upstream:short)%00%(objectname)%00%(upstream:track)%00%(upstream:remotename)%00%(upstream:remoteref) refs/heads/master refs/remotes/master [13ms]
2024-09-22 06:50:53.080 [info] > git status -z -uall [217ms]
2024-09-22 06:50:58.363 [info] > git remote --verbose [76ms]
2024-09-22 06:50:58.364 [info] > git for-each-ref --sort -committerdate --format %(refname) %(objectname) %(*objectname) [121ms]
2024-09-22 06:50:58.414 [info] > git config --get commit.template [53ms]
2024-09-22 06:50:58.424 [info] > git for-each-ref --format=%(refname)%00%(upstream:short)%00%(objectname)%00%(upstream:track)%00%(upstream:remotename)%00%(upstream:remoteref) refs/heads/master refs/remotes/master [13ms]
2024-09-22 06:50:58.526 [info] > git status -z -uall [204ms]
2024-09-22 06:51:03.803 [info] > git remote --verbose [104ms]
2024-09-22 06:51:03.804 [info] > git for-each-ref --sort -committerdate --format %(refname) %(objectname) %(*objectname) [165ms]
2024-09-22 06:51:03.809 [info] > git config --get commit.template [21ms]
2024-09-22 06:51:03.865 [info] > git for-each-ref --format=%(refname)%00%(upstream:short)%00%(objectname)%00%(upstream:track)%00%(upstream:remotename)%00%(upstream:remoteref) refs/heads/master refs/remotes/master [15ms]
2024-09-22 06:51:03.994 [info] > git status -z -uall [248ms]
2024-09-22 06:51:09.221 [info] > git remote --verbose [86ms]
2024-09-22 06:51:09.221 [info] > git for-each-ref --sort -committerdate --format %(refname) %(objectname) %(*objectname) [128ms]
2024-09-22 06:51:09.280 [info] > git config --get commit.template [62ms]
2024-09-22 06:51:09.290 [info] > git for-each-ref --format=%(refname)%00%(upstream:short)%00%(objectname)%00%(upstream:track)%00%(upstream:remotename)%00%(upstream:remoteref) refs/heads/master refs/remotes/master [14ms]
2024-09-22 06:51:09.384 [info] > git status -z -uall [211ms]
2024-09-22 06:51:14.621 [info] > git remote --verbose [88ms]
2024-09-22 06:51:14.622 [info] > git for-each-ref --sort -committerdate --format %(refname) %(objectname) %(*objectname) [132ms]
2024-09-22 06:51:14.673 [info] > git config --get commit.template [55ms]
2024-09-22 06:51:14.684 [info] > git for-each-ref --format=%(refname)%00%(upstream:short)%00%(objectname)%00%(upstream:track)%00%(upstream:remotename)%00%(upstream:remoteref) refs/heads/master refs/remotes/master [13ms]
2024-09-22 06:51:14.770 [info] > git status -z -uall [198ms]
2024-09-22 06:51:19.991 [info] > git remote --verbose [42ms]
2024-09-22 06:51:19.992 [info] > git for-each-ref --sort -committerdate --format %(refname) %(objectname) %(*objectname) [89ms]
2024-09-22 06:51:20.084 [info] > git config --get commit.template [47ms]
2024-09-22 06:51:20.097 [info] > git for-each-ref --format=%(refname)%00%(upstream:short)%00%(objectname)%00%(upstream:track)%00%(upstream:remotename)%00%(upstream:remoteref) refs/heads/master refs/remotes/master [16ms]
2024-09-22 06:51:20.176 [info] > git status -z -uall [189ms]
2024-09-22 06:51:25.412 [info] > git remote --verbose [85ms]
2024-09-22 06:51:25.412 [info] > git for-each-ref --sort -committerdate --format %(refname) %(objectname) %(*objectname) [128ms]
2024-09-22 06:51:25.453 [info] > git config --get commit.template [46ms]
2024-09-22 06:51:25.461 [info] > git for-each-ref --format=%(refname)%00%(upstream:short)%00%(objectname)%00%(upstream:track)%00%(upstream:remotename)%00%(upstream:remoteref) refs/heads/master refs/remotes/master [11ms]
2024-09-22 06:51:25.517 [info] > git status -z -uall [150ms]
2024-09-22 06:51:30.802 [info] > git remote --verbose [72ms]
2024-09-22 06:51:30.803 [info] > git for-each-ref --sort -committerdate --format %(refname) %(objectname) %(*objectname) [139ms]
2024-09-22 06:51:30.845 [info] > git config --get commit.template [46ms]
2024-09-22 06:51:30.853 [info] > git for-each-ref --format=%(refname)%00%(upstream:short)%00%(objectname)%00%(upstream:track)%00%(upstream:remotename)%00%(upstream:remoteref) refs/heads/master refs/remotes/master [10ms]
2024-09-22 06:51:30.891 [info] > git status -z -uall [130ms]
2024-09-22 06:51:36.086 [info] > git remote --verbose [55ms]
2024-09-22 06:51:36.087 [info] > git for-each-ref --sort -committerdate --format %(refname) %(objectname) %(*objectname) [101ms]
2024-09-22 06:51:36.168 [info] > git config --get commit.template [42ms]
2024-09-22 06:51:36.178 [info] > git for-each-ref --format=%(refname)%00%(upstream:short)%00%(objectname)%00%(upstream:track)%00%(upstream:remotename)%00%(upstream:remoteref) refs/heads/master refs/remotes/master [13ms]
2024-09-22 06:51:36.283 [info] > git status -z -uall [210ms]
2024-09-22 06:51:41.497 [info] > git remote --verbose [90ms]
2024-09-22 06:51:41.497 [info] > git for-each-ref --sort -committerdate --format %(refname) %(objectname) %(*objectname) [133ms]
2024-09-22 06:51:41.544 [info] > git config --get commit.template [51ms]
2024-09-22 06:51:41.551 [info] > git for-each-ref --format=%(refname)%00%(upstream:short)%00%(objectname)%00%(upstream:track)%00%(upstream:remotename)%00%(upstream:remoteref) refs/heads/master refs/remotes/master [10ms]
2024-09-22 06:51:41.591 [info] > git status -z -uall [140ms]
2024-09-22 06:51:43.070 [info] > git show --textconv HEAD:.vscode/launch.json [37ms]
2024-09-22 06:51:43.081 [info] > git ls-tree -l HEAD -- /root/.vscode/launch.json [14ms]
2024-09-22 06:51:43.081 [info] fatal: Not a valid object name HEAD
2024-09-22 06:51:46.812 [info] > git remote --verbose [97ms]
2024-09-22 06:51:46.813 [info] > git for-each-ref --sort -committerdate --format %(refname) %(objectname) %(*objectname) [137ms]
2024-09-22 06:51:46.817 [info] > git config --get commit.template [13ms]
2024-09-22 06:51:46.872 [info] > git for-each-ref --format=%(refname)%00%(upstream:short)%00%(objectname)%00%(upstream:track)%00%(upstream:remotename)%00%(upstream:remoteref) refs/heads/master refs/remotes/master [14ms]
2024-09-22 06:51:46.994 [info] > git status -z -uall [236ms]
2024-09-22 06:51:51.427 [info] > git show --textconv :.vscode/launch.json [40ms]
2024-09-22 06:51:51.440 [info] > git ls-files --stage -- /root/.vscode/launch.json [15ms]
2024-09-22 06:51:52.150 [info] > git remote --verbose [34ms]
2024-09-22 06:51:52.151 [info] > git for-each-ref --sort -committerdate --format %(refname) %(objectname) %(*objectname) [74ms]
2024-09-22 06:51:52.217 [info] > git config --get commit.template [35ms]
2024-09-22 06:51:52.224 [info] > git for-each-ref --format=%(refname)%00%(upstream:short)%00%(objectname)%00%(upstream:track)%00%(upstream:remotename)%00%(upstream:remoteref) refs/heads/master refs/remotes/master [10ms]
2024-09-22 06:51:52.330 [info] > git status -z -uall [184ms]
2024-09-22 06:51:52.714 [info] > git show --textconv :c/LinkList.c++ [261ms]
2024-09-22 06:51:52.716 [info] > git ls-files --stage -- /root/thsunest01/c/LinkList.c++ [234ms]
2024-09-22 06:51:52.763 [info] > git cat-file -s bf3d8a5b9ea3a471f71e804ba3de308c72bc26c8 [17ms]
2024-09-22 06:51:56.865 [info] > git show --textconv :.vscode/launch.json [31ms]
2024-09-22 06:51:56.878 [info] > git ls-files --stage -- /root/.vscode/launch.json [13ms]
2024-09-22 06:51:57.505 [info] > git remote --verbose [70ms]
2024-09-22 06:51:57.505 [info] > git for-each-ref --sort -committerdate --format %(refname) %(objectname) %(*objectname) [105ms]
2024-09-22 06:51:57.553 [info] > git config --get commit.template [51ms]
2024-09-22 06:51:57.559 [info] > git for-each-ref --format=%(refname)%00%(upstream:short)%00%(objectname)%00%(upstream:track)%00%(upstream:remotename)%00%(upstream:remoteref) refs/heads/master refs/remotes/master [12ms]
2024-09-22 06:51:57.624 [info] > git status -z -uall [158ms]
2024-09-22 06:52:02.799 [info] > git remote --verbose [45ms]
2024-09-22 06:52:02.800 [info] > git for-each-ref --sort -committerdate --format %(refname) %(objectname) %(*objectname) [87ms]
2024-09-22 06:52:02.888 [info] > git config --get commit.template [45ms]
2024-09-22 06:52:02.894 [info] > git for-each-ref --format=%(refname)%00%(upstream:short)%00%(objectname)%00%(upstream:track)%00%(upstream:remotename)%00%(upstream:remoteref) refs/heads/master refs/remotes/master [7ms]
2024-09-22 06:52:02.933 [info] > git status -z -uall [139ms]
2024-09-22 06:52:08.167 [info] > git remote --verbose [94ms]
2024-09-22 06:52:08.167 [info] > git for-each-ref --sort -committerdate --format %(refname) %(objectname) %(*objectname) [139ms]
2024-09-22 06:52:08.176 [info] > git config --get commit.template [17ms]
2024-09-22 06:52:08.238 [info] > git for-each-ref --format=%(refname)%00%(upstream:short)%00%(objectname)%00%(upstream:track)%00%(upstream:remotename)%00%(upstream:remoteref) refs/heads/master refs/remotes/master [20ms]
2024-09-22 06:52:08.379 [info] > git status -z -uall [266ms]
2024-09-22 06:52:13.727 [info] > git remote --verbose [79ms]
2024-09-22 06:52:13.728 [info] > git for-each-ref --sort -committerdate --format %(refname) %(objectname) %(*objectname) [119ms]
2024-09-22 06:52:13.770 [info] > git config --get commit.template [46ms]
2024-09-22 06:52:13.777 [info] > git for-each-ref --format=%(refname)%00%(upstream:short)%00%(objectname)%00%(upstream:track)%00%(upstream:remotename)%00%(upstream:remoteref) refs/heads/master refs/remotes/master [9ms]
2024-09-22 06:52:13.826 [info] > git status -z -uall [139ms]
2024-09-22 06:52:19.096 [info] > git remote --verbose [80ms]
2024-09-22 06:52:19.096 [info] > git for-each-ref --sort -committerdate --format %(refname) %(objectname) %(*objectname) [122ms]
2024-09-22 06:52:19.152 [info] > git config --get commit.template [59ms]
2024-09-22 06:52:19.162 [info] > git for-each-ref --format=%(refname)%00%(upstream:short)%00%(objectname)%00%(upstream:track)%00%(upstream:remotename)%00%(upstream:remoteref) refs/heads/master refs/remotes/master [14ms]
2024-09-22 06:52:19.219 [info] > git status -z -uall [168ms]
2024-09-22 06:52:24.451 [info] > git remote --verbose [85ms]
2024-09-22 06:52:24.452 [info] > git for-each-ref --sort -committerdate --format %(refname) %(objectname) %(*objectname) [128ms]
2024-09-22 06:52:24.503 [info] > git config --get commit.template [56ms]
2024-09-22 06:52:24.512 [info] > git for-each-ref --format=%(refname)%00%(upstream:short)%00%(objectname)%00%(upstream:track)%00%(upstream:remotename)%00%(upstream:remoteref) refs/heads/master refs/remotes/master [16ms]
2024-09-22 06:52:24.565 [info] > git status -z -uall [159ms]
2024-09-22 06:52:29.920 [info] > git remote --verbose [90ms]
2024-09-22 06:52:29.920 [info] > git for-each-ref --sort -committerdate --format %(refname) %(objectname) %(*objectname) [132ms]
2024-09-22 06:52:29.923 [info] > git config --get commit.template [13ms]
2024-09-22 06:52:29.976 [info] > git for-each-ref --format=%(refname)%00%(upstream:short)%00%(objectname)%00%(upstream:track)%00%(upstream:remotename)%00%(upstream:remoteref) refs/heads/master refs/remotes/master [13ms]
2024-09-22 06:52:30.039 [info] > git status -z -uall [170ms]
2024-09-22 06:52:35.238 [info] > git remote --verbose [38ms]
2024-09-22 06:52:35.238 [info] > git for-each-ref --sort -committerdate --format %(refname) %(objectname) %(*objectname) [86ms]
2024-09-22 06:52:35.317 [info] > git config --get commit.template [47ms]
2024-09-22 06:52:35.325 [info] > git for-each-ref --format=%(refname)%00%(upstream:short)%00%(objectname)%00%(upstream:track)%00%(upstream:remotename)%00%(upstream:remoteref) refs/heads/master refs/remotes/master [14ms]
2024-09-22 06:52:35.401 [info] > git status -z -uall [168ms]
2024-09-22 06:52:40.692 [info] > git remote --verbose [93ms]
2024-09-22 06:52:40.693 [info] > git for-each-ref --sort -committerdate --format %(refname) %(objectname) %(*objectname) [140ms]
2024-09-22 06:52:40.745 [info] > git config --get commit.template [56ms]
2024-09-22 06:52:40.756 [info] > git for-each-ref --format=%(refname)%00%(upstream:short)%00%(objectname)%00%(upstream:track)%00%(upstream:remotename)%00%(upstream:remoteref) refs/heads/master refs/remotes/master [13ms]
2024-09-22 06:52:40.817 [info] > git status -z -uall [175ms]
2024-09-22 06:52:46.047 [info] > git remote --verbose [80ms]
2024-09-22 06:52:46.047 [info] > git for-each-ref --sort -committerdate --format %(refname) %(objectname) %(*objectname) [123ms]
2024-09-22 06:52:46.092 [info] > git config --get commit.template [49ms]
2024-09-22 06:52:46.099 [info] > git for-each-ref --format=%(refname)%00%(upstream:short)%00%(objectname)%00%(upstream:track)%00%(upstream:remotename)%00%(upstream:remoteref) refs/heads/master refs/remotes/master [14ms]
2024-09-22 06:52:46.173 [info] > git status -z -uall [169ms]
2024-09-22 06:52:51.400 [info] > git remote --verbose [87ms]
2024-09-22 06:52:51.401 [info] > git for-each-ref --sort -committerdate --format %(refname) %(objectname) %(*objectname) [126ms]
2024-09-22 06:52:51.464 [info] > git config --get commit.template [65ms]
2024-09-22 06:52:51.474 [info] > git for-each-ref --format=%(refname)%00%(upstream:short)%00%(objectname)%00%(upstream:track)%00%(upstream:remotename)%00%(upstream:remoteref) refs/heads/master refs/remotes/master [22ms]
2024-09-22 06:52:51.592 [info] > git status -z -uall [240ms]
2024-09-22 06:52:56.832 [info] > git remote --verbose [96ms]
2024-09-22 06:52:56.833 [info] > git for-each-ref --sort -committerdate --format %(refname) %(objectname) %(*objectname) [140ms]
2024-09-22 06:52:56.879 [info] > git config --get commit.template [50ms]
2024-09-22 06:52:56.890 [info] > git for-each-ref --format=%(refname)%00%(upstream:short)%00%(objectname)%00%(upstream:track)%00%(upstream:remotename)%00%(upstream:remoteref) refs/heads/master refs/remotes/master [13ms]
2024-09-22 06:52:56.996 [info] > git status -z -uall [213ms]
2024-09-22 06:53:02.200 [info] > git remote --verbose [46ms]
2024-09-22 06:53:02.200 [info] > git for-each-ref --sort -committerdate --format %(refname) %(objectname) %(*objectname) [99ms]
2024-09-22 06:53:02.273 [info] > git config --get commit.template [40ms]
2024-09-22 06:53:02.283 [info] > git for-each-ref --format=%(refname)%00%(upstream:short)%00%(objectname)%00%(upstream:track)%00%(upstream:remotename)%00%(upstream:remoteref) refs/heads/master refs/remotes/master [14ms]
2024-09-22 06:53:02.356 [info] > git status -z -uall [161ms]
2024-09-22 06:53:07.590 [info] > git remote --verbose [83ms]
2024-09-22 06:53:07.591 [info] > git for-each-ref --sort -committerdate --format %(refname) %(objectname) %(*objectname) [127ms]
2024-09-22 06:53:07.635 [info] > git config --get commit.template [50ms]
2024-09-22 06:53:07.643 [info] > git for-each-ref --format=%(refname)%00%(upstream:short)%00%(objectname)%00%(upstream:track)%00%(upstream:remotename)%00%(upstream:remoteref) refs/heads/master refs/remotes/master [14ms]
2024-09-22 06:53:07.686 [info] > git status -z -uall [141ms]
2024-09-22 06:53:12.921 [info] > git remote --verbose [47ms]
2024-09-22 06:53:12.921 [info] > git for-each-ref --sort -committerdate --format %(refname) %(objectname) %(*objectname) [91ms]
2024-09-22 06:53:13.017 [info] > git config --get commit.template [51ms]
2024-09-22 06:53:13.026 [info] > git for-each-ref --format=%(refname)%00%(upstream:short)%00%(objectname)%00%(upstream:track)%00%(upstream:remotename)%00%(upstream:remoteref) refs/heads/master refs/remotes/master [13ms]
2024-09-22 06:53:13.092 [info] > git status -z -uall [178ms]
2024-09-22 06:53:18.330 [info] > git remote --verbose [94ms]
2024-09-22 06:53:18.330 [info] > git for-each-ref --sort -committerdate --format %(refname) %(objectname) %(*objectname) [135ms]
2024-09-22 06:53:18.379 [info] > git config --get commit.template [52ms]
2024-09-22 06:53:18.389 [info] > git for-each-ref --format=%(refname)%00%(upstream:short)%00%(objectname)%00%(upstream:track)%00%(upstream:remotename)%00%(upstream:remoteref) refs/heads/master refs/remotes/master [12ms]
2024-09-22 06:53:18.454 [info] > git status -z -uall [176ms]
2024-09-22 06:53:23.730 [info] > git remote --verbose [80ms]
2024-09-22 06:53:23.731 [info] > git for-each-ref --sort -committerdate --format %(refname) %(objectname) %(*objectname) [127ms]
2024-09-22 06:53:23.772 [info] > git config --get commit.template [45ms]
2024-09-22 06:53:23.831 [info] > git for-each-ref --format=%(refname)%00%(upstream:short)%00%(objectname)%00%(upstream:track)%00%(upstream:remotename)%00%(upstream:remoteref) refs/heads/master refs/remotes/master [14ms]
2024-09-22 06:53:23.882 [info] > git status -z -uall [194ms]
2024-09-22 06:53:29.142 [info] > git remote --verbose [94ms]
2024-09-22 06:53:29.143 [info] > git for-each-ref --sort -committerdate --format %(refname) %(objectname) %(*objectname) [144ms]
2024-09-22 06:53:29.151 [info] > git config --get commit.template [13ms]
2024-09-22 06:53:29.214 [info] > git for-each-ref --format=%(refname)%00%(upstream:short)%00%(objectname)%00%(upstream:track)%00%(upstream:remotename)%00%(upstream:remoteref) refs/heads/master refs/remotes/master [20ms]
2024-09-22 06:53:29.315 [info] > git status -z -uall [228ms]
2024-09-22 06:53:34.652 [info] > git remote --verbose [90ms]
2024-09-22 06:53:34.653 [info] > git for-each-ref --sort -committerdate --format %(refname) %(objectname) %(*objectname) [131ms]
2024-09-22 06:53:34.701 [info] > git config --get commit.template [55ms]
2024-09-22 06:53:34.712 [info] > git for-each-ref --format=%(refname)%00%(upstream:short)%00%(objectname)%00%(upstream:track)%00%(upstream:remotename)%00%(upstream:remoteref) refs/heads/master refs/remotes/master [17ms]
2024-09-22 06:53:34.821 [info] > git status -z -uall [219ms]
2024-09-22 06:53:40.045 [info] > git remote --verbose [77ms]
2024-09-22 06:53:40.045 [info] > git for-each-ref --sort -committerdate --format %(refname) %(objectname) %(*objectname) [121ms]
2024-09-22 06:53:40.084 [info] > git config --get commit.template [42ms]
2024-09-22 06:53:40.092 [info] > git for-each-ref --format=%(refname)%00%(upstream:short)%00%(objectname)%00%(upstream:track)%00%(upstream:remotename)%00%(upstream:remoteref) refs/heads/master refs/remotes/master [10ms]
2024-09-22 06:53:40.149 [info] > git status -z -uall [143ms]
2024-09-22 06:53:45.408 [info] > git remote --verbose [81ms]
2024-09-22 06:53:45.409 [info] > git for-each-ref --sort -committerdate --format %(refname) %(objectname) %(*objectname) [124ms]
2024-09-22 06:53:45.461 [info] > git config --get commit.template [56ms]
2024-09-22 06:53:45.463 [info] > git for-each-ref --format=%(refname)%00%(upstream:short)%00%(objectname)%00%(upstream:track)%00%(upstream:remotename)%00%(upstream:remoteref) refs/heads/master refs/remotes/master [12ms]
2024-09-22 06:53:45.517 [info] > git status -z -uall [154ms]
2024-09-22 06:53:50.760 [info] > git remote --verbose [84ms]
2024-09-22 06:53:50.760 [info] > git for-each-ref --sort -committerdate --format %(refname) %(objectname) %(*objectname) [127ms]
2024-09-22 06:53:50.816 [info] > git config --get commit.template [59ms]
2024-09-22 06:53:50.827 [info] > git for-each-ref --format=%(refname)%00%(upstream:short)%00%(objectname)%00%(upstream:track)%00%(upstream:remotename)%00%(upstream:remoteref) refs/heads/master refs/remotes/master [13ms]
2024-09-22 06:53:50.926 [info] > git status -z -uall [211ms]
2024-09-22 06:53:56.136 [info] > git remote --verbose [45ms]
2024-09-22 06:53:56.136 [info] > git for-each-ref --sort -committerdate --format %(refname) %(objectname) %(*objectname) [99ms]
2024-09-22 06:53:56.221 [info] > git config --get commit.template [47ms]
2024-09-22 06:53:56.230 [info] > git for-each-ref --format=%(refname)%00%(upstream:short)%00%(objectname)%00%(upstream:track)%00%(upstream:remotename)%00%(upstream:remoteref) refs/heads/master refs/remotes/master [12ms]
2024-09-22 06:53:56.299 [info] > git status -z -uall [168ms]
2024-09-22 06:54:01.611 [info] > git remote --verbose [86ms]
2024-09-22 06:54:01.611 [info] > git for-each-ref --sort -committerdate --format %(refname) %(objectname) %(*objectname) [131ms]
2024-09-22 06:54:01.657 [info] > git config --get commit.template [48ms]
2024-09-22 06:54:01.666 [info] > git for-each-ref --format=%(refname)%00%(upstream:short)%00%(objectname)%00%(upstream:track)%00%(upstream:remotename)%00%(upstream:remoteref) refs/heads/master refs/remotes/master [11ms]
2024-09-22 06:54:01.712 [info] > git status -z -uall [147ms]
2024-09-22 06:54:06.928 [info] > git remote --verbose [81ms]
2024-09-22 06:54:06.929 [info] > git for-each-ref --sort -committerdate --format %(refname) %(objectname) %(*objectname) [123ms]
2024-09-22 06:54:06.967 [info] > git config --get commit.template [42ms]
2024-09-22 06:54:06.971 [info] > git for-each-ref --format=%(refname)%00%(upstream:short)%00%(objectname)%00%(upstream:track)%00%(upstream:remotename)%00%(upstream:remoteref) refs/heads/master refs/remotes/master [10ms]
2024-09-22 06:54:07.024 [info] > git status -z -uall [137ms]
2024-09-22 06:54:12.301 [info] > git remote --verbose [80ms]
2024-09-22 06:54:12.301 [info] > git for-each-ref --sort -committerdate --format %(refname) %(objectname) %(*objectname) [152ms]
2024-09-22 06:54:12.392 [info] > git config --get commit.template [57ms]
2024-09-22 06:54:12.397 [info] > git for-each-ref --format=%(refname)%00%(upstream:short)%00%(objectname)%00%(upstream:track)%00%(upstream:remotename)%00%(upstream:remoteref) refs/heads/master refs/remotes/master [16ms]
2024-09-22 06:54:12.520 [info] > git show --textconv :c/LinkList.c++ [32ms]
2024-09-22 06:54:12.529 [info] > git status -z -uall [236ms]
2024-09-22 06:54:12.563 [info] > git ls-files --stage -- /root/thsunest01/c/LinkList.c++ [45ms]
2024-09-22 06:54:12.618 [info] > git cat-file -s bf3d8a5b9ea3a471f71e804ba3de308c72bc26c8 [25ms]
2024-09-22 06:54:17.692 [info] > git remote --verbose [64ms]
2024-09-22 06:54:17.692 [info] > git for-each-ref --sort -committerdate --format %(refname) %(objectname) %(*objectname) [94ms]
2024-09-22 06:54:17.699 [info] > git config --get commit.template [11ms]
2024-09-22 06:54:17.753 [info] > git for-each-ref --format=%(refname)%00%(upstream:short)%00%(objectname)%00%(upstream:track)%00%(upstream:remotename)%00%(upstream:remoteref) refs/heads/master refs/remotes/master [13ms]
2024-09-22 06:54:17.864 [info] > git status -z -uall [208ms]
2024-09-22 06:54:20.679 [info] > git show --textconv :.vscode/launch.json [28ms]
2024-09-22 06:54:20.688 [info] > git ls-files --stage -- /root/.vscode/launch.json [9ms]
2024-09-22 06:54:23.023 [info] > git remote --verbose [36ms]
2024-09-22 06:54:23.023 [info] > git for-each-ref --sort -committerdate --format %(refname) %(objectname) %(*objectname) [68ms]
2024-09-22 06:54:23.109 [info] > git config --get commit.template [44ms]
2024-09-22 06:54:23.115 [info] > git for-each-ref --format=%(refname)%00%(upstream:short)%00%(objectname)%00%(upstream:track)%00%(upstream:remotename)%00%(upstream:remoteref) refs/heads/master refs/remotes/master [9ms]
2024-09-22 06:54:23.186 [info] > git status -z -uall [167ms]
2024-09-22 06:54:28.374 [info] > git remote --verbose [74ms]
2024-09-22 06:54:28.375 [info] > git for-each-ref --sort -committerdate --format %(refname) %(objectname) %(*objectname) [116ms]
2024-09-22 06:54:28.422 [info] > git config --get commit.template [51ms]
2024-09-22 06:54:28.430 [info] > git for-each-ref --format=%(refname)%00%(upstream:short)%00%(objectname)%00%(upstream:track)%00%(upstream:remotename)%00%(upstream:remoteref) refs/heads/master refs/remotes/master [12ms]
2024-09-22 06:54:28.491 [info] > git status -z -uall [157ms]
2024-09-22 06:54:33.641 [info] > git remote --verbose [36ms]
2024-09-22 06:54:33.642 [info] > git for-each-ref --sort -committerdate --format %(refname) %(objectname) %(*objectname) [72ms]
2024-09-22 06:54:33.712 [info] > git config --get commit.template [37ms]
2024-09-22 06:54:33.722 [info] > git for-each-ref --format=%(refname)%00%(upstream:short)%00%(objectname)%00%(upstream:track)%00%(upstream:remotename)%00%(upstream:remoteref) refs/heads/master refs/remotes/master [11ms]
2024-09-22 06:54:33.780 [info] > git status -z -uall [142ms]
2024-09-22 06:54:38.985 [info] > git remote --verbose [95ms]
2024-09-22 06:54:38.985 [info] > git for-each-ref --sort -committerdate --format %(refname) %(objectname) %(*objectname) [130ms]
2024-09-22 06:54:39.032 [info] > git config --get commit.template [55ms]
2024-09-22 06:54:39.041 [info] > git for-each-ref --format=%(refname)%00%(upstream:short)%00%(objectname)%00%(upstream:track)%00%(upstream:remotename)%00%(upstream:remoteref) refs/heads/master refs/remotes/master [12ms]
2024-09-22 06:54:39.103 [info] > git status -z -uall [174ms]
2024-09-22 06:54:44.340 [info] > git remote --verbose [109ms]
2024-09-22 06:54:44.341 [info] > git for-each-ref --sort -committerdate --format %(refname) %(objectname) %(*objectname) [157ms]
2024-09-22 06:54:44.349 [info] > git config --get commit.template [19ms]
2024-09-22 06:54:44.414 [info] > git for-each-ref --format=%(refname)%00%(upstream:short)%00%(objectname)%00%(upstream:track)%00%(upstream:remotename)%00%(upstream:remoteref) refs/heads/master refs/remotes/master [14ms]
2024-09-22 06:54:44.587 [info] > git status -z -uall [314ms]
2024-09-22 06:54:49.804 [info] > git remote --verbose [86ms]
2024-09-22 06:54:49.805 [info] > git for-each-ref --sort -committerdate --format %(refname) %(objectname) %(*objectname) [120ms]
2024-09-22 06:54:49.808 [info] > git config --get commit.template [14ms]
2024-09-22 06:54:49.861 [info] > git for-each-ref --format=%(refname)%00%(upstream:short)%00%(objectname)%00%(upstream:track)%00%(upstream:remotename)%00%(upstream:remoteref) refs/heads/master refs/remotes/master [15ms]
2024-09-22 06:54:49.943 [info] > git status -z -uall [188ms]
2024-09-22 06:54:57.558 [info] > git remote --verbose [99ms]
2024-09-22 06:54:57.559 [info] > git for-each-ref --sort -committerdate --format %(refname) %(objectname) %(*objectname) [148ms]
2024-09-22 06:54:57.563 [info] > git config --get commit.template [13ms]
2024-09-22 06:54:57.616 [info] > git for-each-ref --format=%(refname)%00%(upstream:short)%00%(objectname)%00%(upstream:track)%00%(upstream:remotename)%00%(upstream:remoteref) refs/heads/master refs/remotes/master [11ms]
2024-09-22 06:54:57.677 [info] > git status -z -uall [181ms]
2024-09-22 06:55:01.091 [info] > git show --textconv :c/LinkList.c++ [50ms]
2024-09-22 06:55:01.140 [info] > git ls-files --stage -- /root/thsunest01/c/LinkList.c++ [56ms]
2024-09-22 06:55:01.240 [info] > git cat-file -s bf3d8a5b9ea3a471f71e804ba3de308c72bc26c8 [61ms]
2024-09-22 06:55:03.520 [info] > git remote --verbose [79ms]
2024-09-22 06:55:03.520 [info] > git for-each-ref --sort -committerdate --format %(refname) %(objectname) %(*objectname) [113ms]
2024-09-22 06:55:03.524 [info] > git config --get commit.template [13ms]
2024-09-22 06:55:03.575 [info] > git for-each-ref --format=%(refname)%00%(upstream:short)%00%(objectname)%00%(upstream:track)%00%(upstream:remotename)%00%(upstream:remoteref) refs/heads/master refs/remotes/master [17ms]
2024-09-22 06:55:03.655 [info] > git status -z -uall [180ms]
2024-09-22 06:55:08.833 [info] > git remote --verbose [56ms]
2024-09-22 06:55:08.834 [info] > git for-each-ref --sort -committerdate --format %(refname) %(objectname) %(*objectname) [104ms]
2024-09-22 06:55:08.899 [info] > git config --get commit.template [11ms]
2024-09-22 06:55:08.958 [info] > git for-each-ref --format=%(refname)%00%(upstream:short)%00%(objectname)%00%(upstream:track)%00%(upstream:remotename)%00%(upstream:remoteref) refs/heads/master refs/remotes/master [12ms]
2024-09-22 06:55:09.041 [info] > git status -z -uall [222ms]
2024-09-22 06:55:14.272 [info] > git remote --verbose [82ms]
2024-09-22 06:55:14.273 [info] > git for-each-ref --sort -committerdate --format %(refname) %(objectname) %(*objectname) [138ms]
2024-09-22 06:55:14.290 [info] > git config --get commit.template [23ms]
2024-09-22 06:55:14.344 [info] > git for-each-ref --format=%(refname)%00%(upstream:short)%00%(objectname)%00%(upstream:track)%00%(upstream:remotename)%00%(upstream:remoteref) refs/heads/master refs/remotes/master [16ms]
2024-09-22 06:55:14.471 [info] > git status -z -uall [245ms]
2024-09-22 06:55:14.472 [info] > git show --textconv :.vscode/launch.json [42ms]
2024-09-22 06:55:14.478 [info] > git ls-files --stage -- /root/.vscode/launch.json [11ms]
2024-09-22 06:55:19.045 [info] > git show --textconv :c/LinkList.c++ [45ms]
2024-09-22 06:55:19.054 [info] > git ls-files --stage -- /root/thsunest01/c/LinkList.c++ [12ms]
2024-09-22 06:55:19.106 [info] > git cat-file -s bf3d8a5b9ea3a471f71e804ba3de308c72bc26c8 [16ms]
2024-09-22 06:55:19.691 [info] > git remote --verbose [86ms]
2024-09-22 06:55:19.691 [info] > git for-each-ref --sort -committerdate --format %(refname) %(objectname) %(*objectname) [119ms]
2024-09-22 06:55:19.695 [info] > git config --get commit.template [13ms]
2024-09-22 06:55:19.749 [info] > git for-each-ref --format=%(refname)%00%(upstream:short)%00%(objectname)%00%(upstream:track)%00%(upstream:remotename)%00%(upstream:remoteref) refs/heads/master refs/remotes/master [17ms]
2024-09-22 06:55:19.867 [info] > git status -z -uall [227ms]
2024-09-22 06:55:25.040 [info] > git remote --verbose [52ms]
2024-09-22 06:55:25.041 [info] > git for-each-ref --sort -committerdate --format %(refname) %(objectname) %(*objectname) [101ms]
2024-09-22 06:55:25.137 [info] > git config --get commit.template [52ms]
2024-09-22 06:55:25.152 [info] > git for-each-ref --format=%(refname)%00%(upstream:short)%00%(objectname)%00%(upstream:track)%00%(upstream:remotename)%00%(upstream:remoteref) refs/heads/master refs/remotes/master [17ms]
2024-09-22 06:55:25.222 [info] > git status -z -uall [187ms]
2024-09-22 06:55:30.451 [info] > git remote --verbose [97ms]
2024-09-22 06:55:30.452 [info] > git for-each-ref --sort -committerdate --format %(refname) %(objectname) %(*objectname) [151ms]
2024-09-22 06:55:30.583 [info] > git config --get commit.template [68ms]
2024-09-22 06:55:30.591 [info] > git for-each-ref --format=%(refname)%00%(upstream:short)%00%(objectname)%00%(upstream:track)%00%(upstream:remotename)%00%(upstream:remoteref) refs/heads/master refs/remotes/master [14ms]
2024-09-22 06:55:30.642 [info] > git status -z -uall [234ms]
2024-09-22 06:55:35.863 [info] > git remote --verbose [99ms]
2024-09-22 06:55:35.863 [info] > git for-each-ref --sort -committerdate --format %(refname) %(objectname) %(*objectname) [144ms]
2024-09-22 06:55:35.866 [info] > git config --get commit.template [15ms]
2024-09-22 06:55:35.916 [info] > git for-each-ref --format=%(refname)%00%(upstream:short)%00%(objectname)%00%(upstream:track)%00%(upstream:remotename)%00%(upstream:remoteref) refs/heads/master refs/remotes/master [13ms]
2024-09-22 06:55:35.988 [info] > git status -z -uall [181ms]
2024-09-22 06:55:41.248 [info] > git remote --verbose [88ms]
2024-09-22 06:55:41.248 [info] > git for-each-ref --sort -committerdate --format %(refname) %(objectname) %(*objectname) [134ms]
2024-09-22 06:55:41.294 [info] > git config --get commit.template [49ms]
2024-09-22 06:55:41.303 [info] > git for-each-ref --format=%(refname)%00%(upstream:short)%00%(objectname)%00%(upstream:track)%00%(upstream:remotename)%00%(upstream:remoteref) refs/heads/master refs/remotes/master [10ms]
2024-09-22 06:55:41.342 [info] > git status -z -uall [140ms]
2024-09-22 06:55:43.692 [info] > git show --textconv :.vscode/launch.json [32ms]
2024-09-22 06:55:43.701 [info] > git ls-files --stage -- /root/.vscode/launch.json [11ms]
2024-09-22 06:55:46.548 [info] > git remote --verbose [92ms]
2024-09-22 06:55:46.549 [info] > git for-each-ref --sort -committerdate --format %(refname) %(objectname) %(*objectname) [132ms]
2024-09-22 06:55:46.551 [info] > git config --get commit.template [8ms]
2024-09-22 06:55:46.617 [info] > git for-each-ref --format=%(refname)%00%(upstream:short)%00%(objectname)%00%(upstream:track)%00%(upstream:remotename)%00%(upstream:remoteref) refs/heads/master refs/remotes/master [20ms]
2024-09-22 06:55:46.673 [info] > git status -z -uall [181ms]
2024-09-22 06:55:51.871 [info] > git remote --verbose [35ms]
2024-09-22 06:55:51.871 [info] > git for-each-ref --sort -committerdate --format %(refname) %(objectname) %(*objectname) [75ms]
2024-09-22 06:55:51.937 [info] > git config --get commit.template [36ms]
2024-09-22 06:55:51.948 [info] > git for-each-ref --format=%(refname)%00%(upstream:short)%00%(objectname)%00%(upstream:track)%00%(upstream:remotename)%00%(upstream:remoteref) refs/heads/master refs/remotes/master [13ms]
2024-09-22 06:55:52.091 [info] > git status -z -uall [225ms]
2024-09-22 06:55:57.284 [info] > git remote --verbose [88ms]
2024-09-22 06:55:57.284 [info] > git for-each-ref --sort -committerdate --format %(refname) %(objectname) %(*objectname) [129ms]
2024-09-22 06:55:57.292 [info] > git config --get commit.template [15ms]
2024-09-22 06:55:57.347 [info] > git for-each-ref --format=%(refname)%00%(upstream:short)%00%(objectname)%00%(upstream:track)%00%(upstream:remotename)%00%(upstream:remoteref) refs/heads/master refs/remotes/master [13ms]
2024-09-22 06:55:57.401 [info] > git status -z -uall [172ms]
2024-09-22 06:56:01.510 [info] > git show --textconv :c/LinkList.c++ [42ms]
2024-09-22 06:56:01.521 [info] > git ls-files --stage -- /root/thsunest01/c/LinkList.c++ [13ms]
2024-09-22 06:56:01.578 [info] > git cat-file -s bf3d8a5b9ea3a471f71e804ba3de308c72bc26c8 [23ms]
2024-09-22 06:56:02.566 [info] > git remote --verbose [48ms]
2024-09-22 06:56:02.567 [info] > git for-each-ref --sort -committerdate --format %(refname) %(objectname) %(*objectname) [101ms]
2024-09-22 06:56:02.638 [info] > git config --get commit.template [39ms]
2024-09-22 06:56:02.644 [info] > git for-each-ref --format=%(refname)%00%(upstream:short)%00%(objectname)%00%(upstream:track)%00%(upstream:remotename)%00%(upstream:remoteref) refs/heads/master refs/remotes/master [11ms]
2024-09-22 06:56:02.732 [info] > git status -z -uall [176ms]
2024-09-22 06:56:07.909 [info] > git remote --verbose [67ms]
2024-09-22 06:56:07.909 [info] > git for-each-ref --sort -committerdate --format %(refname) %(objectname) %(*objectname) [106ms]
2024-09-22 06:56:07.948 [info] > git config --get commit.template [42ms]
2024-09-22 06:56:07.958 [info] > git for-each-ref --format=%(refname)%00%(upstream:short)%00%(objectname)%00%(upstream:track)%00%(upstream:remotename)%00%(upstream:remoteref) refs/heads/master refs/remotes/master [13ms]
2024-09-22 06:56:08.048 [info] > git status -z -uall [174ms]
2024-09-22 06:56:13.293 [info] > git remote --verbose [87ms]
2024-09-22 06:56:13.293 [info] > git for-each-ref --sort -committerdate --format %(refname) %(objectname) %(*objectname) [136ms]
2024-09-22 06:56:13.335 [info] > git config --get commit.template [46ms]
2024-09-22 06:56:13.344 [info] > git for-each-ref --format=%(refname)%00%(upstream:short)%00%(objectname)%00%(upstream:track)%00%(upstream:remotename)%00%(upstream:remoteref) refs/heads/master refs/remotes/master [11ms]
2024-09-22 06:56:13.390 [info] > git status -z -uall [144ms]
2024-09-22 06:56:16.977 [info] > git show --textconv :.vscode/launch.json [40ms]
2024-09-22 06:56:16.988 [info] > git ls-files --stage -- /root/.vscode/launch.json [12ms]
2024-09-22 06:56:18.633 [info] > git remote --verbose [90ms]
2024-09-22 06:56:18.633 [info] > git for-each-ref --sort -committerdate --format %(refname) %(objectname) %(*objectname) [139ms]
2024-09-22 06:56:18.675 [info] > git config --get commit.template [43ms]
2024-09-22 06:56:18.683 [info] > git for-each-ref --format=%(refname)%00%(upstream:short)%00%(objectname)%00%(upstream:track)%00%(upstream:remotename)%00%(upstream:remoteref) refs/heads/master refs/remotes/master [11ms]
2024-09-22 06:56:18.819 [info] > git status -z -uall [232ms]
2024-09-22 06:56:24.057 [info] > git show --textconv :c/LinkList.c++ [182ms]
2024-09-22 06:56:24.063 [info] > git remote --verbose [90ms]
2024-09-22 06:56:24.063 [info] > git for-each-ref --sort -committerdate --format %(refname) %(objectname) %(*objectname) [123ms]
2024-09-22 06:56:24.064 [info] > git ls-files --stage -- /root/thsunest01/c/LinkList.c++ [157ms]
2024-09-22 06:56:24.119 [info] > git config --get commit.template [72ms]
2024-09-22 06:56:24.167 [info] > git cat-file -s bf3d8a5b9ea3a471f71e804ba3de308c72bc26c8 [58ms]
2024-09-22 06:56:24.183 [info] > git for-each-ref --format=%(refname)%00%(upstream:short)%00%(objectname)%00%(upstream:track)%00%(upstream:remotename)%00%(upstream:remoteref) refs/heads/master refs/remotes/master [21ms]
2024-09-22 06:56:24.248 [info] > git status -z -uall [243ms]
2024-09-22 06:56:29.469 [info] > git remote --verbose [83ms]
2024-09-22 06:56:29.470 [info] > git for-each-ref --sort -committerdate --format %(refname) %(objectname) %(*objectname) [133ms]
2024-09-22 06:56:29.512 [info] > git config --get commit.template [47ms]
2024-09-22 06:56:29.521 [info] > git for-each-ref --format=%(refname)%00%(upstream:short)%00%(objectname)%00%(upstream:track)%00%(upstream:remotename)%00%(upstream:remoteref) refs/heads/master refs/remotes/master [10ms]
2024-09-22 06:56:29.569 [info] > git status -z -uall [145ms]
2024-09-22 06:56:34.811 [info] > git remote --verbose [85ms]
2024-09-22 06:56:34.815 [info] > git for-each-ref --sort -committerdate --format %(refname) %(objectname) %(*objectname) [134ms]
2024-09-22 06:56:34.863 [info] > git config --get commit.template [55ms]
2024-09-22 06:56:34.871 [info] > git for-each-ref --format=%(refname)%00%(upstream:short)%00%(objectname)%00%(upstream:track)%00%(upstream:remotename)%00%(upstream:remoteref) refs/heads/master refs/remotes/master [12ms]
2024-09-22 06:56:34.913 [info] > git status -z -uall [148ms]
2024-09-22 06:56:40.165 [info] > git remote --verbose [88ms]
2024-09-22 06:56:40.165 [info] > git for-each-ref --sort -committerdate --format %(refname) %(objectname) %(*objectname) [132ms]
2024-09-22 06:56:40.220 [info] > git config --get commit.template [61ms]
2024-09-22 06:56:40.224 [info] > git for-each-ref --format=%(refname)%00%(upstream:short)%00%(objectname)%00%(upstream:track)%00%(upstream:remotename)%00%(upstream:remoteref) refs/heads/master refs/remotes/master [13ms]
2024-09-22 06:56:40.292 [info] > git status -z -uall [175ms]
2024-09-22 06:56:45.554 [info] > git remote --verbose [92ms]
2024-09-22 06:56:45.554 [info] > git for-each-ref --sort -committerdate --format %(refname) %(objectname) %(*objectname) [136ms]
2024-09-22 06:56:45.601 [info] > git config --get commit.template [56ms]
2024-09-22 06:56:45.610 [info] > git for-each-ref --format=%(refname)%00%(upstream:short)%00%(objectname)%00%(upstream:track)%00%(upstream:remotename)%00%(upstream:remoteref) refs/heads/master refs/remotes/master [12ms]
2024-09-22 06:56:45.666 [info] > git status -z -uall [167ms]
2024-09-22 06:56:50.890 [info] > git remote --verbose [90ms]
2024-09-22 06:56:50.891 [info] > git for-each-ref --sort -committerdate --format %(refname) %(objectname) %(*objectname) [132ms]
2024-09-22 06:56:50.948 [info] > git config --get commit.template [64ms]
2024-09-22 06:56:50.953 [info] > git for-each-ref --format=%(refname)%00%(upstream:short)%00%(objectname)%00%(upstream:track)%00%(upstream:remotename)%00%(upstream:remoteref) refs/heads/master refs/remotes/master [18ms]
2024-09-22 06:56:51.029 [info] > git status -z -uall [190ms]
2024-09-22 06:56:56.289 [info] > git remote --verbose [92ms]
2024-09-22 06:56:56.289 [info] > git for-each-ref --sort -committerdate --format %(refname) %(objectname) %(*objectname) [137ms]
2024-09-22 06:56:56.339 [info] > git config --get commit.template [54ms]
2024-09-22 06:56:56.348 [info] > git for-each-ref --format=%(refname)%00%(upstream:short)%00%(objectname)%00%(upstream:track)%00%(upstream:remotename)%00%(upstream:remoteref) refs/heads/master refs/remotes/master [12ms]
2024-09-22 06:56:56.416 [info] > git status -z -uall [177ms]
2024-09-22 06:57:01.668 [info] > git remote --verbose [92ms]
2024-09-22 06:57:01.668 [info] > git for-each-ref --sort -committerdate --format %(refname) %(objectname) %(*objectname) [137ms]
2024-09-22 06:57:01.675 [info] > git config --get commit.template [14ms]
2024-09-22 06:57:01.732 [info] > git for-each-ref --format=%(refname)%00%(upstream:short)%00%(objectname)%00%(upstream:track)%00%(upstream:remotename)%00%(upstream:remoteref) refs/heads/master refs/remotes/master [15ms]
2024-09-22 06:57:01.783 [info] > git status -z -uall [167ms]
2024-09-22 06:57:07.091 [info] > git remote --verbose [95ms]
2024-09-22 06:57:07.091 [info] > git for-each-ref --sort -committerdate --format %(refname) %(objectname) %(*objectname) [140ms]
2024-09-22 06:57:07.146 [info] > git config --get commit.template [59ms]
2024-09-22 06:57:07.156 [info] > git for-each-ref --format=%(refname)%00%(upstream:short)%00%(objectname)%00%(upstream:track)%00%(upstream:remotename)%00%(upstream:remoteref) refs/heads/master refs/remotes/master [13ms]
2024-09-22 06:57:07.253 [info] > git status -z -uall [214ms]
2024-09-22 06:57:12.481 [info] > git remote --verbose [87ms]
2024-09-22 06:57:12.482 [info] > git for-each-ref --sort -committerdate --format %(refname) %(objectname) %(*objectname) [129ms]
2024-09-22 06:57:12.542 [info] > git config --get commit.template [65ms]
2024-09-22 06:57:12.550 [info] > git for-each-ref --format=%(refname)%00%(upstream:short)%00%(objectname)%00%(upstream:track)%00%(upstream:remotename)%00%(upstream:remoteref) refs/heads/master refs/remotes/master [15ms]
2024-09-22 06:57:12.611 [info] > git status -z -uall [178ms]
2024-09-22 06:57:17.836 [info] > git remote --verbose [39ms]
2024-09-22 06:57:17.837 [info] > git for-each-ref --sort -committerdate --format %(refname) %(objectname) %(*objectname) [80ms]
2024-09-22 06:57:17.910 [info] > git config --get commit.template [41ms]
2024-09-22 06:57:17.917 [info] > git for-each-ref --format=%(refname)%00%(upstream:short)%00%(objectname)%00%(upstream:track)%00%(upstream:remotename)%00%(upstream:remoteref) refs/heads/master refs/remotes/master [11ms]
2024-09-22 06:57:17.989 [info] > git status -z -uall [157ms]
2024-09-22 06:57:23.208 [info] > git remote --verbose [79ms]
2024-09-22 06:57:23.209 [info] > git for-each-ref --sort -committerdate --format %(refname) %(objectname) %(*objectname) [121ms]
2024-09-22 06:57:23.258 [info] > git config --get commit.template [52ms]
2024-09-22 06:57:23.263 [info] > git for-each-ref --format=%(refname)%00%(upstream:short)%00%(objectname)%00%(upstream:track)%00%(upstream:remotename)%00%(upstream:remoteref) refs/heads/master refs/remotes/master [12ms]
2024-09-22 06:57:23.323 [info] > git status -z -uall [157ms]
2024-09-22 06:57:28.530 [info] > git remote --verbose [43ms]
2024-09-22 06:57:28.530 [info] > git for-each-ref --sort -committerdate --format %(refname) %(objectname) %(*objectname) [90ms]
2024-09-22 06:57:28.612 [info] > git config --get commit.template [42ms]
2024-09-22 06:57:28.620 [info] > git for-each-ref --format=%(refname)%00%(upstream:short)%00%(objectname)%00%(upstream:track)%00%(upstream:remotename)%00%(upstream:remoteref) refs/heads/master refs/remotes/master [11ms]
2024-09-22 06:57:28.676 [info] > git status -z -uall [151ms]
2024-09-22 06:57:33.922 [info] > git remote --verbose [80ms]
2024-09-22 06:57:33.922 [info] > git for-each-ref --sort -committerdate --format %(refname) %(objectname) %(*objectname) [125ms]
2024-09-22 06:57:33.961 [info] > git config --get commit.template [45ms]
2024-09-22 06:57:33.970 [info] > git for-each-ref --format=%(refname)%00%(upstream:short)%00%(objectname)%00%(upstream:track)%00%(upstream:remotename)%00%(upstream:remoteref) refs/heads/master refs/remotes/master [11ms]
2024-09-22 06:57:34.038 [info] > git status -z -uall [161ms]
2024-09-22 06:57:39.302 [info] > git remote --verbose [116ms]
2024-09-22 06:57:39.303 [info] > git for-each-ref --sort -committerdate --format %(refname) %(objectname) %(*objectname) [167ms]
2024-09-22 06:57:39.356 [info] > git config --get commit.template [56ms]
2024-09-22 06:57:39.368 [info] > git for-each-ref --format=%(refname)%00%(upstream:short)%00%(objectname)%00%(upstream:track)%00%(upstream:remotename)%00%(upstream:remoteref) refs/heads/master refs/remotes/master [15ms]
2024-09-22 06:57:39.471 [info] > git status -z -uall [232ms]
2024-09-22 06:57:44.712 [info] > git remote --verbose [88ms]
2024-09-22 06:57:44.713 [info] > git for-each-ref --sort -committerdate --format %(refname) %(objectname) %(*objectname) [132ms]
2024-09-22 06:57:44.759 [info] > git config --get commit.template [52ms]
2024-09-22 06:57:44.768 [info] > git for-each-ref --format=%(refname)%00%(upstream:short)%00%(objectname)%00%(upstream:track)%00%(upstream:remotename)%00%(upstream:remoteref) refs/heads/master refs/remotes/master [14ms]
2024-09-22 06:57:44.824 [info] > git status -z -uall [158ms]
2024-09-22 06:57:50.044 [info] > git remote --verbose [49ms]
2024-09-22 06:57:50.044 [info] > git for-each-ref --sort -committerdate --format %(refname) %(objectname) %(*objectname) [94ms]
2024-09-22 06:57:50.132 [info] > git config --get commit.template [47ms]
2024-09-22 06:57:50.143 [info] > git for-each-ref --format=%(refname)%00%(upstream:short)%00%(objectname)%00%(upstream:track)%00%(upstream:remotename)%00%(upstream:remoteref) refs/heads/master refs/remotes/master [13ms]
2024-09-22 06:57:50.204 [info] > git status -z -uall [166ms]
2024-09-22 06:57:55.431 [info] > git remote --verbose [85ms]
2024-09-22 06:57:55.432 [info] > git for-each-ref --sort -committerdate --format %(refname) %(objectname) %(*objectname) [129ms]
2024-09-22 06:57:55.476 [info] > git config --get commit.template [48ms]
2024-09-22 06:57:55.542 [info] > git for-each-ref --format=%(refname)%00%(upstream:short)%00%(objectname)%00%(upstream:track)%00%(upstream:remotename)%00%(upstream:remoteref) refs/heads/master refs/remotes/master [69ms]
2024-09-22 06:57:55.578 [info] > git status -z -uall [194ms]
2024-09-22 06:58:00.758 [info] > git remote --verbose [67ms]
2024-09-22 06:58:00.758 [info] > git for-each-ref --sort -committerdate --format %(refname) %(objectname) %(*objectname) [103ms]
2024-09-22 06:58:00.797 [info] > git config --get commit.template [41ms]
2024-09-22 06:58:00.807 [info] > git for-each-ref --format=%(refname)%00%(upstream:short)%00%(objectname)%00%(upstream:track)%00%(upstream:remotename)%00%(upstream:remoteref) refs/heads/master refs/remotes/master [12ms]
2024-09-22 06:58:00.855 [info] > git status -z -uall [134ms]
2024-09-22 06:58:06.021 [info] > git remote --verbose [63ms]
2024-09-22 06:58:06.021 [info] > git for-each-ref --sort -committerdate --format %(refname) %(objectname) %(*objectname) [93ms]
2024-09-22 06:58:06.064 [info] > git config --get commit.template [47ms]
2024-09-22 06:58:06.070 [info] > git for-each-ref --format=%(refname)%00%(upstream:short)%00%(objectname)%00%(upstream:track)%00%(upstream:remotename)%00%(upstream:remoteref) refs/heads/master refs/remotes/master [11ms]
2024-09-22 06:58:06.142 [info] > git status -z -uall [155ms]
2024-09-22 06:58:11.408 [info] > git remote --verbose [85ms]
2024-09-22 06:58:11.408 [info] > git for-each-ref --sort -committerdate --format %(refname) %(objectname) %(*objectname) [126ms]
2024-09-22 06:58:11.410 [info] > git config --get commit.template [12ms]
2024-09-22 06:58:11.449 [info] > git for-each-ref --format=%(refname)%00%(upstream:short)%00%(objectname)%00%(upstream:track)%00%(upstream:remotename)%00%(upstream:remoteref) refs/heads/master refs/remotes/master [9ms]
2024-09-22 06:58:11.488 [info] > git status -z -uall [130ms]
2024-09-22 06:59:11.174 [info] > git remote --verbose [54113ms]
2024-09-22 06:59:11.183 [info] > git for-each-ref --sort -committerdate --format %(refname) %(objectname) %(*objectname) [54178ms]
2024-09-22 06:59:11.395 [info] > git config --get commit.template [46ms]
2024-09-22 06:59:11.486 [info] > git for-each-ref --format=%(refname)%00%(upstream:short)%00%(objectname)%00%(upstream:track)%00%(upstream:remotename)%00%(upstream:remoteref) refs/heads/master refs/remotes/master [38ms]
2024-09-22 06:59:11.706 [info] > git status -z -uall [596ms]
2024-09-22 06:59:14.715 [info] > git show --textconv :.vscode/launch.json [29ms]
2024-09-22 06:59:14.730 [info] > git ls-files --stage -- /root/.vscode/launch.json [16ms]
2024-09-22 06:59:16.217 [info] > git show --textconv :c/LinkList.c++ [46ms]
2024-09-22 06:59:16.220 [info] > git ls-files --stage -- /root/thsunest01/c/LinkList.c++ [19ms]
2024-09-22 06:59:16.271 [info] > git cat-file -s bf3d8a5b9ea3a471f71e804ba3de308c72bc26c8 [17ms]
2024-09-22 06:59:16.923 [info] > git remote --verbose [63ms]
2024-09-22 06:59:16.924 [info] > git for-each-ref --sort -committerdate --format %(refname) %(objectname) %(*objectname) [89ms]
2024-09-22 06:59:16.966 [info] > git config --get commit.template [46ms]
2024-09-22 06:59:16.987 [info] > git for-each-ref --format=%(refname)%00%(upstream:short)%00%(objectname)%00%(upstream:track)%00%(upstream:remotename)%00%(upstream:remoteref) refs/heads/master refs/remotes/master [28ms]
2024-09-22 06:59:17.121 [info] > git status -z -uall [235ms]
2024-09-22 06:59:22.299 [info] > git remote --verbose [42ms]
2024-09-22 06:59:22.299 [info] > git for-each-ref --sort -committerdate --format %(refname) %(objectname) %(*objectname) [89ms]
2024-09-22 06:59:22.437 [info] > git config --get commit.template [102ms]
2024-09-22 06:59:22.458 [info] > git for-each-ref --format=%(refname)%00%(upstream:short)%00%(objectname)%00%(upstream:track)%00%(upstream:remotename)%00%(upstream:remoteref) refs/heads/master refs/remotes/master [26ms]
2024-09-22 06:59:22.596 [info] > git status -z -uall [301ms]
2024-09-22 06:59:27.803 [info] > git remote --verbose [81ms]
2024-09-22 06:59:27.804 [info] > git for-each-ref --sort -committerdate --format %(refname) %(objectname) %(*objectname) [121ms]
2024-09-22 06:59:27.808 [info] > git config --get commit.template [14ms]
2024-09-22 06:59:27.867 [info] > git for-each-ref --format=%(refname)%00%(upstream:short)%00%(objectname)%00%(upstream:track)%00%(upstream:remotename)%00%(upstream:remoteref) refs/heads/master refs/remotes/master [18ms]
2024-09-22 06:59:28.023 [info] > git status -z -uall [265ms]
2024-09-22 06:59:33.283 [info] > git remote --verbose [102ms]
2024-09-22 06:59:33.284 [info] > git for-each-ref --sort -committerdate --format %(refname) %(objectname) %(*objectname) [162ms]
2024-09-22 06:59:33.338 [info] > git config --get commit.template [12ms]
2024-09-22 06:59:33.386 [info] > git for-each-ref --format=%(refname)%00%(upstream:short)%00%(objectname)%00%(upstream:track)%00%(upstream:remotename)%00%(upstream:remoteref) refs/heads/master refs/remotes/master [4ms]
2024-09-22 06:59:33.423 [info] > git status -z -uall [194ms]
2024-09-22 06:59:38.661 [info] > git remote --verbose [100ms]
2024-09-22 06:59:38.661 [info] > git for-each-ref --sort -committerdate --format %(refname) %(objectname) %(*objectname) [149ms]
2024-09-22 06:59:38.665 [info] > git config --get commit.template [15ms]
2024-09-22 06:59:38.730 [info] > git for-each-ref --format=%(refname)%00%(upstream:short)%00%(objectname)%00%(upstream:track)%00%(upstream:remotename)%00%(upstream:remoteref) refs/heads/master refs/remotes/master [21ms]
2024-09-22 06:59:38.910 [info] > git status -z -uall [306ms]
2024-09-22 06:59:44.108 [info] > git remote --verbose [91ms]
2024-09-22 06:59:44.109 [info] > git for-each-ref --sort -committerdate --format %(refname) %(objectname) %(*objectname) [123ms]
2024-09-22 06:59:44.114 [info] > git config --get commit.template [23ms]
2024-09-22 06:59:44.175 [info] > git for-each-ref --format=%(refname)%00%(upstream:short)%00%(objectname)%00%(upstream:track)%00%(upstream:remotename)%00%(upstream:remoteref) refs/heads/master refs/remotes/master [17ms]
2024-09-22 06:59:44.313 [info] > git status -z -uall [264ms]
2024-09-22 06:59:49.508 [info] > git remote --verbose [50ms]
2024-09-22 06:59:49.509 [info] > git for-each-ref --sort -committerdate --format %(refname) %(objectname) %(*objectname) [99ms]
2024-09-22 06:59:49.600 [info] > git config --get commit.template [48ms]
2024-09-22 06:59:49.607 [info] > git for-each-ref --format=%(refname)%00%(upstream:short)%00%(objectname)%00%(upstream:track)%00%(upstream:remotename)%00%(upstream:remoteref) refs/heads/master refs/remotes/master [11ms]
2024-09-22 06:59:49.686 [info] > git status -z -uall [185ms]
2024-09-22 06:59:54.924 [info] > git remote --verbose [98ms]
2024-09-22 06:59:54.924 [info] > git for-each-ref --sort -committerdate --format %(refname) %(objectname) %(*objectname) [139ms]
2024-09-22 06:59:54.927 [info] > git config --get commit.template [12ms]
2024-09-22 06:59:54.983 [info] > git for-each-ref --format=%(refname)%00%(upstream:short)%00%(objectname)%00%(upstream:track)%00%(upstream:remotename)%00%(upstream:remoteref) refs/heads/master refs/remotes/master [11ms]
2024-09-22 06:59:55.057 [info] > git status -z -uall [190ms]
2024-09-22 07:00:00.249 [info] > git remote --verbose [52ms]
2024-09-22 07:00:00.249 [info] > git for-each-ref --sort -committerdate --format %(refname) %(objectname) %(*objectname) [95ms]
2024-09-22 07:00:00.362 [info] > git config --get commit.template [67ms]
2024-09-22 07:00:00.372 [info] > git for-each-ref --format=%(refname)%00%(upstream:short)%00%(objectname)%00%(upstream:track)%00%(upstream:remotename)%00%(upstream:remoteref) refs/heads/master refs/remotes/master [14ms]
2024-09-22 07:00:00.478 [info] > git status -z -uall [236ms]
2024-09-22 07:00:05.755 [info] > git remote --verbose [123ms]
2024-09-22 07:00:05.756 [info] > git for-each-ref --sort -committerdate --format %(refname) %(objectname) %(*objectname) [179ms]
2024-09-22 07:00:05.764 [info] > git config --get commit.template [14ms]
2024-09-22 07:00:05.824 [info] > git for-each-ref --format=%(refname)%00%(upstream:short)%00%(objectname)%00%(upstream:track)%00%(upstream:remotename)%00%(upstream:remoteref) refs/heads/master refs/remotes/master [12ms]
2024-09-22 07:00:05.889 [info] > git status -z -uall [191ms]
2024-09-22 07:00:11.143 [info] > git remote --verbose [95ms]
2024-09-22 07:00:11.144 [info] > git for-each-ref --sort -committerdate --format %(refname) %(objectname) %(*objectname) [148ms]
2024-09-22 07:00:11.153 [info] > git config --get commit.template [14ms]
2024-09-22 07:00:11.229 [info] > git for-each-ref --format=%(refname)%00%(upstream:short)%00%(objectname)%00%(upstream:track)%00%(upstream:remotename)%00%(upstream:remoteref) refs/heads/master refs/remotes/master [23ms]
2024-09-22 07:00:11.403 [info] > git status -z -uall [310ms]
2024-09-22 07:00:16.667 [info] > git show --textconv :.vscode/launch.json [219ms]
2024-09-22 07:00:16.674 [info] > git remote --verbose [92ms]
2024-09-22 07:00:16.674 [info] > git for-each-ref --sort -committerdate --format %(refname) %(objectname) %(*objectname) [132ms]
2024-09-22 07:00:16.675 [info] > git ls-files --stage -- /root/.vscode/launch.json [178ms]
2024-09-22 07:00:16.684 [info] > git config --get commit.template [23ms]
2024-09-22 07:00:16.763 [info] > git for-each-ref --format=%(refname)%00%(upstream:short)%00%(objectname)%00%(upstream:track)%00%(upstream:remotename)%00%(upstream:remoteref) refs/heads/master refs/remotes/master [33ms]
2024-09-22 07:00:16.841 [info] > git status -z -uall [223ms]
2024-09-22 07:00:17.864 [info] > git show --textconv :c/栈.c++ [43ms]
2024-09-22 07:00:17.877 [info] > git ls-files --stage -- /root/thsunest01/c/栈.c++ [16ms]
2024-09-22 07:00:17.939 [info] > git cat-file -s e8adbfb3b6de1a38a89747d7619caf3890de1239 [23ms]
2024-09-22 07:00:22.059 [info] > git remote --verbose [97ms]
2024-09-22 07:00:22.060 [info] > git for-each-ref --sort -committerdate --format %(refname) %(objectname) %(*objectname) [135ms]
2024-09-22 07:00:22.064 [info] > git config --get commit.template [19ms]
2024-09-22 07:00:22.120 [info] > git for-each-ref --format=%(refname)%00%(upstream:short)%00%(objectname)%00%(upstream:track)%00%(upstream:remotename)%00%(upstream:remoteref) refs/heads/master refs/remotes/master [13ms]
2024-09-22 07:00:22.183 [info] > git status -z -uall [185ms]
2024-09-22 07:00:27.420 [info] > git remote --verbose [104ms]
2024-09-22 07:00:27.420 [info] > git for-each-ref --sort -committerdate --format %(refname) %(objectname) %(*objectname) [151ms]
2024-09-22 07:00:27.423 [info] > git config --get commit.template [10ms]
2024-09-22 07:00:27.498 [info] > git for-each-ref --format=%(refname)%00%(upstream:short)%00%(objectname)%00%(upstream:track)%00%(upstream:remotename)%00%(upstream:remoteref) refs/heads/master refs/remotes/master [20ms]
2024-09-22 07:00:27.579 [info] > git status -z -uall [224ms]
2024-09-22 07:00:32.869 [info] > git remote --verbose [121ms]
2024-09-22 07:00:32.869 [info] > git for-each-ref --sort -committerdate --format %(refname) %(objectname) %(*objectname) [174ms]
2024-09-22 07:00:32.873 [info] > git config --get commit.template [13ms]
2024-09-22 07:00:32.938 [info] > git for-each-ref --format=%(refname)%00%(upstream:short)%00%(objectname)%00%(upstream:track)%00%(upstream:remotename)%00%(upstream:remoteref) refs/heads/master refs/remotes/master [13ms]
2024-09-22 07:00:33.007 [info] > git status -z -uall [198ms]
2024-09-22 07:00:38.238 [info] > git remote --verbose [88ms]
2024-09-22 07:00:38.238 [info] > git for-each-ref --sort -committerdate --format %(refname) %(objectname) %(*objectname) [136ms]
2024-09-22 07:00:38.240 [info] > git config --get commit.template [12ms]
2024-09-22 07:00:38.303 [info] > git for-each-ref --format=%(refname)%00%(upstream:short)%00%(objectname)%00%(upstream:track)%00%(upstream:remotename)%00%(upstream:remoteref) refs/heads/master refs/remotes/master [16ms]
2024-09-22 07:00:38.422 [info] > git status -z -uall [234ms]
2024-09-22 07:00:43.718 [info] > git remote --verbose [127ms]
2024-09-22 07:00:43.718 [info] > git for-each-ref --sort -committerdate --format %(refname) %(objectname) %(*objectname) [193ms]
2024-09-22 07:00:43.723 [info] > git config --get commit.template [15ms]
2024-09-22 07:00:43.792 [info] > git for-each-ref --format=%(refname)%00%(upstream:short)%00%(objectname)%00%(upstream:track)%00%(upstream:remotename)%00%(upstream:remoteref) refs/heads/master refs/remotes/master [17ms]
2024-09-22 07:00:43.849 [info] > git status -z -uall [202ms]
2024-09-22 07:00:49.123 [info] > git remote --verbose [113ms]
2024-09-22 07:00:49.124 [info] > git for-each-ref --sort -committerdate --format %(refname) %(objectname) %(*objectname) [162ms]
2024-09-22 07:00:49.246 [info] > git config --get commit.template [65ms]
2024-09-22 07:00:49.248 [info] > git for-each-ref --format=%(refname)%00%(upstream:short)%00%(objectname)%00%(upstream:track)%00%(upstream:remotename)%00%(upstream:remoteref) refs/heads/master refs/remotes/master [11ms]
2024-09-22 07:00:49.251 [info] > git status -z -uall [180ms]
2024-09-22 07:00:54.563 [info] > git remote --verbose [144ms]
2024-09-22 07:00:54.563 [info] > git for-each-ref --sort -committerdate --format %(refname) %(objectname) %(*objectname) [207ms]
2024-09-22 07:00:54.567 [info] > git config --get commit.template [15ms]
2024-09-22 07:00:54.631 [info] > git for-each-ref --format=%(refname)%00%(upstream:short)%00%(objectname)%00%(upstream:track)%00%(upstream:remotename)%00%(upstream:remoteref) refs/heads/master refs/remotes/master [11ms]
2024-09-22 07:00:54.680 [info] > git status -z -uall [203ms]
